idTram,day_pct_fluid,day_pct_congested,day_traffic_volatility,day_sensor_uptime_pct,evening_pct_fluid,evening_pct_congested,evening_traffic_volatility,evening_sensor_uptime_pct,night_pct_fluid,night_pct_congested,night_traffic_volatility,night_sensor_uptime_pct
1,0.6657987162407654,0.011384280004844375,0.7490726961983254,0.9832102881638486,0.9819819819819819,0.0,0.5362762454269686,0.958963282937365,0.9741014799154334,0.0,0.4779860272856103,0.4139138044191643
2,0.9367627987401964,0.0,0.43528690580372575,0.9640985949035484,0.9749124854142357,0.0,0.5444730006562365,0.7403887688984881,0.989237668161435,0.0,0.48603799598020136,0.36589367753226865
3,0.9756875,0.00025,0.2191848594797649,0.9526077637532746,0.99407231772377,0.0,0.39280648772853183,0.7287257019438445,0.9988349514563106,0.0,0.5053281635059349,0.2816670312841829
4,0.6753773231882251,0.005862542098041662,0.7469347019809974,0.9546320552512503,0.9015330188679245,0.003537735849056604,0.5392711434624646,0.7326133909287257,0.9950379451255108,0.0002918855808523059,0.5154998858873499,0.3747538831765478
5,0.8938238188976378,0.015563484251968504,0.5425132114344126,0.9678494879733269,0.9715777262180975,0.005220417633410673,0.6109952860425636,0.744708423326134,0.9785229841748304,0.00037678975131876413,0.5669328688418652,0.29030846641872676
6,0.683244305274145,0.0014121692147111193,0.7168283396198352,0.969695165515599,0.9213872832369943,0.0017341040462427746,0.576303354337345,0.7473002159827213,0.9967855055523086,0.0002922267679719462,0.4597680335019078,0.3743163421570772
7,0.9188920630977518,0.003912557446279965,0.5636347278238445,0.9586806382472017,0.9970344009489917,0.0,0.4836568919640488,0.7282937365010799,1.0,0.0,0.4782416919248783,0.20597243491577336
8,0.9246807723150947,0.0,0.51446215644978,0.9651702786377709,0.9912739965095986,0.0,0.5349507278005927,0.742548596112311,1.0,0.0,0.42378177043353327,0.32367096915335813
9,0.7806140537474296,0.001205417287102035,0.772019322658783,0.8396642057632769,0.9688768606224628,0.0013531799729364006,0.5150770384648922,0.6384449244060475,0.9807417974322397,0.008559201141226819,0.5966936562202299,0.15335812732443665
10,0.9458427247683446,6.260956674179814e-05,0.3207606545504871,0.9509407001667064,0.9905548996458088,0.0,0.4728725274612682,0.7317494600431965,0.999000999000999,0.0,0.5019103535876112,0.21898928024502298
11,0.5690814040328603,0.010523457125398874,1.0060553597719633,0.8769349845201239,0.8582995951417004,0.0020242914979757085,0.8202070111627879,0.6401727861771058,0.8227848101265823,0.0,0.9076022929685303,0.15554583242178954
12,0.8602251407129456,0.00040203698740284106,0.7980164596987986,0.8885448916408669,0.9990319457889641,0.0,0.16832809157511894,0.44622030237580995,0.994475138121547,0.003683241252302026,0.29862901664599023,0.059396193393130604
13,0.9942546583850932,0.0013198757763975156,0.36008099756746,0.766849249821386,0.9962779156327544,0.0,0.1641177509939073,0.34816414686825053,0.9620253164556962,0.006329113924050633,0.6370789179450808,0.017282870269087727
14,0.7511298016570425,0.004079839317097665,0.8791680596500734,0.9485591807573232,0.9947145877378436,0.0,0.2519740264101053,0.8172786177105832,0.993594306049822,0.0014234875444839859,0.25218574871288735,0.1536862830890396
15,0.7856252291895857,0.02280894756142281,0.9516704583287648,0.8118004286734937,0.8285163776493256,0.025048169556840076,1.0942417443384511,0.2241900647948164,0.47058823529411764,0.11764705882352941,1.5010586033184332,0.0204550426602494
16,0.7843960290492371,0.0032647078419614896,0.7305299710807038,0.8936056203858062,0.9784366576819407,0.0,0.49522199536038136,0.3205183585313175,0.875,0.006756756756756757,0.8288211940402673,0.03237803544082258
17,0.9976962064199048,0.0,0.4111727466366431,0.7753036437246964,1.0,0.0,0.21875465213077802,0.22332613390928727,0.9753694581280788,0.0,0.5250399752062233,0.0222052067381317
18,0.7843960290492371,0.0032647078419614896,0.7305299710807038,0.8936056203858062,0.9784366576819407,0.0,0.49522199536038136,0.3205183585313175,0.875,0.006756756756756757,0.8288211940402673,0.03237803544082258
19,0.9958531715558286,7.679311933650745e-05,0.42131851572907225,0.7753036437246964,0.9980657640232108,0.0,0.2312333881438446,0.22332613390928727,0.9605911330049262,0.0,0.5786441474752888,0.0222052067381317
20,0.740030627871363,0.012006125574272587,0.7008741984408023,0.971957608954513,0.9915102770330653,0.0,0.5185307305063069,0.9667386609071275,0.9980443285528031,0.000651890482398957,0.30119780003002566,0.3355939619339313
21,0.8303014382347147,0.009982268339134433,0.8007104887026951,0.9065849011669445,0.9621513944223108,0.0013280212483399733,0.5893587505940536,0.6505399568034558,0.9712556732223904,0.0030257186081694403,0.568468043250246,0.07230365346751258
22,0.07508888071594949,0.12915287483143312,0.8599921515455671,0.9713026911169326,0.5756490599820949,0.005371530886302597,0.7686246179370348,0.9650107991360691,0.9466066259247347,0.0,0.6131191646605115,0.3400787573835047
23,0.9362549800796812,0.026193099940662882,0.8022429869760183,0.7023696118123363,0.9168241965973535,0.03780718336483932,0.9388946539525687,0.22850971922246222,0.6428571428571429,0.11538461538461539,1.4374202297886467,0.019908116385911178
24,0.8365906268383555,0.03536178835217988,1.0461084994743044,0.9108716361038343,0.9312320916905444,0.002292263610315186,0.7144306371887758,0.7537796976241901,0.8300907911802854,0.04928664072632944,1.162801820392818,0.0843360315029534
25,0.9955344683226347,0.0,0.3684767903882085,0.42664920219099783,1.0,0.0,0.0,0.013822894168466522,1.0,0.0,0.4409585518440984,0.0009844672938087945
26,1.0,0.0,0.0,0.16027625625148845,1.0,0.0,0.0,0.0695464362850972,1.0,0.0,0.0,0.034893896302778386
27,,,,0.0,,,,0.0,,,,0.0
28,0.9852133160956691,0.0006464124111182935,0.6128731603458699,0.7368421052631579,0.9424703891708968,0.0,1.154203700639122,0.2552915766738661,0.8707653701380176,0.0012547051442910915,1.614561105545142,0.08718004812951215
29,0.4186805599146318,0.01644592304312347,0.7613859868802371,0.9484996427720886,0.9650112866817155,0.002257336343115124,0.6118324564726575,0.7654427645788336,0.9848719937936384,0.0023273855702094647,0.4839332643638786,0.28199518704878584
30,0.7284241531664212,0.028669612174766813,0.9263987392652321,0.6063943796141938,0.9653270291568163,0.005516154452324665,0.5802696606446995,0.5481641468682505,0.8819672131147541,0.029508196721311476,0.9963343512085037,0.10008750820389412
31,0.9311260732596207,0.0028414355426524185,0.6431824652765522,0.9638604429626102,0.9823529411764705,0.002352941176470588,0.4042065794045368,0.734341252699784,0.9860041987403779,0.0,0.35113300077570253,0.15631152920586305
32,,,,0.0,,,,0.0,,,,0.0
33,,,,0.0,,,,0.0,,,,0.0
34,0.0,0.0,0.0,0.005179804715408431,0.0,0.0,0.0,0.005615550755939525,,,,0.0
35,0.9733873480835151,0.00542224992209411,0.6209896711217212,0.9552869730888307,0.9872159090909091,0.0014204545454545455,0.3271286113316102,0.608207343412527,0.9730820995962315,0.005383580080753701,0.4936427669794188,0.08127324436665938
36,0.9853170478170478,0.005717255717255718,0.4436760083182009,0.4582043343653251,1.0,0.0,0.0,0.022030237580993522,0.9666666666666667,0.016666666666666666,0.598258443539334,0.01312623058411726
37,0.6915529870304415,0.06578858947651367,1.162014699152024,0.8859847582757799,0.7225512528473804,0.015945330296127564,1.0352541133717907,0.9481641468682506,0.8310957124296232,0.0166017034791396,0.9613011354929905,0.7577116604681688
38,0.9913560237709347,0.0,0.17167861551374144,0.33061443200762086,1.0,0.0,0.11968388877464228,0.1490280777537797,1.0,0.0,0.0861921574873035,0.07317873550645373
39,0.6879368947604695,0.00038478804591804015,0.8158439644275418,0.9283758037628007,1.0,0.0,0.46921777778782203,0.6198704103671706,0.9786223277909739,0.0,0.49907062394164337,0.09210238459855612
40,0.4572079401236577,0.10380735437683046,1.0911830176071877,0.5488806858775899,0.9968944099378882,0.0,0.31738019422564717,0.5563714902807776,0.9981046247156937,0.0,0.43820675892626176,0.28855830234084445
41,0.8832944832944833,0.004506604506604507,0.6383420281813373,0.7662538699690402,0.9876195835678109,0.0011254924029262803,0.5187892086141968,0.7676025917926566,0.988458927359131,0.003054989816700611,0.3658371125089201,0.32224896084007876
42,0.7908067542213884,0.015791119449656034,0.7338060153585656,0.7616099071207431,0.9988681380871534,0.0,0.5037059958196078,0.7632829373650108,0.9995274102079396,0.0,0.3068382607070026,0.23145919929993436
43,0.8333333333333334,0.010878010878010878,0.7334716368478152,0.7662538699690402,0.9842431063590321,0.004501969611705121,0.5514391231050318,0.7676025917926566,0.9864222674813307,0.00373387644263408,0.38848224718781355,0.32224896084007876
44,,,,0.0,,,,0.0,,,,0.0
45,0.9374063700905361,0.0026704878525369634,0.5231378378011287,0.9140866873065016,0.9616182572614108,0.001037344398340249,0.4909394372936141,0.416414686825054,0.8788410886742757,0.007462686567164179,0.661065934707753,0.24917961058849267
46,,,,0.0,,,,0.0,,,,0.0
47,0.9883605581641426,0.0,0.39278913573060603,0.9002738747320791,0.9893730074388948,0.0,0.43225848853313104,0.4064794816414687,0.9712328767123287,0.0013698630136986301,0.4747230452228752,0.23955370816014002
48,,,,0.0,,,,0.0,,,,0.0
49,0.8347396335583414,0.009341851494696239,0.582637488356636,0.9878542510121457,0.9829396325459318,0.006124234470691163,0.6039614846425284,0.9874730021598273,0.9830690098585512,0.0017145306472353193,0.39874288431399524,0.5103915992124262
50,0.6818668379362021,0.02618996645971598,0.8550239669015696,0.8343057870921649,0.9598944591029024,0.0063324538258575196,0.6529741143326552,0.8185745140388769,0.9778729478943612,0.006780870806566738,0.48775165536325715,0.306497484139138
51,,,,0.0,,,,0.0,,,,0.0
52,,,,0.0,,,,0.0,,,,0.0
53,,,,0.0,,,,0.0,,,,0.0
54,0.9480652426124343,0.0006824541049614413,0.6747926711030877,0.8724100976422958,0.9887278582930756,0.0,0.29701040640525184,0.536501079913607,0.9208860759493671,0.0,0.7664543564298237,0.03456574053817545
55,,,,0.0,,,,0.0,,,,0.0
56,,,,0.0,,,,0.0,,,,0.0
57,0.23838743326992698,0.08572129839847825,1.0556428839625318,0.9702905453679448,0.8352941176470589,0.0022624434389140274,0.7734722236314563,0.9546436285097192,0.986318407960199,0.0008291873963515755,0.4472723451545035,0.26383723474075693
58,0.23838743326992698,0.08572129839847825,1.0556428839625318,0.9702905453679448,0.8352941176470589,0.0022624434389140274,0.7734722236314563,0.9546436285097192,0.986318407960199,0.0008291873963515755,0.4472723451545035,0.26383723474075693
59,,,,0.0,,,,0.0,,,,0.0
60,0.7247631492976152,0.04336818033322443,0.9614605191663825,0.7289830912121934,0.9462004034969738,0.0,0.5813011834980077,0.6423326133909287,0.8991666666666667,0.0,0.6895061644890619,0.2625246116823452
61,0.9550318550132987,0.0017319230531329252,0.6118353525352316,0.9625506072874493,0.9892252437147255,0.0,0.3432217321802612,0.8419006479481641,0.9679926840420667,0.0,0.4346051674556767,0.23922555239553708
62,0.3020977339664603,0.0014425677706317245,2.1051112021127913,0.9905334603477018,0.38004434589800445,0.0,2.392554915335277,0.9740820734341252,0.2273876404494382,0.0,2.089605293115724,0.7788230146576242
63,0.9348212643325771,0.00012263167576184928,0.5690990278334425,0.9710050011907597,0.9903339191564148,0.0,0.5606980279347394,0.9831533477321814,0.9838912660458092,0.0,0.5693327621550494,0.434587617589149
64,1.0,0.0,0.0,0.057513693736603956,1.0,0.0,0.0,0.013822894168466522,1.0,0.0,0.0,0.011047910741632028
65,0.9620805157049864,0.004044744991468116,0.6228521207723777,0.9420695403667539,0.9615384615384616,0.011121408711770158,0.6463083694357619,0.9321814254859612,0.9492074927953891,0.007564841498559078,0.6314743844581164,0.3036534675125793
66,0.997674959311788,0.0,0.057042680580382525,0.2560728744939271,1.0,0.0,0.13581232961953907,0.11533477321814255,1.0,0.0,0.08481722578255523,0.06049004594180704
67,0.7460096411355115,0.04317086234600964,0.8682762930578394,0.5557870921648012,0.9897003745318352,0.0,0.45690481400744615,0.4613390928725702,0.9992880028479886,0.0,0.41958604896415064,0.30726318092321153
68,0.9969304438578181,0.0,0.05532072079689436,0.9698142414860681,1.0,0.0,0.0,0.4120950323974082,1.0,0.0,0.0,0.19590899146795013
69,0.8553083740278531,0.024296135527822994,0.6740649347260417,0.9875565610859729,0.9899057873485868,0.0,0.40791681526104034,0.6419006479481641,0.9994523548740416,0.0,0.49191121801382715,0.3994749507766353
70,0.7523709816479862,0.0,0.6745973976787117,0.9667778042391045,0.9795296167247387,0.0,0.5215332740717101,0.991792656587473,0.9915081521739131,0.0,0.33247929442665,0.6440603806606869
71,0.7527593818984547,0.00766494971792985,0.7973019779735503,0.9709454632055251,0.9796183868169991,0.0,0.5280206733024161,0.9961123110151188,0.9915211124300491,0.0,0.33367216323296084,0.6450448479544957
72,0.9885775003320494,0.0003984592907424625,0.5612755918819123,0.8965229816623006,0.9993646759847522,0.0,0.3731722540525915,0.6799136069114471,0.9969072164948454,0.0,0.3075410726864724,0.10610369722161453
73,0.7072376659153519,0.050901577761081895,0.8756588038235801,0.9509407001667064,0.9985493230174082,0.0,0.34232505013274017,0.8933045356371491,0.99721687004924,0.00021408691928923143,0.4738956495351661,0.5109385254867644
74,0.9868939339683449,0.0004297070830050849,0.5856680913880002,0.8313288878304358,0.9916129032258064,0.0,0.5524136799725177,0.6695464362850972,0.9444444444444444,0.0,1.1283492312407566,0.10632246773134982
75,0.7043721403152008,0.051220132180986276,0.8818091019746133,0.9368897356513456,0.9927007299270073,0.0,0.46576227423358135,0.8876889848812095,0.9863130881094953,0.000213857998289136,0.6772554536997901,0.5114854517611026
76,,,,0.0,,,,0.0,,,,0.0
77,0.0,0.0,0.0,0.004346272922124315,0.0,0.0,0.0,0.004319654427645789,0.0,0.0,0.0,0.0042660249398381095
78,0.0,0.0,0.0,0.004346272922124315,0.0,0.0,0.0,0.004319654427645789,0.0,0.0,0.0,0.0042660249398381095
79,0.0,0.0,0.0,0.004346272922124315,0.0,0.0,0.0,0.004319654427645789,0.0,0.0,0.0,0.0042660249398381095
80,0.0,0.0,0.0,0.004346272922124315,0.0,0.0,0.0,0.004319654427645789,0.0,0.0,0.0,0.0042660249398381095
81,0.9731523378582202,0.0,0.6104750334533742,0.9868421052631579,0.9956101843722563,0.0,0.38048580642152896,0.9840172786177106,0.9879484304932735,0.0,0.5323803735140027,0.39028658936775323
82,0.7222875048962005,0.009400705052878966,0.8161460647367397,0.45600142891164563,0.8162217659137577,0.01026694045174538,0.8646959993306754,0.42073434125269976,0.7989749430523918,0.04783599088838269,1.255834658699484,0.19208050754758257
83,0.28946070371588295,0.11303847418612299,1.0479185380371698,0.724220052393427,0.7457024303497333,0.03793716656787196,0.9342223535805115,0.7287257019438445,0.9273311897106109,0.04983922829581994,0.9575331347136623,0.3401881426383723
84,0.8655673787669563,0.0004061408496466575,0.4690693442998818,0.7329721362229102,0.9976428992339422,0.0,0.5022595733954592,0.7330453563714903,0.9996759559300065,0.0,0.1921769774451872,0.3375628965215489
85,0.43480046546649326,0.11143815456225614,1.1796642804321287,0.8697904262919742,0.9854178351093662,0.0005608524957936063,0.4923781090196571,0.770194384449244,0.9811954331766286,0.0047011417058428475,0.47842921060230403,0.1628746444979217
86,0.8450912314397577,0.0024377631676146855,0.7676155210434014,0.8059657061205049,0.9934426229508196,0.0006557377049180328,0.3299083975800792,0.6587473002159827,0.820476858345021,0.009817671809256662,0.872447729605524,0.07799168672063006
87,0.9245579567779961,0.003929273084479371,0.6607399006536437,0.3030483448440105,0.9778645833333334,0.0,0.48162678841639955,0.33174946004319655,0.9898853674983142,0.004720161834120027,0.530919628903586,0.16221833296871582
88,0.7702610824041338,0.04358172423171063,0.8264256275912116,0.8756846868301976,0.9630723781388478,0.005908419497784343,0.4791450037912526,0.8773218142548597,0.9948550046772685,0.0012472715933894605,0.4413312086692553,0.7015970247210676
89,0.9706828995242094,0.004268122026308424,0.6981128600660295,0.8509168849726125,0.9840637450199203,0.0008853474988933156,0.6729935610632284,0.9758099352051836,0.9791896869244936,0.0023941068139963165,0.6188916704378422,0.593961933931306
90,0.9706828995242094,0.004268122026308424,0.6981128600660295,0.8509168849726125,0.9840637450199203,0.0008853474988933156,0.6729935610632284,0.9758099352051836,0.9791896869244936,0.0023941068139963165,0.6188916704378422,0.593961933931306
91,0.9313337727971874,0.0008789277081960009,0.5879058387294469,0.5419147416051441,0.9886914378029079,0.0,0.34894126089112937,0.5347732181425486,0.9779411764705882,0.0,0.36618522564463213,0.17851673594399475
92,0.9621393545444178,0.003079028395484092,0.4761685248016994,0.5220885925220291,0.9977349943374858,0.0,0.450777990941926,0.38142548596112313,0.9888392857142857,0.0,0.37828142440497403,0.04900459418070444
93,0.7395073620476125,0.031030686665749277,0.8949126172814846,0.8653250773993808,0.7306292251690067,0.23556942277691106,1.6659163095798377,0.8306695464362851,0.674502712477396,0.16636528028933092,1.6085420425774952,0.18147013782542112
94,0.537940379403794,0.028252032520325203,0.9018566205472006,0.8787806620623958,0.8610709117221418,0.004341534008683068,0.8699516605911163,0.895464362850972,0.7632325141776938,0.011814744801512287,1.0524653035278757,0.23145919929993436
95,1.0,0.0,0.13305869845498888,0.8751488449630864,1.0,0.0,0.022156669801465245,0.879913606911447,1.0,0.0,0.0,0.4268212644935463
96,0.30612244897959184,0.5641869651086241,1.3739313839474092,0.09043819957132651,0.3939393939393939,0.12727272727272726,1.0356541184523231,0.07127429805615551,0.9290780141843972,0.0,0.6633982601974462,0.04626996280901335
97,0.5869617368357922,0.03196593498860501,0.7628826759796563,0.9927363658013812,0.9661016949152542,0.0,0.5455573180307989,0.9939524838012959,0.9533826994278021,0.0006731740154830024,0.5953480660531127,0.6499671844235397
98,0.6454628780934922,0.06452795600366636,1.0045887229001262,0.9743391283638961,0.9959532374100719,0.0013489208633093526,0.5049102015804232,0.9606911447084233,0.9979711451758341,0.0006762849413886385,0.3663980304675387,0.48523299059286806
99,0.88912964969303,0.002527988443481401,0.5473018047125219,0.9891640866873065,0.9978373702422145,0.0,0.5041248288453947,0.9987041036717063,0.9989457037427517,0.0,0.14131423725659495,0.41500765696784075
100,0.9677555703158022,0.0027776100477024334,0.583951126937432,0.9860085734698738,0.9960299955888839,0.0,0.17901450583771336,0.9792656587473002,0.9970257766027759,0.0,0.1857594222529798,0.33099978122949025
101,0.946236559139785,0.0011648745519713263,0.46268914544924966,0.664443915217909,0.9992565055762082,0.0,0.5041187238462207,0.5809935205183585,0.9985096870342772,0.00037257824143070045,0.4008435009624543,0.2935900240647561
102,0.9620541360991652,0.0008221603845180876,0.39009440151171704,0.9414146225291736,0.9993662864385298,0.0,0.5009901764936734,0.6816414686825054,0.9986970684039088,0.0003257328990228013,0.46109522137304426,0.3358127324436666
103,0.8382915689421059,0.0,0.5506564260435419,0.9646344367706596,0.9947113265755839,0.0,0.501412863868715,0.9801295896328294,0.9996688741721854,0.0,0.13619339216659773,0.3303434697002844
104,0.9748709756696977,0.0018432047186040796,0.5878754427619033,0.9690402476780186,0.9982214317474433,0.0,0.1706333723692667,0.9714902807775379,0.9934613812832039,0.0,0.1775817245035043,0.2676657186611245
105,0.99159766195811,0.0,0.5209655723490836,0.9778518694927364,0.9995654063450674,0.0,0.17311833049010367,0.9939524838012959,1.0,0.0,0.05239863621808796,0.5563334062568366
106,0.9913809139951634,6.200781298443604e-05,0.5061038144460315,0.9601690878780662,1.0,0.0,0.25377390214814893,0.8807775377969762,0.9984894259818731,0.0,0.1459972649463657,0.21723911616714067
107,0.9022266115999281,8.97827258035554e-05,0.4291091050935142,0.6631340795427483,0.997946611909651,0.0,0.5024659545477146,0.6311015118790497,0.9931506849315068,0.0,0.35486322348272936,0.31940494421352
108,0.9017889410914348,9.035056017347308e-05,0.43025954604078337,0.6589664205763277,0.9979324603721571,0.0,0.502635937831889,0.6267818574514039,0.9931200550395597,0.0,0.3544719747662453,0.3179829359002406
109,0.9095890410958904,8.302200083022001e-05,0.41274371601465376,0.717135032150512,0.9980066445182725,0.0,0.5042119547787106,0.6501079913606912,0.9933043187144291,0.0,0.37383395947890913,0.3267337562896522
110,0.9470245339824482,0.0030106975850361923,0.6099261409560842,0.9294474874970231,0.9954838709677419,0.0,0.27352172870018676,0.6695464362850972,0.9560246262093228,0.0,0.5577004276423464,0.12437103478451104
111,0.5930401159980667,0.015889318511358143,0.8897683793504052,0.9854727316027626,0.3718897108271688,0.013449899125756557,0.6655739095946147,0.6423326133909287,0.31225889412773256,0.0004286326618088298,0.6292435322653737,0.5103915992124262
112,0.9150295287453296,0.016210678558515126,0.6188643373155682,0.9879733269826149,0.9821894005212859,0.002172024326672459,0.556252211763852,0.9943844492440604,0.991236611489776,0.0,0.41318200057346033,0.5616932837453511
113,0.7915915915915915,0.0015015015015015015,0.6597248811838746,0.39652298166230054,0.9935897435897436,0.0,0.3959883272726193,0.4043196544276458,0.9986818980667839,0.0,0.18590100652031197,0.24896084007875738
114,0.7780474145977226,0.0018667164457718873,0.588226450560939,0.31894498690164325,0.9914407988587732,0.0,0.44926405413779785,0.30280777537796977,0.9994229659549914,0.0,0.19851169812086092,0.18956464668562678
115,0.8911328871892925,0.0026290630975143404,0.48518850090804083,0.4982138604429626,1.0,0.0,0.49086120750304396,0.5049676025917926,0.9978614200171086,0.0,0.306630556751654,0.2557427258805513
116,0.8949311023622047,0.0027066929133858267,0.4549600656113221,0.48392474398666346,1.0,0.0,0.4921828124478768,0.49114470842332614,0.9978156400174749,0.0,0.3038071037510184,0.2503828483920367
117,0.9968580218629312,0.0,0.07052253194874546,0.9095618004286735,0.985539488320356,0.0,0.11944570081585451,0.3883369330453564,0.9785258270458502,0.0,0.14707331355727077,0.18847079413695034
118,0.07343124165554073,0.0,1.0434031936308479,0.9810669206954037,0.03345724907063197,0.0,0.7194764255050825,0.9295896328293737,0.015358771298296136,0.0,0.4919283438007634,0.9116167140669438
119,0.9871211635804447,0.0,0.47863431435800863,0.9292093355560848,0.9995215311004785,0.0,0.12102483960963682,0.9028077753779697,0.9993853718500307,0.0006146281499692685,0.12126712492755254,0.17796980966965653
120,0.8414536985965557,0.0045351473922902496,0.5585856409038107,0.9714813050726363,0.9637712789175032,0.0013094718463553033,0.4588135715839334,0.9896328293736502,0.9910984511304967,0.0,0.4802694597048383,0.6144169765915555
121,0.8334251269812128,0.006670338412581849,0.7092949234055621,0.9729102167182663,0.987783595113438,0.0,0.5281377671142033,0.9900647948164147,0.9892051030421982,0.0004906771344455348,0.4464688215328616,0.6687814482607745
122,0.951214300975714,0.002421479951570401,0.3724572773456491,0.8359728506787331,0.9852112676056338,0.0,0.4543165608956977,0.6133909287257019,0.9907610017019207,0.0007293946024799417,0.49838730319571234,0.44990155327061915
123,0.852370424957013,0.007123556865634979,0.6046638049387653,0.9695165515598952,0.9750656167979003,0.0030621172353455816,0.5675391232815076,0.9874730021598273,0.9947494033412888,0.0,0.3617767779887779,0.6874863268431416
124,0.9776878914405011,0.00013048016701461377,0.733110775375232,0.9125982376756371,0.9848812095032398,0.0,0.6621464515840787,0.8,0.9261363636363636,0.002840909090909091,1.2349394311200506,0.11551082914023189
125,0.9218115087167388,0.0,0.7709165979511824,0.9084305787092165,0.9799392097264438,0.0,0.6122792874125761,0.7105831533477321,0.9454855195911414,0.0005678591709256105,0.9090272808252791,0.1926274338219208
126,0.9363929146537843,6.709608158883521e-05,0.5919536749469487,0.8873541319361753,0.9360902255639098,0.0,0.5315007681293645,0.6894168466522678,0.8031430934656741,0.0,0.809694071552646,0.1322467731349814
127,0.9362275852770662,6.741270055278414e-05,0.5922428045847173,0.8831864729697547,0.9357682619647355,0.0,0.5326795603763875,0.6859611231101512,0.8028169014084507,0.0,0.81006245520603,0.1320280026252461
128,0.9363929146537843,6.709608158883521e-05,0.5919536749469487,0.8873541319361753,0.9360902255639098,0.0,0.5315007681293645,0.6894168466522678,0.8031430934656741,0.0,0.809694071552646,0.1322467731349814
129,0.9235043848224364,0.0018233915082052619,0.6705904277200294,0.685698975946654,0.977519941986947,0.0,0.39255815881558115,0.5956803455723542,0.896414342629482,0.027091633466135457,0.9261838805375968,0.137278494858893
130,0.9235043848224364,0.0018233915082052619,0.6705904277200294,0.685698975946654,0.977519941986947,0.0,0.39255815881558115,0.5956803455723542,0.896414342629482,0.027091633466135457,0.9261838805375968,0.137278494858893
131,0.8812881993417959,0.034908321579689705,0.9171377119167514,0.5065491783758037,0.8970212765957447,0.03914893617021276,0.9920573330219427,0.5075593952483801,0.869497346237902,0.04370902279113331,1.0506297966849931,0.3503609713410632
132,0.03353401565322095,0.6101143889223359,0.8515037871248406,0.9889259347463681,0.12914485165794065,0.056282722513089,0.818028939463855,0.9900647948164147,0.4321071752951862,0.006244323342415986,1.032950782088264,0.963465324874207
133,0.9706717914438503,0.012366310160427808,0.6252767416058386,0.7125506072874493,0.9913978494623656,0.002150537634408602,0.33139965644994673,0.20086393088552915,0.954954954954955,0.02252252252252252,0.7328978672047554,0.048567053161233865
134,0.7400799314872966,0.07465029974307737,1.1738374083865062,0.4171231245534651,0.5616438356164384,0.023744292237442923,0.8786847272007935,0.47300215982721383,0.8565687013313238,0.009294147199196181,0.8186748037586109,0.43546269962809014
135,,,,0.0,,,,0.0,0.0,0.0,0.0,0.0018595493327499453
136,,,,0.0,,,,0.0,0.0,0.0,0.0,0.0018595493327499453
137,0.8188494492044064,0.0036719706242350062,0.5628716242663839,0.048642533936651584,0.6153846153846154,0.0,0.5980174172288312,0.016846652267818573,0.5526315789473685,0.02631578947368421,0.8193950514590745,0.004156639684970466
138,0.8351893095768375,0.0033407572383073497,0.541377007743666,0.053465110740652536,0.6511627906976745,0.0,0.5830761970838446,0.018574514038876888,0.6136363636363636,0.022727272727272728,0.7910706743643858,0.004812951214176329
139,0.8351893095768375,0.0033407572383073497,0.541377007743666,0.053465110740652536,0.6511627906976745,0.0,0.5830761970838446,0.018574514038876888,0.6136363636363636,0.022727272727272728,0.7910706743643858,0.004812951214176329
140,0.9910075359381927,0.0,0.39976156755854425,0.9401643248392474,0.9994780793319415,0.0,0.48512404576550716,0.827645788336933,0.979,0.0,0.4237850833836051,0.2187705097352877
141,0.9908192984677726,0.0,0.40373668262724133,0.9403429387949512,0.9994780793319415,0.0,0.48512404576550716,0.827645788336933,0.979,0.0,0.4237850833836051,0.2187705097352877
142,0.572998046875,0.02197265625,0.8037891589180214,0.9754703500833531,0.9083735203857957,0.00657606313020605,0.6385251567576596,0.9853131749460043,0.9774214659685864,0.0008180628272251309,0.5451925367511101,0.6685626777510392
143,0.47270330197159466,0.00011985377839036375,0.8367117477669657,0.9935103596094308,0.9701686121919585,0.0,0.368874505502381,0.9991360691144708,0.9970409823938452,0.00014795088030773783,0.42104921075834395,0.7393349376504047
144,0.9421735994229382,0.0019235393123346958,0.481222968437198,0.9904739223624672,0.9973509933774835,0.0,0.5056525701706048,0.978401727861771,0.9996912627354122,0.0,0.2472323388699823,0.7085976810325968
145,0.530113189274257,0.000726348284002179,0.6170728589648028,0.9836270540604906,0.9838216003498033,0.0,0.3809318149475939,0.9879049676025918,0.9993120528343423,0.0,0.3794515631982839,0.7950120323780354
146,0.0,0.0,0.0,0.0006549178375803762,,,,0.0,,,,0.0
147,0.8964861715827559,0.014288342429631446,0.535044627235837,0.9708859252202905,0.985876993166287,0.0009111617312072893,0.39828952386931926,0.9481641468682506,0.9844036697247707,0.0,0.5422224933006871,0.47691971122292715
148,0.8854765691912394,0.000795301602838615,0.5972545653857995,0.9732079066444391,0.9782608695652174,0.0,0.5558281301017424,0.8742980561555076,0.9055533036076205,0.0016214025131738954,0.7245010540113868,0.2698534237584774
149,0.8961958844721255,0.014166208707333455,0.5413824297671781,0.9750535841867112,0.9859410430839002,0.0009070294784580499,0.39747542761454613,0.9524838012958964,0.9844393592677345,0.0,0.5421316991730137,0.4780135637716036
150,0.8858436314694726,0.000795301602838615,0.5924310279169115,0.9732079066444391,0.9782608695652174,0.0,0.5558281301017424,0.8742980561555076,0.9055533036076205,0.0016214025131738954,0.7245010540113868,0.2698534237584774
151,0.764872010575652,0.01321956495613508,0.6847384599756058,0.9908311502738747,0.8481894150417827,0.0,0.40882301465991056,0.6203023758099352,0.8628083928983168,0.0,0.4919808323021418,0.4744038503609713
152,0.7076434288507363,0.0026883362864300116,0.7930176131530685,0.9744582043343654,0.9969176574196389,0.0,0.5032778957353663,0.9809935205183585,0.9900034079291151,0.005225491309780756,0.39147448508866056,0.9629183985998687
153,0.9397532350285887,0.0007824255191092387,0.6158411296962146,0.9892236246725411,0.9921773142112125,0.000434593654932638,0.3013589637376601,0.9939524838012959,0.9996598253770269,0.0,0.1621669876992153,0.964668562677751
154,0.581435010354489,0.0021927153124619322,0.7622605108970631,0.9774946415813289,0.9783377541998232,0.0,0.4861527423900483,0.9771058315334773,0.9957351290684624,0.0004489337822671156,0.3408823588836166,0.9746226208707066
155,0.9908719673312515,0.0,0.3054953057487605,0.9914265301262205,0.9943181818181818,0.0,0.2539413588957434,0.7602591792656588,0.9963503649635036,0.0,0.48733885450953235,0.659374316342157
156,0.9408808042125418,0.009514121589277166,0.581191487032078,0.9949988092402953,0.9847494553376906,0.0010893246187363835,0.5276836856744233,0.7930885529157667,0.9939945757458349,0.00019372336303758234,0.44510018613006025,0.5646466856267776
157,0.8077807357212003,0.01276621490803485,0.760588825392355,0.9840438199571326,0.9868536371603857,0.0026292725679228747,0.2664279029250011,0.9857451403887689,0.9974226804123711,0.0,0.4825281992415417,0.7215051411069788
158,0.5173564753004005,0.2604078164825828,1.372301924105251,0.9810669206954037,0.9582050153981522,0.015398152221733392,0.5214530861982623,0.9818574514038877,0.9925963107039779,0.002007780148073786,0.43861413253781484,0.8716910960402537
159,0.6210202604920405,0.001085383502170767,0.5814502977610223,0.9873779471302692,0.8730434782608696,0.0,0.46139544181792186,0.9935205183585313,0.9870220162224798,0.0002317497103128621,0.5375303959832618,0.9439947495077664
160,0.7209050350541746,0.00031867431485022306,0.6174492925741819,0.9341509883305549,0.934322986954566,0.0,0.6034116682111511,0.9602591792656587,0.965619442797866,0.0,0.5248191648089809,0.7381316998468607
161,0.7238844137578315,0.0003196522183863956,0.5743208102013398,0.931293165039295,0.934322986954566,0.0,0.6034116682111511,0.9602591792656587,0.965619442797866,0.0,0.5248191648089809,0.7381316998468607
162,0.6183173195368318,0.012626262626262626,1.162257614519395,0.9666587282686354,0.6248830682881198,0.00420954162768943,1.2724661501598495,0.9235421166306695,0.5110441767068273,0.0,1.2821413068069896,0.5447385692408663
163,0.9889905987135081,6.185056902523504e-05,0.479520268428068,0.962610145272684,0.9982300884955753,0.0,0.5014903337596137,0.9762419006479481,0.9954863461972466,0.0,0.4284905215864308,0.48468606431852984
164,0.5823634460250016,0.04852515548987007,1.2769135751148633,0.9668373422243391,0.598690364826941,0.014499532273152479,1.3395148346190222,0.9235421166306695,0.48442837050431986,0.0,1.3547542547355529,0.5444104134762634
165,0.996539364726239,6.179705846001731e-05,0.47769115217919406,0.9634436770659681,1.0,0.0,0.49777856249472946,0.9762419006479481,0.999774011299435,0.0,0.301536371682169,0.484029752789324
166,0.9658212560386473,0.00012077294685990338,0.49566702221827913,0.9859490354846392,0.9668691330756488,0.0,0.6424050917353342,0.7822894168466523,0.9753577106518283,0.0001987281399046105,0.5133051236243977,0.5504266024939838
167,0.981167723061921,0.0,0.5650515973372485,0.9768992617289831,0.9899650959860384,0.0,0.5919677253322941,0.9900647948164147,0.9987205004264998,0.0,0.24743562624922555,0.7694158827390067
168,0.9839975845410628,0.00012077294685990338,0.5621098368542452,0.9859490354846392,0.9830786026200873,0.0,0.6155933017642354,0.7913606911447084,0.9909484454939,0.0001967729240456513,0.45666717610437835,0.555895865237366
169,0.9672729484761847,0.0,0.6090803696621124,0.978744939271255,0.981239092495637,0.0,0.6065983752251899,0.9900647948164147,0.9980096673301109,0.00014216661927779356,0.2534703608099988,0.7694158827390067
170,0.8601419634263715,0.029595765158806544,0.7701613125782324,0.9897594665396523,0.9626411815812337,0.005647263249348393,0.6171126935066018,0.9943844492440604,0.97682570593963,0.0005842259006815969,0.46943784589165743,0.5616932837453511
171,0.967149819608836,0.00018988543578707514,0.6374330940330314,0.9406406287211241,0.9674012855831038,0.0,0.5403837568270267,0.9408207343412527,0.9864904552129222,0.0,0.25196803238705656,0.37245679282432725
172,0.9682137655923511,0.00018995757614132845,0.6158767615608425,0.9402834008097166,0.9674012855831038,0.0,0.5403837568270267,0.9408207343412527,0.9864904552129222,0.0,0.25196803238705656,0.37245679282432725
173,0.8218390804597702,0.0,1.535009901698489,0.010359609430816862,1.0,0.0,0.0,0.0008639308855291577,1.0,0.0,0.0,0.0014220083132793699
174,0.8218390804597702,0.0,1.535009901698489,0.010359609430816862,1.0,0.0,0.0,0.0008639308855291577,1.0,0.0,0.0,0.0014220083132793699
175,0.988616302428928,6.087538808059901e-05,0.46082996275630744,0.9780304834484401,1.0,0.0,0.2174060906807392,0.9904967602591793,0.9990335829910606,0.00012080212611741966,0.27459771986296183,0.9054911397943557
176,0.9871638885509186,6.0834651417447376e-05,0.49619296729740503,0.9786854012860204,1.0,0.0,0.2174060906807392,0.9904967602591793,0.9990335829910606,0.00012080212611741966,0.27459771986296183,0.9054911397943557
177,0.7773329774931056,0.0007116804554754915,0.6090088104276796,0.66926649202191,0.9238461538461539,0.0007692307692307692,0.36361668013071685,0.5615550755939525,0.9926331298673964,0.0006314460113660282,0.4782694323886376,0.5196893458761759
178,0.7336980499426454,0.044648372010941496,0.8853275309734565,0.6747439866634913,0.9664769133459835,0.003795066413662239,0.4683464887605073,0.6829373650107992,0.990443686006826,0.0,0.508783779104838,0.6409975935243929
179,0.9730098855359001,0.00013007284079084288,0.7908679910181659,0.9154560609668969,0.979536887452881,0.0,0.7484296566539119,0.8021598272138228,0.8905109489051095,0.002737226277372263,1.505243919571706,0.11988623933493765
180,0.9805302149023449,0.004898059144064165,0.31995944611837024,0.9724339128363896,0.999563128003495,0.0,0.4022206514992256,0.988768898488121,0.9979834192247368,0.0,0.4929023112523604,0.48818639247429446
181,0.8913703119310596,0.01086296880689404,0.6714207603129714,0.9810669206954037,0.8977272727272727,0.0025826446280991736,0.7851989987896434,0.8362850971922247,0.8325991189427313,0.0004195510803440319,1.007019503562118,0.5214395099540582
182,0.9855000619655472,0.003903829470814227,0.5571647661669356,0.9608240057156466,0.9995596653456627,0.0,0.33708992631328344,0.9809935205183585,0.9985213350232361,0.00021123785382340515,0.1467554305462999,0.517829796543426
183,0.9848804064939893,0.003098277357789069,0.5593721874602652,0.9608240057156466,0.9995596653456627,0.0,0.33708992631328344,0.9809935205183585,0.9985213350232361,0.0,0.13402955119084517,0.517829796543426
184,0.9164684898929846,0.008100475624256837,0.6742798454275492,0.8011431293165039,0.9698443579766537,0.0,0.4822814637772616,0.44406047516198704,0.9830070188400444,0.0003694126339120798,0.7175944720966759,0.29610588492671186
185,0.9806991988346686,0.0,0.4819094145860378,0.653965229816623,0.9984662576687117,0.0,0.03916302249939366,0.2816414686825054,1.0,0.0,0.0,0.13716910960402537
186,0.8894300518134715,0.017409326424870468,0.7186854635443549,0.5745415575136937,0.9717444717444718,0.0,0.28253920560982576,0.3516198704103672,0.9950650515926425,0.00044863167339614175,0.5017642304878225,0.24381973309997812
187,0.5992606956732517,0.0,1.95266285864111,0.9824958323410335,0.394646533973919,0.0,1.9553288281256147,0.6293736501079914,0.25333907798362776,0.0,1.7398813480369184,0.5077663530956027
188,0.9195052212829438,0.0006215813028344107,0.5229458019797768,0.9578471064539176,0.9707933740191804,0.0,0.5214082997112067,0.9909287257019438,0.9901960784313726,0.0,0.43493819486731006,0.3681907678844892
189,0.9085272269629812,0.0033765117564000247,0.39943120511827196,0.9698142414860681,0.9959785522788204,0.0008936550491510277,0.4295518590795562,0.9667386609071275,0.998177178271965,0.0003645643456069996,0.47584894454197385,0.30004375410194706
190,,,,0.0,,,,0.0,,,,0.0
191,,,,0.0,,,,0.0,,,,0.0
192,0.9934567085261071,6.609385327164574e-05,0.5903829201555694,0.9008097165991903,0.9927060539752006,0.0,0.49402936884008863,0.5922246220302376,0.96,0.0,0.9853333861601777,0.10938525486764385
193,0.981195025781013,0.00313416236983116,0.6108290091165339,0.5888902119552274,0.9841666666666666,0.0033333333333333335,0.6531371440948569,0.5183585313174947,0.9692101740294511,0.002008032128514056,0.87582510700308,0.1634215707722599
194,0.9982765477926554,6.628662335940607e-05,0.4990896779751883,0.8981900452488688,1.0,0.0,0.26212027431749635,0.5883369330453564,1.0,0.0,0.131755680771776,0.10533800043754102
195,0.9884774473114044,0.0030529840456962774,0.4881262493953783,0.6045487020719219,0.9925558312655087,0.0033085194375516956,0.4937922250927161,0.5222462203023758,0.9946666666666667,0.0026666666666666666,0.43327260483449304,0.16407788230146575
196,0.998210261169296,6.628662335940607e-05,0.5004565101684888,0.8981900452488688,1.0,0.0,0.26212027431749635,0.5883369330453564,1.0,0.0,0.131755680771776,0.10533800043754102
197,0.9805498410323545,0.0,0.48909225522166055,0.9550488211478924,0.9949610627576729,0.0,0.42685719362501207,0.9429805615550756,0.9937395659432388,0.0,0.2470609264036409,0.2620870706628746
198,0.9864856487508524,0.00030996218461347717,0.38775884953791256,0.9604072398190046,0.9977668602054489,0.0,0.11351632044565906,0.967170626349892,0.9971451876019576,0.0,0.14587794898172107,0.5364252898709254
199,0.9769456040874821,0.0,0.5516150649463699,0.9555251250297689,0.9949610627576729,0.0,0.42685719362501207,0.9429805615550756,0.9937395659432388,0.0,0.2470609264036409,0.2620870706628746
200,0.9775191909345681,0.0009747776288534178,0.2806270762286167,0.9772564896403906,0.9978373702422145,0.00043252595155709344,0.30410536822562345,0.9987041036717063,0.9960427964238605,0.0010259416678880258,0.5148821994573678,0.7463355939619339
201,0.9341299019607843,0.0006127450980392157,0.413547904276221,0.97165991902834,0.9698689956331877,0.0,0.4963973255744346,0.9892008639308856,0.994062119366626,0.0,0.3500896513631744,0.7184423539706848
202,,,,0.0,,,,0.0,,,,0.0
203,0.5468808367575645,0.09948947827169717,1.1409954958977737,0.9562991188378185,0.9006469500924215,0.024029574861367836,0.8944217450028903,0.9347732181425485,0.9007590666291819,0.037109924093337084,0.950091724216159,0.38908335156420915
204,0.9719804307770507,0.00012707287629455492,0.29765211067761227,0.9370683496070493,0.9891732283464567,0.0,0.5178617538357763,0.8777537796976241,0.9871284094391665,0.0,0.4891874378619846,0.35692408663312186
205,0.8482467456315234,0.00973378679488683,0.5865024033946614,0.5076804000952608,0.9794275491949911,0.0,0.5428014681778405,0.48293736501079915,0.9764705882352941,0.006617647058823529,0.5488880062438132,0.29752789323999124
206,0.9995893223819302,0.0003080082135523614,0.36031707978404215,0.5798999761848059,1.0,0.0,0.49612877366069563,0.5602591792656587,0.999673309376021,0.0003266906239790918,0.34003047343102116,0.3348282651498578
207,0.8115129903209374,0.07246561385634233,0.9554872820865857,0.934984520123839,0.915406427221172,0.04395085066162571,0.9103493380406722,0.9140388768898489,0.9391956211327939,0.03081865778200857,0.8583517369549117,0.9192736819076789
208,0.7883263009845288,0.09436133486766399,1.046102887806193,0.931293165039295,0.9110269758637008,0.055844770468528156,0.9627057363250285,0.9127429805615551,0.9375889890840057,0.041765543426673,0.9093138115936993,0.9218989280245024
209,0.9902745995423341,0.0,0.46366722639926744,0.9366515837104072,1.0,0.0,0.1281997800395939,0.9049676025917927,1.0,0.0,0.2488198932113657,0.24261649529643403
210,0.9140277090549233,0.0009896091044037606,0.4464142792908877,0.962610145272684,0.9941912421805184,0.0,0.5100512649551601,0.9667386609071275,0.9839636913767019,0.0,0.39732148422675234,0.7230365346751257
211,0.9594027954256671,0.00012706480304955527,0.5462645373495183,0.9371278875922838,0.9995318352059925,0.0,0.37976218350292695,0.9226781857451404,0.9992090172038758,0.0,0.12265081513752317,0.553161233865675
212,0.7705179282868526,0.010358565737051793,0.6813402736122565,0.14944034293879496,0.9912023460410557,0.0,0.5157515438599893,0.1473002159827214,0.9918478260869565,0.0,0.3002728474312424,0.08050754758258587
213,0.9398406374501992,0.0007968127490039841,0.45536689118539536,0.14944034293879496,0.9970674486803519,0.0,0.49020067849029036,0.1473002159827214,1.0,0.0,0.258681702118537,0.08050754758258587
214,0.9428571428571428,0.0,0.2787487089124337,0.04584424863062634,1.0,0.0,0.2552420710844617,0.04362850971922246,0.9867986798679867,0.0,0.5065954094975642,0.03314373222489608
215,0.9428571428571428,0.0,0.2787487089124337,0.04584424863062634,1.0,0.0,0.2552420710844617,0.04362850971922246,0.9867986798679867,0.0,0.5065954094975642,0.03314373222489608
216,0.991637673197827,0.0,0.41624456341510313,0.9754108120981186,0.999552171965965,0.0,0.3948396238857093,0.9645788336933045,0.9987575067301718,0.0,0.12556836621207942,0.5282213957558521
217,0.956286836935167,9.823182711198428e-05,0.5687676842157271,0.606096689688021,0.9971711456859972,0.0,0.31622681637392563,0.6107991360691145,0.9960127591706539,0.0,0.23063505419947244,0.27433821920805074
218,0.9829594213558907,0.0,0.4888998375163459,0.9713026911169326,1.0,0.0,0.20373913635206217,0.8665226781857451,1.0,0.0,0.11321866315814808,0.16014001312623058
219,0.999878108239883,0.0,0.5007235241174862,0.9768992617289831,1.0,0.0,0.34556427887995134,0.9913606911447084,1.0,0.0,0.06109469549939049,0.32126449354626996
220,0.9708839033958563,0.0,0.3916453654838407,0.9713026911169326,0.9995014955134596,0.0,0.39123680513966214,0.8665226781857451,1.0,0.0,0.2733643781628459,0.16014001312623058
221,0.9996952705997074,0.0,0.5010867514063035,0.9768992617289831,1.0,0.0,0.34556427887995134,0.9913606911447084,1.0,0.0,0.06109469549939049,0.32126449354626996
222,0.9906276625958534,0.00014200511218403862,0.5199955379182009,0.8385329840438199,1.0,0.0,0.22922411798637599,0.5904967602591793,0.9910846953937593,0.004457652303120356,0.4209571781919924,0.0736162765259243
223,0.5308090160270736,0.0001915586488729966,2.027031179840515,0.932424386758752,0.45379081350304373,0.0,2.300105169294343,0.780561555075594,0.15480274442538594,0.0,1.660078939601624,0.5101728287026909
224,0.9992561895654022,0.0,0.4638002320089024,0.5603119790426292,0.9885892116182573,0.001037344398340249,0.6375499067674799,0.416414686825054,0.9382957884427032,0.009794319294809012,1.0237777273479487,0.11168234521986437
225,,,,0.0,,,,0.0,,,,0.0
226,,,,0.0,,,,0.0,,,,0.0
227,0.9562641387482494,0.0009695141656791985,0.5705787020448525,0.552691116932603,0.9820700896495518,0.0008149959250203749,0.4675919880736691,0.5300215982721382,0.9800620292423571,0.001329198050509526,0.49212422007557427,0.24688252023627216
228,0.8313809779688339,0.03127350886620097,0.906177159258647,0.5540009526077637,0.9077954735959766,0.04861693210393965,0.9962505019812803,0.5153347732181426,0.690406976744186,0.1555232558139535,1.5029637739174704,0.15051411069787793
229,0.9732477260567148,0.0008025682182985554,0.3374858336396287,0.44510597761371756,0.9824368825466521,0.0021953896816684962,0.5494892689702223,0.3935205183585313,0.9798507462686568,0.0014925373134328358,0.5360999565576664,0.14657624152264276
230,0.9985325506937033,0.0,0.37551428250832014,0.44629673731840913,1.0,0.0,0.4427954391526808,0.3749460043196544,1.0,0.0,0.33083009859419377,0.16276525924305404
231,0.7377069434148752,0.03094885100074129,0.7749684311415945,0.9638009049773756,0.8809742647058824,0.019761029411764705,0.7910968199272359,0.9399568034557235,0.9635352286773795,0.010815822002472188,0.6572854741896202,0.35397068475169546
232,0.8013618470050006,0.11107564634535588,1.080486712957097,0.5595975232198143,0.829477292202228,0.09682947729220223,1.1897447867397593,0.5041036717062635,0.6803944315545244,0.22273781902552203,1.6095365045123504,0.18858017939181798
233,0.17476357041067495,0.18402642829382043,1.0715235764219173,0.9191474160514408,0.633364312267658,0.01254646840148699,0.867984129538937,0.9295896328293737,0.9760429574555969,0.0014456836018174309,0.6281248118545191,0.5296434040691315
234,0.6801121519148665,0.031606448735104826,0.8591519322800368,0.9343296022862586,0.9644144144144144,0.0,0.6456269350264249,0.958963282937365,0.9667774086378738,0.00022148394241417498,0.636111674289671,0.49387442572741197
235,0.9976392522171887,0.00012760798826006508,0.4579141555372699,0.933138842581567,1.0,0.0,0.33058851849591353,0.8617710583153347,0.9885496183206107,0.0,0.2598445015878331,0.08597681032596806
236,0.9995014023060144,6.232471174820816e-05,0.4284786436387524,0.9552869730888307,1.0,0.0,0.23870743614031723,0.7481641468682505,1.0,0.0,0.377154685063125,0.11605775541457011
237,0.8447233240132649,0.00019507120098836075,0.6426039281017386,0.9156346749226006,0.9852661596958175,0.0,0.4723343287635858,0.9088552915766739,0.9997354497354497,0.0,0.06695366593378624,0.41347626339969373
238,0.896403242147923,0.013044579533941236,0.5474835298383932,0.940223862824482,0.9744827586206897,0.000689655172413793,0.21104866442228945,0.6263498920086393,0.8357705286839145,0.0,0.5226116667520128,0.09724349157733538
239,0.9629193235375658,0.0036734128084280567,0.674565352054429,0.8590140509645153,0.982725527831094,0.0009596928982725527,0.6822991883619469,0.45010799136069113,0.9402298850574713,0.0034482758620689655,1.1487060895624588,0.09516517173485015
240,0.4838048905389835,0.00684931506849315,0.8388619468256702,0.9301024053346035,0.921832884097035,0.003234501347708895,0.7506128578050348,0.8012958963282938,0.972737819025522,0.002320185614849188,0.7138298757991071,0.18858017939181798
241,0.0,0.0,0.0,0.010716837342224339,0.0,0.0,0.0,0.010367170626349892,0.0,0.0,0.0,0.011157295996499672
242,0.586209002626275,0.008489586514383436,0.754035897471729,0.9748154322457728,0.8775065387968614,0.0052310374891020054,0.5190023609238098,0.9909287257019438,0.9776978417266187,0.0,0.5584214010899028,0.6081820170640998
243,0.6144653305116395,0.01219967633511764,0.9133752818671259,0.9565372707787568,0.8800539083557951,0.0,0.7336119537484219,0.9615550755939525,0.9680594243268338,0.0,0.43324274181783007,0.5890395974622621
244,0.8369178400123781,0.04889370261488473,0.9314121549182643,0.38479399857108837,0.8924302788844621,0.06108897742363878,1.035641712468548,0.3252699784017279,0.9110840438489647,0.052984165651644335,1.003312726689468,0.1796105884926712
245,0.941972920696325,0.008994197292069633,0.7166595311746714,0.6156227673255537,0.9773614363778298,0.00078064012490242,0.5160728973342793,0.5533477321814255,0.9672395273899034,0.00322234156820623,0.5259079039198317,0.20367534456355282
246,0.7725159404888416,0.004184378320935175,0.6952046829018638,0.8964039056918314,0.9842559674961909,0.0,0.5329824236192001,0.8505399568034557,0.9699271921494144,0.0,0.5415435982796681,0.3455480201268869
247,0.6187007707292285,0.12882188532226646,1.4158627860940158,0.7029649916646821,0.974293059125964,0.0,0.4987984026500303,0.3360691144708423,0.8840579710144928,0.0,0.8294705549238244,0.06792824327280683
248,0.916490932096162,0.014219437247695367,0.7504854150261202,0.9881519409383186,0.9796954314720813,0.0046146746654360865,0.4511412836347262,0.9360691144708423,0.987049428016404,0.0032376429958989855,0.36357719711168734,0.506781885801794
249,0.0,0.0,0.0,0.00023815194093831864,,,,0.0,,,,0.0
250,0.8220680255250604,0.013877702744563535,0.7217589930287787,0.9610026196713504,0.9575306479859895,0.00043782837127845885,0.6323219767233276,0.9866090712742981,0.9620817843866171,0.0037174721189591076,0.5569740353090178,0.29424633559396196
251,0.9752335850505568,0.0007039549468833995,0.5429040088553214,0.9303405572755418,0.9890162368672397,0.0,0.3344300423910714,0.9045356371490281,0.9830769230769231,0.0,0.3386455291132223,0.28440166265587397
252,0.6118574243238403,0.02065794972834199,0.7125737861717213,0.9972017146939748,0.9874567474048442,0.0008650519031141869,0.4425712503730354,0.9987041036717063,0.9923847695390782,0.0006680026720106881,0.48620139142995344,0.8187486326843142
253,0.6097080422711804,0.02065794972834199,0.7486024433694909,0.9972017146939748,0.9831314878892734,0.0008650519031141869,0.5197199314382955,0.9987041036717063,0.9872,0.0006666666666666666,0.5931845657611193,0.8203894115073288
254,0.9832704074990236,0.0011066267413097253,0.47615933259662724,0.9146225291736128,0.9956521739130435,0.0,0.4445363426307151,0.8941684665226782,0.988939492517892,0.0,0.32940092249443753,0.1681251367315686
255,0.9832704074990236,0.0011066267413097253,0.47615933259662724,0.9146225291736128,0.9956521739130435,0.0,0.4445363426307151,0.8941684665226782,0.988939492517892,0.0,0.32940092249443753,0.1681251367315686
256,0.0,0.0,0.0,0.00023815194093831864,,,,0.0,,,,0.0
257,0.0,0.0,0.0,0.00023815194093831864,,,,0.0,,,,0.0
258,,,,0.0,,,,0.0,,,,0.0
259,0.9859870649830613,0.0,0.11755307015712453,0.3866396761133603,0.9929078014184397,0.0,0.08401539303013407,0.18272138228941684,1.0,0.0,0.0,0.09768103259680595
260,,,,0.0,,,,0.0,,,,0.0
261,1.0,0.0,0.00031063135875556894,0.38336508692545845,1.0,0.0,0.0,0.17494600431965443,1.0,0.0,0.0,0.0968059505578648
262,0.999243903975805,0.0,0.48243440168345547,0.9449273636580138,1.0,0.0,0.035278238418371584,0.6937365010799136,1.0,0.0,0.18874851244474092,0.09177422883395318
263,0.9314796425024826,0.00033101621979476995,0.71832279998898,0.17986425339366516,0.9973118279569892,0.0,0.2612425857451036,0.16069114470842333,0.9392624728850325,0.0,0.502310046125829,0.05042660249398381
264,0.9274830699774267,0.000564334085778781,0.44656670981114677,0.4220052393427006,0.9950819672131147,0.0,0.4995785458952403,0.2634989200863931,0.964245810055866,0.0,0.5955668403063951,0.09789980310654124
265,0.7506314298034867,0.0072075401958972465,0.547550432912099,0.9664801143129317,0.9831374552887072,0.0,0.2128517698384353,0.8453563714902808,0.9565048543689321,0.0015533980582524273,0.34137757707688327,0.2816670312841829
266,0.7436301868478524,0.0,0.6815456650039642,0.9814241486068112,0.9865858935525746,0.0,0.5168825445632552,0.9982721382289417,1.0,0.0,0.19684275587959052,0.6150732881207613
267,0.9595928247781019,0.004903482092979952,0.3166585894210873,0.9592164801143129,1.0,0.0,0.0,0.9701943844492441,0.9987888574888979,0.0004037141703673799,0.07906950279913921,0.5418945526143076
268,0.9574428544880134,0.004893762002106176,0.36694361953364074,0.9611216956418195,1.0,0.0,0.0,0.9701943844492441,0.9987888574888979,0.0004037141703673799,0.07906950279913921,0.5418945526143076
269,0.9018528116092251,0.005377040684115056,0.7956546465146261,0.9190283400809717,0.9622641509433962,0.0009930486593843098,0.6012038196512111,0.8699784017278618,0.9071428571428571,0.0032967032967032967,0.7740159958295739,0.1990811638591118
270,0.6489927079471017,0.011741441107403288,0.719475003316141,0.9634436770659681,0.9302325581395349,0.00046511627906976747,0.6364517483419918,0.9287257019438445,0.9114367633004141,0.000955718381650207,0.7296600350524456,0.343360315029534
271,0.7543933305343969,0.032927487554729205,0.8271640822158524,0.9926768278161467,0.9952090592334495,0.0,0.39666039246702256,0.991792656587473,0.9994966654083302,0.0,0.38568042053834006,0.8692846204331656
272,0.6805014094644035,0.10064175613266958,1.0620048811543155,0.9926768278161467,0.992595818815331,0.0017421602787456446,0.41770463504558836,0.991792656587473,0.9979866616333207,0.0,0.3923014082613272,0.8692846204331656
273,0.1776255707762557,0.0031963470319634705,0.6982924345339907,0.5215527506549178,0.8687448728465955,0.0,0.6079824602120466,0.5265658747300216,0.9632802937576499,0.0,0.4873500641550736,0.4468387661343251
274,0.927299880525687,0.0052568697729988055,0.47434943021033676,0.9966658728268636,0.9982676483326115,0.0,0.48278137805789934,0.9974082073434125,0.9995682832062167,0.0,0.32948840156242176,0.760118136075257
275,0.9651914167276274,0.0,0.531230946147445,0.9766611097880448,0.9824484422992541,0.0,0.5326211918514903,0.9844492440604752,0.9943569553805774,0.0,0.28373278365727683,0.833515642091446
276,0.9641937608526435,0.001377163044129094,0.5616335551611743,0.994343891402715,0.9948119325551232,0.0,0.503077117322353,0.9991360691144708,0.9985650738986942,0.0,0.314189806565175,0.7623058411726099
277,0.7284826974267968,0.0002535175560907593,0.7651870838034684,0.939390331031198,0.8781270044900578,0.0,0.4805607800525523,0.6734341252699784,0.9641847313854854,0.000235626767200754,0.5864740168382696,0.46423102165828045
278,0.7317911623576595,0.0,0.5560635989803849,0.8313288878304358,0.9324181626187962,0.0,0.39358135410822037,0.8181425485961124,0.9840909090909091,0.0,0.5169980037005826,0.6256836578429228
279,,,,0.0,,,,0.0,,,,0.0
280,,,,0.0,,,,0.0,,,,0.0
281,0.9515621723631789,0.0044034388760746486,0.44260176876592355,0.8518099547511312,0.9882860665844636,0.0,0.5696294788581514,0.7006479481641469,0.9824521422060164,0.0,0.6550582827321871,0.4799824983592212
282,1.0,0.0,0.00032507111028312364,0.36633722314836864,1.0,0.0,0.0,0.15766738660907129,1.0,0.0,0.0,0.06442791511704223
283,0.9531120596292285,0.00031853220360578453,0.5178679549654154,0.934567754227197,0.9774252593044539,0.0,0.5028330922015083,0.7079913606911447,0.9550342130987293,0.0,0.5685464536796081,0.2238022314591993
284,,,,0.0,,,,0.0,,,,0.0
285,0.8497816593886462,0.011689620423244878,0.898137557491526,0.8862229102167183,0.9558587479935795,0.0,0.5586848592090783,0.5382289416846652,0.9367741935483871,0.004516129032258065,0.6618244634344203,0.16954714504484794
286,,,,0.0,,,,0.0,,,,0.0
287,,,,0.0,,,,0.0,,,,0.0
288,0.0,0.0,0.0,0.004405810907358895,,,,0.0,,,,0.0
289,0.9757908327953518,0.00032278889606197545,0.8361873703499738,0.18444867825672778,1.0,0.0,0.5017382719429906,0.058315334773218146,0.9891304347826086,0.005434782608695652,0.5248629458278274,0.020126886895646467
290,0.8986180904522613,0.00628140703517588,0.6872028684805234,0.4739223624672541,0.9727822580645161,0.0020161290322580645,0.5759781930573767,0.4285097192224622,0.9772888573456352,0.0028388928317956,0.5563587790029121,0.15412382410851017
291,0.9297902268974375,0.013699467922451226,0.8209552878105687,0.9735055965706121,0.9912663755458515,0.0,0.4252439114598707,0.9892008639308856,0.9938589540412044,0.0009904912836767037,0.2526418609052363,0.5521767665718661
292,0.9078246124031008,0.002180232558139535,0.46415729627091523,0.9830912121933794,0.9663143989431968,0.0,0.4029553821382739,0.6539956803455723,0.9829910806886538,0.0020742584526031943,0.5543401853357408,0.527346313716911
293,0.9583654587509638,0.00019275250578257516,0.47605064691414456,0.9266492021909979,0.9880597014925373,0.0,0.5520934224027642,0.7235421166306696,0.9826361483820047,0.0,0.5454110339552452,0.2771822358346095
294,0.9787535410764873,0.0,0.7710756642365549,0.5464396284829721,0.9643765903307888,0.0,0.7738102228557086,0.16976241900647948,0.9331103678929766,0.0,1.0077930322502584,0.06541238241085101
295,0.5592479230432882,0.00034980323567993004,0.8806150371900953,0.6808168611574185,0.647010647010647,0.0,0.9093135560655552,0.5274298056155508,0.787793427230047,0.0,0.8202954812017023,0.11649529643404069
296,0.0,0.0,0.0,0.0030959752321981426,0.0,0.0,0.0,0.0017278617710583153,,,,0.0
297,0.5817924371147759,0.0012493753123438282,0.8377307737196427,0.7148130507263635,0.6584394904458599,0.0,0.8677327549345752,0.542548596112311,0.7991111111111111,0.0,0.8045864966583657,0.12305841172609933
298,0.8969700819411802,6.352029473416756e-05,0.46233594683699947,0.9373065015479877,0.9878048780487805,0.0,0.5133727115318362,0.7084233261339092,0.9757225433526011,0.0,0.5433685218970323,0.18923649092102385
299,0.0,0.0,0.0,0.004048582995951417,,,,0.0,,,,0.0
300,0.0,0.0,0.0,0.0015479876160990713,,,,0.0,,,,0.0
301,0.8382838283828383,0.04100965652120768,1.074051887809613,0.9741605144081924,0.9197046608214121,0.018920166128287955,0.8511138822729409,0.9360691144708423,0.876986301369863,0.03232876712328767,1.023103964999072,0.3992561802669
302,0.7361196982811921,0.011932731544454062,0.7801668002690222,0.9629673731840914,0.9421338155515371,0.00135623869801085,0.6316555551372937,0.9555075593952483,0.9700480361684092,0.006216445323537723,0.5631167975990059,0.38711441697659155
303,0.9727413804736522,0.0010795492881721881,0.20047153297571754,0.8824124791617052,0.9702203692674211,0.004764740917212627,0.28336743041690104,0.7252699784017279,0.9735099337748344,0.0,0.16064660768148264,0.14865456136512797
304,0.9647900072411296,0.003167994207096307,0.383841129873602,0.6577756608716361,0.9898167006109979,0.0,0.18535696696880283,0.2120950323974082,0.8419117647058824,0.0,0.4707645643166862,0.029752789323999124
305,0.8597276741903828,0.012634936211972522,0.6887086792227871,0.9707073112645868,0.9839816933638444,0.0013729977116704805,0.5609669035315542,0.9438444924406048,0.9505639548836093,0.008399328053755699,0.6627437429079476,0.4558083570334719
306,0.4944820437778184,0.054264983842448634,0.8712773905030226,0.976482495832341,0.8657243816254417,0.012809187279151944,0.6042387646039706,0.9779697624190065,0.9745523091423186,0.00824693685202639,0.6270052832942598,0.46423102165828045
307,0.9878897682845428,0.0,0.5230732348488912,0.6243748511550369,0.9992277992277993,0.0,0.3159946226643043,0.5593952483801296,0.9993811881188119,0.0,0.3032933647397816,0.17676657186611244
308,0.987257128438052,0.0,0.29889622868721183,0.9437961419385568,0.9972813774354327,0.0,0.4606361434999654,0.9533477321814254,0.9975468331846565,0.0,0.3704890388875034,0.490483482826515
309,0.9899980128502351,0.0,0.18882772993267638,0.8988449630864491,0.9994739610731194,0.0,0.31587824181274354,0.8211663066954643,0.993961021136426,0.0,0.5089535431796618,0.3984904834828265
310,,,,0.0,,,,0.0,,,,0.0
311,0.9439105219552609,0.029494614747307375,0.8150324887188187,0.7186234817813765,0.9495708154506438,0.03648068669527897,0.849896629576831,0.40259179265658745,0.7861736334405145,0.13344051446945338,1.3981333303812873,0.06803762852767448
312,0.7755854126679462,0.14057581573896352,1.3835304016074987,0.7754822576804001,0.7085308056872038,0.20537124802527645,1.6363736964087114,0.5468682505399568,0.2991780821917808,0.4849315068493151,1.6382506085690332,0.19962809013345
313,0.8644412381951732,0.0017051416579223506,0.49531077614098323,0.9078351988568707,0.9877854487519915,0.0010621348911311736,0.523427762803833,0.813390928725702,0.9747292418772563,0.007821901323706379,0.6225713449784609,0.18179829359002406
314,0.9381126554498903,0.002121433796634967,0.6982781832111862,0.813884258156704,0.9750542299349241,0.0,0.5011841236667096,0.7965442764578834,0.9705488621151271,0.0033467202141900937,0.5257050633786673,0.3268431415445198
315,0.9806517311608961,0.0,0.5043494491303043,0.4092641105025006,1.0,0.0,0.26093260342240143,0.37667386609071274,1.0,0.0,0.2923112609878477,0.156639684970466
316,0.9527451980282169,0.006629270780214177,0.6673582188673544,0.35026196713503216,0.998769987699877,0.0,0.11586241736749203,0.3511879049676026,0.9977151561309977,0.0,0.1549123191096483,0.14362283964121636
317,0.0,0.0,0.0,0.0005953798523457966,,,,0.0,,,,0.0
318,0.826018573996405,0.035350509286998205,0.8621398547967356,0.7949511788521076,0.9545454545454546,0.015384615384615385,0.7289638371174147,0.6177105831533477,0.8751486325802615,0.06777645659928656,1.1279592439190664,0.09199299934368847
319,0.9967684021543985,0.0,0.5071630080683927,0.4974398666349131,0.998792270531401,0.0,0.3444490987669204,0.35766738660907127,0.9950980392156863,0.0,0.5052567498379897,0.06694377597899803
320,0.9971312622446123,0.00041981528127623844,0.48535257811034493,0.8509168849726125,0.9948867786705624,0.0014609203798392988,0.49934386399341996,0.5913606911447085,0.9978118161925602,0.0,0.39868396610546414,0.09997812294902647
321,0.8926099158091675,0.0205799812909261,0.9080165432327778,0.3182305310788283,0.7933884297520661,0.024793388429752067,1.1680432649823052,0.05226781857451404,0.393048128342246,0.034759358288770054,1.3054767224424564,0.0409100853204988
322,0.9785794113994785,0.0016143052278653918,0.5926825926778776,0.9589187901881401,0.9990871748060246,0.0,0.19350819947839848,0.9464362850971922,0.9987341772151899,0.0,0.13978624050620178,0.2592430540363159
323,0.9868495209468345,0.0,0.48798947208646926,0.9507620862110027,0.9892744479495268,0.0,0.3059789860701472,0.6846652267818575,0.9305970149253732,0.0,0.6182470726001367,0.14657624152264276
324,0.9468643240605173,0.00012201073694485115,0.41232161024372155,0.9759466539652298,0.9653532608695652,0.0,0.5674445524729556,0.63585313174946,0.9792724196277496,0.0,0.5406155773461009,0.25858674250711006
325,0.9940573001376204,0.00012510947078693858,0.5061534899857314,0.9517742319599904,0.9940828402366864,0.0,0.4749450354238593,0.3650107991360691,1.0,0.0,0.3499483440632942,0.150185954933275
326,0.9890116750952114,0.00031216832115876883,0.5329654735618652,0.9536199095022625,0.9984670413898825,0.0,0.24809548732861672,0.8453563714902808,0.9941014549744397,0.0,0.361300947805427,0.2781667031284183
327,0.9863322960522302,0.002867777167612423,0.4328855172830525,0.9757680400095261,0.9977905435262925,0.0,0.3758309871789609,0.9775377969762419,0.991321118611379,0.0006428801028608164,0.38008671146662887,0.34029752789323997
328,0.9956239059764941,0.000312578144536134,0.5156250448694275,0.9523696118123363,1.0,0.0,0.221240627815713,0.8457883369330453,0.997270955165692,0.0,0.3551897848100851,0.28057317873550647
329,0.9890170236133993,0.002074562206357923,0.4213810159922493,0.9757680400095261,0.9995581087052585,0.0,0.3694847953890655,0.9775377969762419,0.9929283188685311,0.0006428801028608164,0.37428016451846113,0.34029752789323997
330,0.19922618682061044,0.48744088927101886,1.2168411315904089,0.9694570135746606,0.40107671601615075,0.3423059668012562,1.3729856816570671,0.9628509719222462,0.43348051449414476,0.2553273181032828,1.5345525408622869,0.5697877926055568
331,0.5161230195712955,0.0195712954333644,0.8617938668647839,0.9582638723505597,0.9253802281368821,0.006653992395437262,0.704716319577867,0.9088552915766739,0.9660852713178295,0.006782945736434108,0.5506504324888858,0.22577116604681688
332,0.9224489795918367,0.012558869701726845,0.6893761894841044,0.9481424148606811,0.9520356943669828,0.021193530395984383,0.7724171520057104,0.7745140388768899,0.9636642784032753,0.011258955987717503,0.6644155163461384,0.21373878801137608
333,,,,0.0,,,,0.0,,,,0.0
334,0.8630921395106715,0.015616866215512754,0.7609064752855919,0.4574898785425101,0.8429319371727748,0.020942408376963352,0.9855075053398691,0.41252699784017277,0.7434628975265017,0.029681978798586573,1.1024385583043579,0.15478013563771603
335,,,,0.0,,,,0.0,,,,0.0
336,,,,0.0,,,,0.0,,,,0.0
337,,,,0.0,,,,0.0,,,,0.0
338,,,,0.0,,,,0.0,,,,0.0
339,1.0,0.0,0.4651079715361857,0.9442724458204335,1.0,0.0,0.035278238418371584,0.6937365010799136,1.0,0.0,0.18874851244474092,0.09177422883395318
340,,,,0.0,,,,0.0,,,,0.0
341,,,,0.0,,,,0.0,,,,0.0
342,,,,0.0,,,,0.0,,,,0.0
343,,,,0.0,,,,0.0,,,,0.0
344,0.848276858608482,0.03554656455458421,0.7650610674515286,0.8240652536318172,0.9046350559403303,0.02717101758124667,0.7585526732508697,0.8107991360691145,0.863743676222597,0.053625632377740304,1.0810014266216283,0.324327280682564
345,0.9961832061068703,0.0,0.30084260599317847,0.015598952131459872,1.0,0.0,0.5773502691896258,0.0012958963282937365,0.6666666666666666,0.16666666666666666,1.602081978759722,0.0006563115292058631
346,0.8437567007361876,0.03909656207562004,0.7874321718203109,0.832995951417004,0.9044823906083245,0.027214514407684097,0.7581383426312547,0.8095032397408207,0.8414834263209714,0.06399737446668854,1.149085219881682,0.3332968715817108
347,,,,0.0,,,,0.0,,,,0.0
348,,,,0.0,,,,0.0,,,,0.0
349,0.9907550077041603,0.00025680534155110427,0.2764834118250078,0.9273636580138128,1.0,0.0,0.45256590883773895,0.9460043196544277,0.9994550408719346,0.0005449591280653951,0.32364211561476525,0.4014438853642529
350,0.9306594153636981,0.0008034114084419999,0.4613340957719657,0.9633841390807335,0.9795348837209302,0.0,0.5271254129628612,0.9287257019438445,0.9751513220770947,0.0,0.4910295945642453,0.343360315029534
351,,,,0.0,,,,0.0,,,,0.0
352,,,,0.0,,,,0.0,,,,0.0
353,,,,0.0,,,,0.0,,,,0.0
354,,,,0.0,,,,0.0,,,,0.0
355,,,,0.0,,,,0.0,,,,0.0
356,,,,0.0,,,,0.0,,,,0.0
357,,,,0.0,,,,0.0,1.0,0.0,,0.00010938525486764385
358,,,,0.0,,,,0.0,,,,0.0
359,0.5842196867143686,0.026171598014568427,0.8970714008207693,0.9236127649440343,0.7376044568245126,0.012256267409470752,0.7187562972035462,0.775377969762419,0.6024548244118649,0.011933174224343675,0.7885437033294419,0.3208269525267994
360,0.9863031399405608,0.0,0.3032914374974475,0.921528935460824,0.9871987951807228,0.0,0.43287180237846107,0.5736501079913607,0.983323749281196,0.0,0.4232503081674291,0.19022095821483265
361,0.0,0.0,0.0,0.001607525601333651,,,,0.0,,,,0.0
362,0.8952930458548436,0.026358943212875796,0.9013415823915659,0.9802929268873541,0.9548872180451128,0.0035382574082264487,0.63428285529507,0.9766738660907127,0.961449676823638,0.0013850415512465374,0.5210154102734046,0.4738569240866331
363,0.37788850825288073,0.0718156337589536,0.9312095353423113,0.9558823529411765,0.8343529411764706,0.0051764705882352945,0.5026029510224008,0.91792656587473,0.9121428571428571,0.0017857142857142857,0.3996112795020326,0.30627871362940273
364,0.37788850825288073,0.0718156337589536,0.9312095353423113,0.9558823529411765,0.8343529411764706,0.0051764705882352945,0.5026029510224008,0.91792656587473,0.9121428571428571,0.0017857142857142857,0.3996112795020326,0.30627871362940273
365,0.7972017673048601,0.004418262150220913,0.5009452896213012,0.4042629197427959,0.8944099378881988,0.0037267080745341614,0.3920504202641474,0.34773218142548595,0.9264413518886679,0.007952286282306162,0.43655231700442776,0.1100415663968497
366,0.7957622130665097,0.004708652148322542,0.5303638715391665,0.4046201476542034,0.8944099378881988,0.0037267080745341614,0.3920504202641474,0.34773218142548595,0.9084712755598832,0.018500486854917234,0.5476873827120625,0.11233865674907023
367,0.7854453428800692,0.0003086229245108327,0.49430591653445355,0.9645748987854251,0.9548151528982199,0.0,0.5005781010334139,0.9464362850971922,0.9432105707056508,0.0014056789429294349,0.6246336057185524,0.38908335156420915
368,0.9653542195879199,0.006985605419136325,0.6534711114952262,0.843772326744463,0.9546769527483124,0.008678881388621022,0.6629136220600051,0.4479481641468683,0.940251572327044,0.0031446540880503146,0.6563556607734912,0.06956902209582148
369,,,,0.0,,,,0.0,,,,0.0
370,0.8273491214667685,0.0033104150751209573,0.5546899823412953,0.9352226720647774,0.9688128772635815,0.0015090543259557343,0.5532633333577706,0.8587473002159827,0.9880294659300184,0.00046040515653775324,0.46980988524527495,0.23758477357252242
371,0.6336401260114893,0.00012354067576749646,0.8275420294286374,0.9638604429626102,0.6968036529680365,0.0,0.8880371185039919,0.9460043196544277,0.7295556986477785,0.000214638334406525,0.8772370428875726,0.5096259024283527
372,0.6332695039841868,0.00012354067576749646,0.8308560636046768,0.9638604429626102,0.6968036529680365,0.0,0.8880371185039919,0.9460043196544277,0.7295556986477785,0.000214638334406525,0.8772370428875726,0.5096259024283527
373,0.0,0.0,0.0,0.00035722791140747797,,,,0.0,,,,0.0
374,0.797359320968249,0.018044640050298648,0.7200055032824174,0.9469516551559896,0.936726272352132,0.002751031636863824,0.6142439059975181,0.9421166306695464,0.8959481361426256,0.01393841166936791,0.8784152229939657,0.33745351126668127
375,0.7977365608299277,0.018044640050298648,0.7162966468526083,0.9469516551559896,0.936726272352132,0.002751031636863824,0.6142439059975181,0.9421166306695464,0.8959481361426256,0.01393841166936791,0.8784152229939657,0.33745351126668127
376,0.4786515461362087,0.06246514221974345,0.936228189790343,0.960764467730412,0.979185119574845,0.0044286979627989375,0.41040969559620316,0.975377969762419,0.9989520565889441,0.0,0.4895647014787132,0.4175235178297965
377,0.4786515461362087,0.06246514221974345,0.936228189790343,0.960764467730412,0.979185119574845,0.0044286979627989375,0.41040969559620316,0.975377969762419,0.9989520565889441,0.0,0.4895647014787132,0.4175235178297965
378,0.9897308330144151,0.0019135093761959434,0.4483429620517175,0.93343653250774,0.9956937799043062,0.0,0.4427980307514285,0.9028077753779697,0.9902912621359223,0.0,0.2811155809465053,0.24786698753008093
379,0.9899859675979079,0.0019135093761959434,0.4412643562963446,0.93343653250774,0.9956937799043062,0.0,0.4427980307514285,0.9028077753779697,0.9902912621359223,0.0,0.2811155809465053,0.24786698753008093
380,,,,0.0,,,,0.0,,,,0.0
381,0.0,0.0,0.0,0.0004763038818766373,,,,0.0,,,,0.0
382,,,,0.0,,,,0.0,,,,0.0
383,0.0,0.0,0.0,0.00035722791140747797,,,,0.0,,,,0.0
384,0.2,0.2909090909090909,1.1191627462193567,0.0032745891879018816,0.3333333333333333,0.3333333333333333,1.5275252316519463,0.0012958963282937365,0.22162162162162163,0.24864864864864866,1.093109494345145,0.02023627215051411
385,0.2,0.2909090909090909,1.1191627462193567,0.0032745891879018816,0.3333333333333333,0.3333333333333333,1.5275252316519463,0.0012958963282937365,0.22162162162162163,0.24864864864864866,1.093109494345145,0.02023627215051411
386,0.9680026067122841,0.0036493971977842946,0.43232927907815055,0.9136103834246249,0.9809203142536476,0.0028058361391694723,0.5811782526636166,0.7697624190064795,0.9917093391855645,0.00121921482565228,0.4631188809582014,0.4485889302122074
387,0.893544887442365,0.007933279088689993,0.6906067386921818,0.8780662062395809,0.9634980988593156,0.01064638783269962,0.6718016728176756,0.5680345572354212,0.7096317280453258,0.028328611898016998,1.0938152496531106,0.07722598993655655
388,0.893544887442365,0.007933279088689993,0.6906067386921818,0.8780662062395809,0.9634980988593156,0.01064638783269962,0.6718016728176756,0.5680345572354212,0.7096317280453258,0.028328611898016998,1.0938152496531106,0.07722598993655655
389,0.7564595931830677,0.008979292651640096,0.5844534022265894,0.9746963562753036,0.9610162067455102,0.0008760402978537013,0.3285967218719742,0.9861771058315335,0.9844179651695693,0.0020164986251145736,0.5573804048839964,0.5966965653029972
390,0.9946682464454977,0.0003291205897840969,0.4699574445227619,0.9045010716837342,0.9955919395465995,0.0006297229219143577,0.5009613178878569,0.6859611231101512,0.9967935871743487,0.0,0.44646876078204817,0.27291621089477136
391,0.9834076717216771,0.004192685102586976,0.39528506929323276,0.667420814479638,0.9974587039390089,0.0,0.42614939942682334,0.6799136069114471,0.998641304347826,0.0,0.4848202285852238,0.24152264274775762
392,,,,0.0,,,,0.0,,,,0.0
393,0.8964688482159364,0.00431379799100265,0.5231895666774167,0.9661228864015242,0.9689833429063757,0.0017231476163124641,0.430502936990085,0.7520518358531317,0.996309963099631,0.0,0.4852675346855838,0.6521548895208926
394,0.9688538205980066,0.0,0.4299399113231344,0.4301024053346035,0.9950556242274413,0.0,0.49979802306609233,0.3494600431965443,0.9961928934010152,0.0,0.4455316400968784,0.08619558083570335
395,0.7791978845306302,0.03199647421771706,0.8053809604065595,0.6754584424863063,0.7648351648351648,0.02967032967032967,0.792011060125253,0.3930885529157667,0.28217349857006674,0.111534795042898,0.9954460450713287,0.1147451323561584
396,0.9354516386890488,0.008326671995736744,0.6729875596916414,0.8937842343415099,0.9690966719492868,0.004754358161648178,0.581527290547711,0.5451403887688985,0.9182879377431906,0.01556420233463035,0.7875203268728015,0.1686720630059068
397,,,,0.0,,,,0.0,,,,0.0
398,,,,0.0,,,,0.0,,,,0.0
399,,,,0.0,,,,0.0,,,,0.0
401,0.8440739353066067,0.0,0.6633803824355303,0.9534412955465587,0.9806128830519074,0.0,0.4982481455871944,0.6907127429805615,0.9967700258397932,0.0,0.49335094176446537,0.16932837453511268
402,0.9473487444700605,0.0,0.3137774469729425,0.9555251250297689,0.9905044510385757,0.0,0.4706958529822061,0.7278617710583153,0.9989706639217705,0.0,0.5019381745077001,0.212535550207832
403,0.8949311023622047,0.0027066929133858267,0.4549600656113221,0.48392474398666346,1.0,0.0,0.4921828124478768,0.49114470842332614,0.9978156400174749,0.0,0.3038071037510184,0.2503828483920367
404,0.9884520208963431,0.000962331591971405,0.623964529934797,0.866158609192665,0.9994051160023796,0.000594883997620464,0.4550796992261908,0.7261339092872571,0.9993184915947296,0.00045433893684688776,0.3346759927911196,0.4815138919273682
405,0.9911114173499621,0.0009646523806242679,0.5824253692389778,0.8640747797094547,0.9994051160023796,0.000594883997620464,0.4550796992261908,0.7261339092872571,0.9993184915947296,0.00045433893684688776,0.3346759927911196,0.4815138919273682
406,0.6616549043673928,0.0628004500357983,1.2111842503461498,0.5821028816384853,0.9840283939662822,0.0,0.5700285133364287,0.4868250539956803,0.9772382397572079,0.002276176024279211,0.5414510898894066,0.14416976591555458
407,0.059250422507207474,0.6799880703847301,0.9123166957994436,0.5988925934746369,0.26822157434402333,0.20845481049562684,1.1846661539108057,0.5926565874730022,0.5782423381367973,0.10777349299776741,1.4482618885191159,0.5389411507328812
408,0.3258463808508894,0.013033855234035576,0.798231964852276,0.7263038818766373,0.8771824202287778,0.0006020469596628537,0.6976330416202489,0.7174946004319654,0.9171033825631253,0.005955216769890424,0.7256913986970714,0.45919929993436887
409,0.9392831669044223,0.012838801711840228,0.6966828524484551,0.6677780423910454,0.9967469095640858,0.0,0.2687777538588729,0.6639308855291577,0.9985583853916387,0.0,0.13369510551705194,0.45526143075913367
410,0.9936631732878382,0.0,0.4633670627541607,0.732853060252441,0.9963336388634281,0.0,0.1981846488462296,0.4712742980561555,0.9981412639405205,0.0,0.26055159343027423,0.05884926711879239
411,,,,0.0,,,,0.0,,,,0.0
412,0.0,0.0,0.0,0.00017861395570373899,,,,0.0,,,,0.0
413,0.7498908501216242,0.0002494854362876567,0.6865649775348361,0.9545725172660157,0.989828941285252,0.0,0.48013542536605,0.934341252699784,0.99057344854674,0.0,0.3098768398747249,0.2784948588930212
414,0.9934192672998643,0.00033921302578018993,0.499338383395674,0.8775899023577042,0.9990186457311089,0.0,0.39010750124489896,0.8803455723542116,0.9985144837831146,0.0,0.1974043995866762,0.44180704441041346
415,0.9721465968586387,0.000418848167539267,0.22915685637613173,0.8528816384853537,0.9812903225806452,0.0006451612903225806,0.1968419317108961,0.6695464362850972,0.8829787234042553,0.0,0.5191304786859555,0.04112885583023408
416,0.9721465968586387,0.000418848167539267,0.22915685637613173,0.8528816384853537,0.9812903225806452,0.0006451612903225806,0.1968419317108961,0.6695464362850972,0.8829787234042553,0.0,0.5191304786859555,0.04112885583023408
417,0.8513186393171105,0.005223595362466556,0.5881305751854925,0.9346272922124316,0.9943181818181818,0.0004734848484848485,0.5152175787221773,0.9123110151187905,0.9838981014179283,0.004806536890170632,0.5112542619474004,0.455152045504266
418,0.7403864308641198,0.0022657184215494996,0.5629860574079306,0.9459990473922363,0.9887031179394488,0.0018075011296882061,0.545615930370961,0.9559395248380129,0.9933852140077821,0.0015564202334630351,0.32406727947741276,0.843360315029534
419,0.8984910836762688,0.00030483158055174517,0.5189066218286597,0.7812574422481543,0.9659024103468548,0.0,0.5701136442697269,0.7347732181425486,0.9324148687288797,0.0007798284377436964,0.603266621396892,0.42080507547582585
420,0.9861362266425557,0.0,0.11693740644568673,0.296320552512503,0.9895470383275261,0.0,0.10188161776493643,0.12397408207343412,1.0,0.0,0.0,0.05786479982498359
421,,,,0.0,,,,0.0,,,,0.0
422,0.976460331299041,0.0006538796861377507,0.37867518811557266,0.2731602762562515,0.9792899408284024,0.0,0.3431416788859492,0.14600431965442764,0.8532818532818532,0.019305019305019305,0.9121739401986751,0.028330781010719754
423,0.9917983355445664,0.0,0.573921445171182,0.49362943557989997,0.9932126696832579,0.0,0.4666409413820611,0.19092872570194386,0.9983739837398374,0.0,0.21968485098978147,0.06727193174360097
424,0.9959958667011108,0.0,0.3446189926635786,0.9218861633722315,1.0,0.0,0.02792903867389792,0.5537796976241901,1.0,0.0,0.09528098232160774,0.08367971997374754
425,0.914671338654208,0.0,0.5655260199756689,0.9175398904501072,0.9171009000473709,0.0,0.569644059724107,0.911879049676026,0.9875478927203065,0.0,0.4633652481545357,0.3425946182454605
426,0.7185048159724438,0.008866492313580405,0.6480647179924199,0.9333769945225053,0.9096133751306165,0.0041797283176593526,0.3991055365617594,0.8267818574514039,0.9749290444654684,0.001892147587511826,0.23384659373630973,0.23124042879019907
427,,,,0.0,,,,0.0,,,,0.0
428,0.957579185520362,0.0005656108597285068,0.2795568088794275,0.9473684210526315,0.9922727272727273,0.0,0.2755696822937807,0.9503239740820735,0.9970363052605582,0.0,0.5078684239942491,0.4429008969590899
429,0.9989366360167636,0.0002502032901732658,0.17776502687439097,0.9518337699452251,1.0,0.0,0.04610196616778375,0.8116630669546436,0.9994666666666666,0.0,0.08632749767722722,0.2050973528768322
430,0.8070021332664074,0.044422135776132514,1.0008510460272577,0.9489164086687306,0.9894636015325671,0.0014367816091954023,0.4377552151667985,0.9019438444924406,0.9808118081180812,0.0014760147601476014,0.41500494096884166,0.2964340406913148
431,0.9988002399520096,0.0,0.06925431116989136,0.0992498213860443,1.0,0.0,0.0,0.041900647948164144,1.0,0.0,0.0,0.016954714504484797
432,0.9376070816676185,0.01720445459737293,0.5859379489553257,0.8340080971659919,0.9683462532299741,0.005813953488372093,0.5949352566667354,0.6686825053995681,0.9641975308641976,0.0049382716049382715,0.6285988422264331,0.08860205644279151
433,1.0,0.0,0.0,0.06221719457013575,1.0,0.0,0.0,0.02937365010799136,1.0,0.0,0.0,0.017501640778823015
434,0.9970619658119658,0.0005341880341880342,0.08715545025176163,0.4458204334365325,0.9965753424657534,0.0,0.11704114719613015,0.126133909287257,0.9581151832460733,0.010471204188481676,0.34978243838457596,0.020892583679719974
435,0.5254595529366554,0.055914942675975146,0.8782480571826888,0.9295665634674922,0.926605504587156,0.0059363194819212085,0.5844137519396891,0.8004319654427646,0.9466313398940197,0.011733535200605601,0.7429444414632542,0.28899584336031503
436,0.9971192876784077,0.0005237658766531361,0.08630283411463507,0.4546915932364849,0.9966996699669967,0.0,0.1148969979242838,0.13088552915766738,0.9587628865979382,0.010309278350515464,0.34714029326199686,0.021220739444322904
437,0.5092784842979496,0.05690371139371918,0.9132760741604913,0.9175994284353417,0.9310344827586207,0.005578093306288032,0.6225140639631886,0.8518358531317495,0.9433320740460899,0.012844729882886286,0.7670456236837103,0.28954276963465325
438,,,,0.0,,,,0.0,,,,0.0
439,,,,0.0,,,,0.0,,,,0.0
440,0.9731800766283525,0.011871113623516111,0.6600392773012397,0.9479042629197428,0.9856906989543203,0.00550357732526142,0.4251592533742448,0.7848812095032397,0.9697828139754485,0.010387157695939566,0.5491395412959441,0.11583898490483482
441,0.559335738275905,0.05230750093295186,0.900805041684105,0.9572517266015718,0.9265402843601895,0.021800947867298578,0.7780134675836103,0.9114470842332614,0.9613928841786525,0.0174110522331567,0.7178739859233949,0.14449792168015752
442,0.8818328493062279,0.003291384317521781,0.7423747717135183,0.9225410812098118,0.9947054930509597,0.0006618133686300463,0.2466317556238201,0.6526997840172786,0.9869812855980472,0.0032546786004882017,0.3404781884785042,0.1344344782323343
443,0.2848696911196911,0.10780646718146718,1.058772882855717,0.9869016432483925,0.8661382650814619,0.005724350506384853,0.7619622557609868,0.9809935205183585,0.9798179659675504,0.004550850811238623,0.48429434447068426,0.552833078101072
444,0.9965955218017546,0.00019641220374492602,0.43530495553936654,0.9093831864729698,1.0,0.0,0.06926551237461843,0.6276457883369331,0.9976878612716763,0.0,0.09611373766184673,0.09461824546051192
445,0.08513555624805236,0.16808974758491743,0.9019857813648043,0.9552869730888307,0.517641804376954,0.013845466726217061,1.1164963850024783,0.967170626349892,0.7986179664363278,0.0073050345508390915,0.9299104187932913,0.5540363159046161
446,,,,0.0,,,,0.0,,,,0.0
447,,,,0.0,,,,0.0,,,,0.0
448,,,,0.0,,,,0.0,,,,0.0
449,0.8489313266725687,0.019033767547742508,0.5381108821879063,0.9415336984996427,0.9738562091503268,0.004901960784313725,0.2654810601311055,0.7930885529157667,0.9753231492361927,0.008225616921269096,0.322881224929084,0.1861737037847298
450,0.9886378826360113,0.0010693757519048255,0.539071241307528,0.44540366753989047,0.9989764585465711,0.0,0.45561601410950864,0.4220302375809935,0.9956663055254604,0.0,0.36721865309097323,0.20192518048567054
451,0.9797987059669303,0.0,0.3132021979246853,0.8281733746130031,0.9800995024875622,0.0,0.45555904439792044,0.43412526997840173,0.9838255977496484,0.0,0.4234075118852996,0.15554583242178954
452,0.9843704565280604,0.0005088688572259378,0.4683124635526883,0.8190045248868778,0.9944547134935305,0.0009242144177449168,0.23162046393743746,0.4673866090712743,0.9507575757575758,0.003787878787878788,0.5626956010491174,0.028877707285057973
453,0.30668449197860964,0.6933155080213904,1.3835365336109011,0.22267206477732793,0.1710843373493976,0.8289156626506025,1.131111535347197,0.17926565874730022,0.21129032258064517,0.7887096774193548,1.2256604231282708,0.06781885801793919
454,,,,0.0,,,,0.0,,,,0.0
455,1.0,0.0,0.0,0.06400333412717314,1.0,0.0,0.0,0.027645788336933045,1.0,0.0,0.0,0.014001312623058412
456,,,,0.0,,,,0.0,,,,0.0
457,,,,0.0,,,,0.0,,,,0.0
458,,,,0.0,,,,0.0,,,,0.0
459,,,,0.0,,,,0.0,,,,0.0
460,0.6706534055142893,0.09908095178144279,1.2746949928907787,0.4729102167182663,0.7651933701657458,0.06077348066298342,1.1559795474624284,0.3127429805615551,0.6995133819951338,0.0827250608272506,1.2593095396559946,0.08991467950120324
461,0.7596165893998246,0.04798897381280541,0.9999567796037871,0.9503453203143606,0.8958637469586375,0.00583941605839416,0.8319682871260452,0.8876889848812095,0.941404566996984,0.006031882809133994,0.660618459942981,0.25388317654780135
462,,,,0.0,,,,0.0,,,,0.0
463,,,,0.0,,,,0.0,,,,0.0
464,,,,0.0,,,,0.0,,,,0.0
465,,,,0.0,,,,0.0,,,,0.0
466,0.0,0.0,0.0,0.004346272922124315,0.0,0.0,0.0,0.004319654427645789,0.0,0.0,0.0,0.004375410194705754
467,,,,0.0,,,,0.0,,,,0.0
468,1.0,0.0,0.0,0.0053584186711121695,1.0,0.0,0.0,0.0012958963282937365,1.0,0.0,0.0,0.0008750820389411508
469,0.9946465639680979,0.00010925379656943078,0.3190365501065089,0.5449511788521076,1.0,0.0,0.4943410710351659,0.4427645788336933,0.9986577181208054,0.0,0.4344404950005545,0.08149201487639467
470,0.9923353293413174,0.0011976047904191617,0.3526587311194459,0.49714217670874017,1.0,0.0,0.485749032890193,0.424622030237581,0.9725190839694656,0.01984732824427481,0.6537416929398374,0.07164734193830671
471,0.7973860219672332,0.00625882064183592,0.5419600928700407,0.9702905453679448,0.9891745602165088,0.0004510599909788002,0.4582986272682103,0.9576673866090712,0.9936826458565589,0.0014864362690449647,0.47641598140774183,0.2943557208488296
472,0.3829982838931111,0.009990193674920324,0.688997107698789,0.9714217670874018,0.9397163120567376,0.0008865248226950354,0.38190318363763814,0.9745140388768898,0.9679823818397425,0.000338810774182619,0.6129276450834604,0.6457011594837015
473,0.3829982838931111,0.009990193674920324,0.688997107698789,0.9714217670874018,0.9397163120567376,0.0008865248226950354,0.38190318363763814,0.9745140388768898,0.9679823818397425,0.000338810774182619,0.6129276450834604,0.6457011594837015
474,0.9168284789644013,0.0025080906148867315,0.6520038868597016,0.7358894974994046,0.9637336504161712,0.0005945303210463733,0.5618090983210128,0.7265658747300215,0.9591414533229894,0.004396172743728989,0.5617724086414415,0.42299278057317874
475,0.7907270431174455,0.013771122737386494,0.7423266123765072,0.9900571564658251,0.9497377622377622,0.005681818181818182,0.6958019601305233,0.9883369330453564,0.9832095096582466,0.002526002971768202,0.4190383833777552,0.7361627652592431
476,0.9381584974805314,0.005863490609253321,0.35205734571595604,0.649857108835437,0.9948339483394834,0.0,0.11818013535353318,0.5853131749460043,0.9968831168831169,0.00025974025974025974,0.09106032842458986,0.4211332312404288
477,0.9560432842208229,0.0004890872409366021,0.5585154936967736,0.9738628244820196,0.9865513928914506,0.0,0.503967166249202,0.8993520518358531,0.9903505037604654,0.0,0.28777726283151644,0.7708378910522862
478,0.9279663599244317,0.00901944055091718,0.6723841420218563,0.9769587997142176,0.9598233995584989,0.0004415011037527594,0.5864811772735661,0.978401727861771,0.944296710986704,0.0018194541637508747,0.6177051324499712,0.7815576460293152
479,0.972015300986511,0.0022817260586537815,0.4068761894655233,0.8871755179804716,0.9777347531461762,0.005324298160696999,0.2964710833109741,0.8924406047516199,0.9693067181798669,0.002361021678471775,0.2909566050260656,0.5096259024283527
480,0.7558968058968059,0.017444717444717445,0.6089763658363574,0.9692783996189569,0.9620811287477954,0.0030864197530864196,0.24895249935568295,0.9796976241900648,0.9744448579580697,0.001612703138568416,0.20673905071683987,0.881754539488077
481,0.0,0.0,0.0,0.003393665158371041,,,,0.0,,,,0.0
482,,,,0.0,,,,0.0,,,,0.0
483,0.0,0.0,,5.953798523457966e-05,,,,0.0,,,,0.0
484,,,,0.0,,,,0.0,,,,0.0
485,0.5822510822510822,0.05398886827458256,0.9360407376674623,0.9627292212431531,0.9445738239403819,0.008849557522123894,0.6988670095770267,0.9274298056155508,0.9335881509794554,0.019589106545628284,0.7763190656111087,0.22894333843797857
486,0.6557893230284815,0.029053957349363103,0.7219645067111482,0.8319838056680162,0.721102863202545,0.02332979851537646,0.6574798343325716,0.8146868250539957,0.9015580736543909,0.025495750708215296,0.5742034540403133,0.1544519798731131
487,0.7964733025708636,0.06542518127883981,1.0492422623517381,0.3612764944034294,0.9679802955665024,0.006157635467980296,0.615526610675035,0.350755939524838,0.811443433029909,0.11183355006501951,1.2782381515188264,0.08411726099321812
488,,,,0.0,,,,0.0,,,,0.0
489,0.0,0.0,0.0,0.0057156465825196475,,,,0.0,,,,0.0
490,0.0,0.0,0.0,0.0057156465825196475,,,,0.0,,,,0.0
491,0.9694185211773152,0.004522613065326633,0.621642279458218,0.8293641343176947,0.9939577039274925,0.0006042296072507553,0.39908786652079425,0.714902807775378,0.990023942537909,0.0007980845969672786,0.3928633301000925,0.27411944869831545
492,,,,0.0,,,,0.0,,,,0.0
493,,,,0.0,,,,0.0,,,,0.0
494,,,,0.0,,,,0.0,,,,0.0
501,0.7907088699001084,0.011854615477193405,0.5976655883264411,0.9894022386282448,0.9686411149825784,0.0008710801393728223,0.3468518782869978,0.991792656587473,0.9949849548645938,0.00033433634236041456,0.46223338697467725,0.9815138919273682
502,0.5403696790896502,0.051417905954602924,0.877719179086718,0.9888663967611336,0.9603485838779956,0.0,0.5480583181580821,0.9913606911447084,0.9350039154267815,0.003915426781519186,0.6678454165669565,0.9777947932618682
503,0.6105523098235258,0.019213395169547672,0.9692130807738534,0.9885091688497262,0.9720524017467249,0.0008733624454148472,0.3430490235021631,0.9892008639308856,0.9991126885536823,0.0,0.4710455031523875,0.9862174578866769
504,0.6522656061701615,0.04892745239816823,0.8893495705504211,0.9880924029530841,0.9921363040629095,0.00043687199650502403,0.4527484742090382,0.988768898488121,0.9534599577918471,0.000999666777740753,0.561182629578326,0.9847954495733975
505,0.7289809684413394,0.03035413153456998,1.0086873557932197,0.9885687068349607,0.9851722634103794,0.0008722197993894462,0.5587648480487611,0.9904967602591793,0.9996640537513998,0.00011198208286674133,0.2488870042291532,0.9768103259680595
506,0.7685174033481874,0.09382151029748284,1.0392913314167094,0.9886877828054299,0.9965095986038395,0.0017452006980802793,0.5239978397499175,0.9900647948164147,0.9729759910664433,0.0016750418760469012,0.4945335147751368,0.9795449573397506
507,0.6729715077404975,0.020902355279802422,0.9094665592832928,0.9883900928792569,0.9716404886561955,0.0004363001745200698,0.5140233787766431,0.9900647948164147,0.9917429145280071,0.0002231644722160232,0.3848427050491963,0.9803106541238241
508,0.6769647696476965,0.0354712436013249,0.9499651637724226,0.9886282448201953,0.9921431689218682,0.001745962461807071,0.5387374586954099,0.9896328293736502,0.9568046673398407,0.0006731740154830024,0.5610821504977127,0.9749507766353096
509,0.5806587583549105,0.017823809237068704,0.9652752716943983,0.9887473207906644,0.9698821475338281,0.0013094718463553033,0.46561656893060843,0.9896328293736502,0.9978933362900543,0.00022175407473112318,0.3533047479100405,0.9865456136512798
510,0.7671562725740428,0.020406934745966773,0.7480409991281495,0.9890450107168374,0.9952006980802792,0.0,0.509502591368769,0.9900647948164147,0.9892740205487185,0.0006774302811335666,0.3675630971433557,0.9688252023627215
511,0.6940850833383476,0.04579096215175402,0.9604711822080098,0.9894617766134794,0.98301393728223,0.0008710801393728223,0.46431982924294557,0.991792656587473,0.999443950177936,0.00022241992882562276,0.32434824102686044,0.9835922117698535
512,0.8861749488629527,0.021778366020936107,0.6948263957176596,0.9896403905691832,1.0,0.0,0.4768537431774222,0.991792656587473,0.9995540691192865,0.0,0.2980669549764024,0.9811857361627653
513,0.7399216631515517,0.12274781560711058,1.1454884477361114,0.9880328649678495,0.9864687909209952,0.007420340462680052,0.5972476082173291,0.9896328293736502,0.9980916030534351,0.000673551863493489,0.3119320651241631,0.9744038503609713
514,0.8549310199409603,0.021688053497198625,0.704072188615954,0.9882710169087878,1.0,0.0,0.4978379600932772,0.9892008639308856,0.9979910714285715,0.00011160714285714285,0.3586523717571125,0.9800918836140888
515,0.681166405591035,0.06458609471020604,0.9859624370642222,0.9882114789235532,0.9869109947643979,0.003926701570680628,0.5379925062798016,0.9900647948164147,0.9982066801165658,0.0003362474781439139,0.3340794218218699,0.9759352439291183
516,0.8611094380533638,0.012949466963801722,0.9131036850118265,0.9885091688497262,0.9995636998254799,0.0,0.1686423976906294,0.9900647948164147,0.998657567960622,0.00022373867322966775,0.18668359683886582,0.9777947932618682
517,0.7383892536594181,0.08680199987952533,1.0735665022091077,0.9883900928792569,0.9917066783064165,0.002182453077258839,0.5481203506472688,0.9896328293736502,0.9986584684181107,0.0004471771939631079,0.2937839737627202,0.9784511047910741
518,0.8542256490572857,0.010059634961749293,0.6020933544030395,0.9883900928792569,0.9951965065502183,0.002183406113537118,0.5234442727596745,0.9892008639308856,0.9982180643724246,0.00011137097672346586,0.3627389377037915,0.982170203456574
519,0.4529734289329397,0.046634934024221246,1.0809274019227415,0.9881519409383186,0.9724890829694323,0.003930131004366812,0.5923903292376143,0.9892008639308856,0.9838799332962757,0.0006670372429127293,0.48517521388935947,0.9839203675344563
520,0.9796902308202254,0.0005423973964924968,0.4635889812775049,0.9879137889973804,0.9978165938864629,0.0008733624454148472,0.49697346632416173,0.9892008639308856,0.9992248920385339,0.0,0.34261992744209946,0.9878582367096915
521,0.06391317455532107,0.01097377148025324,0.5075774675986844,0.9874374851155037,0.20034843205574912,0.005662020905923345,0.6429381517906706,0.991792656587473,0.7284448929252159,0.001121201928467317,0.8964110240630664,0.9756070881645155
522,0.12873493975903613,0.01578313253012048,0.5417474399055193,0.9883305548940224,0.4895470383275261,0.0,0.6363080364308716,0.991792656587473,0.7102355173568479,0.004576403616475053,0.920051514551273,0.9799824983592211
523,0.6461492178098677,0.007581227436823105,0.6656599972373262,0.989521314598714,0.9358918447448757,0.0,0.42680494159285426,0.9904967602591793,0.9713651498335183,0.002774694783573807,0.5459875598651481,0.985561146357471
524,0.5158180174751431,0.16095209400421814,1.2220170094480445,0.9880328649678495,0.9882250327082425,0.005233318796336677,0.566373216004522,0.9904967602591793,0.9364245810055866,0.007486033519553073,0.7138801771823753,0.9789980310654124
525,0.9404523679582802,0.005457522284882663,0.654486374803754,0.9818409145034532,0.9956101843722563,0.0,0.5108665779977597,0.9840172786177106,0.9923323414969101,0.0018310826276035706,0.4014551486437226,0.9558083570334719
526,0.6307710901619531,0.18817984046410444,1.3677601203942165,0.9852345796618243,0.9886413280908694,0.003931847968545216,0.5396726762022124,0.988768898488121,0.9404842724598326,0.012898845892735914,0.7670820936472985,0.9667468825202362
527,0.9975786924939467,0.0,0.19682713252204903,0.0245891879018814,1.0,0.0,0.0,0.00734341252699784,1.0,0.0,0.0,0.0030627871362940277
528,1.0,0.0,0.0,0.02452964991664682,1.0,0.0,0.0,0.00734341252699784,1.0,0.0,0.0,0.0030627871362940277
529,0.3338556104616126,0.02814270218151139,0.9636104225937178,0.9879733269826149,0.8179039301310044,0.0,0.7788941706336153,0.9892008639308856,0.9209291936564664,0.0,0.5618061115824767,0.979435572084883
530,0.4362048192771084,0.0,0.7465917644156557,0.9883305548940224,0.762882096069869,0.0,0.8505757482976339,0.9892008639308856,0.9128989361702128,0.0,0.5870137261053774,0.9870925399256181
531,0.6812657923234268,0.03194561424617976,0.8340484364985515,0.9896403905691832,0.9769163763066202,0.01132404181184669,0.4873499392991931,0.991792656587473,0.9838709677419355,0.0024304021210782146,0.5243804699143553,0.990155327061912
532,0.9365938759550021,0.010587739878481621,0.5516475531013457,0.9896999285544177,0.9995644599303136,0.0,0.48938385489364095,0.991792656587473,0.998894783377542,0.00011052166224580017,0.26063038829620655,0.9897177860424414
533,0.6807435480960116,0.02388257233952957,0.7691737585607578,0.9896999285544177,0.9612369337979094,0.008710801393728223,0.48335223875972155,0.991792656587473,0.9714822593124792,0.0009948049077042114,0.5530401437513903,0.9896084007875738
534,0.6645009926006136,0.0026469349696204053,0.6353729738608117,0.9896999285544177,0.9912891986062717,0.0,0.4430782216742782,0.991792656587473,0.9977885891198585,0.00011057054400707652,0.35796845896039503,0.9892802450229708
535,0.9465739130434783,6.956521739130434e-05,0.3437910158799127,0.8558585377470826,0.9933842239185751,0.0,0.48230022415111684,0.8488120950323974,0.984179301252472,0.0,0.43442809977774666,0.3318748632684314
536,0.3795423023578363,0.007142857142857143,0.6488402446703068,0.8585377470826387,0.64977192093259,0.012671059300557527,0.6452749392916998,0.8522678185745141,0.8550329105795473,0.008669128270990529,0.9590160374542863,0.6813607525705535
537,0.6038704307414857,0.0001387251161822848,0.5856270117683371,0.858359133126935,0.7582361885453623,0.0005068423720223011,0.48272119536997676,0.8522678185745141,0.8582634075155053,0.003283473184968989,0.8470392751824901,0.5996499671844235
538,0.2976374630853607,0.0,0.7711317240981875,0.846749226006192,0.878175519630485,0.0,0.6843509298258101,0.7481641468682505,0.8619361936193619,0.0,0.7043081838017193,0.1988623933493765
539,0.9243614931237721,0.002175133314622509,0.47321351272703793,0.8485353655632294,0.9811991869918699,0.0,0.3817456535816786,0.8501079913606912,0.9969156956819739,0.0,0.41879637706615847,0.6383723474075694
