road_id,green,industrial,commercial
206378333_6315715548_0,0.0,64.46054376033798,0.0
208568922_208568921_0,0.147570980733882,0.0,0.0
208568926_208568922_1,15.415345065232767,0.0,0.0
208595138_208595144_0,9.872401506655311,0.0,0.0
208595144_2332249073_0,6.55194597086086,0.0,0.0
211305820_211305823_0,3.768868783900456,18.960027949469644,0.0
211305823_1564374009_0,5.746272912031554,24.467271922143084,0.0
211305823_211305824_0,6.991218094376282,21.223239386497312,0.0
211305824_211305825_0,7.092476908101491,13.908828663743405,0.0
211305825_1131453368_0,5.877629615796312,3.562327573936323,0.0
211310173_211311619_0,8.622446055142326,42.14720021553558,0.0
211310173_1564374009_0,6.564195659088759,35.67265612359167,0.0
211310729_1885951241_0,11.006142967623624,22.29291921029765,0.0
211311619_211311623_0,7.859328696282067,46.695432413455876,0.0
211311623_211313493_0,8.117144177596826,43.0982911887675,0.0
211311623_1885951247_0,9.819197675659023,37.03712203515928,0.0
211313493_1885951247_0,9.829640103335326,31.93118157394128,0.0
211313493_1094296689_0,1.3412377348585225,42.93442760691843,0.0
211317741_243495396_0,0.0,82.73321206969506,0.0
211317741_1187334109_0,5.109630390386846,43.29646320403368,0.0
211317741_1094296689_0,0.0,43.176198187156814,0.0
211318993_211318996_0,19.56743769427671,0.0,0.0
211318993_243494580_0,26.40129255114824,0.0,0.0
211318996_211319000_0,16.093146790992126,0.0,0.0
211318996_1843795432_0,20.24880403654755,0.0,0.0
211319000_1130841547_0,6.157380087592017,0.0,0.0
211319000_211320730_0,3.6402771688273834,0.0,0.0
211320730_409137876_0,0.0,0.0,0.0
211320730_211320731_0,0.0,0.0,0.0
211320730_211319000_0,3.6402771688273843,0.0,0.0
211320731_1129273462_0,0.0,0.0,0.0
211320731_211320730_0,0.0,0.0,0.0
211320732_1129273462_0,1.885842102012654,0.0,0.0
211320732_211321251_0,5.424484703389107,0.0,0.0
211321251_1763262440_0,6.266981686608442,0.0,0.0
211321253_211321896_0,5.990624844865829,0.0,0.0
211321253_728705258_0,7.486149650294354,0.0,9.356331726700926
211321256_211320732_0,5.410287729856321,0.0,0.0
211321256_211321251_0,5.391648489773793,0.0,0.0
211321896_10185494295_0,4.359565761230119,0.0,13.941425635837689
211321896_211321900_0,5.390658260597451,0.0,0.0
211321900_2187119246_0,6.343041265544555,0.0,0.0
211321900_1109639608_0,5.981275518581911,0.0,0.0
214922958_214922960_0,108.79846773756738,20.111895079400004,0.0
214922960_214922962_0,143.4909070720054,13.47386361659216,0.0
214922960_214922958_0,108.79846773756748,20.111895079400018,0.0
214922962_214922960_0,143.49090707200537,13.473863616592155,0.0
214922962_214923388_0,150.047529742124,0.0,0.0
214923388_214924707_0,138.66888239558932,0.0,0.0
214923391_214925654_0,141.53655315127494,0.0,0.0
214923391_214924711_0,127.02536863019738,0.0,0.0
214923395_214922962_0,142.35441383887215,0.0,0.0
214923395_214923388_0,136.6738600943322,0.0,0.0
214924707_5772382726_0,146.54680605052292,0.0,0.0
214924707_214924708_0,137.97689308316453,0.0,0.0
214924708_214923391_0,129.56844385607243,0.0,0.0
214924711_214924714_0,119.2315019435261,0.0,0.0
214924714_214925862_0,115.10551079262008,0.0,0.0
214924714_214924716_0,121.87157302498042,0.0,0.0
214924716_214923395_0,123.37933969517468,0.0,0.0
214925654_4549490595_0,143.7674963780531,0.0,0.0
214925654_214924711_0,137.69331304582033,0.0,0.0
214925862_4353325945_0,138.12669349273708,0.0,0.0
214925862_214924716_0,114.14775265008603,0.0,0.0
242925411_242925494_0,39.22364662588,0.0,0.0
242925494_11387988431_0,45.811721081372575,0.0,0.0
242925494_242925495_0,42.70566212147899,0.0,0.0
242925495_2221700186_0,34.90152318759025,0.0,0.0
242925500_242925411_0,38.05254208505552,0.0,0.0
242926973_5772382696_0,3.3197379666229674,0.0,0.0
243494580_4223738581_0,10.44675063537006,0.0,0.0
243494580_211318993_0,26.40129255114826,0.0,0.0
243494580_1187722456_0,4.417890551632885,8.395226614458227,0.0
243494597_1672512429_0,0.0,46.191308835649394,8.442221803825344
243495392_243495422_0,0.0,100.00000000000007,0.0
243495392_1994627752_0,0.0,100.00000000000003,0.0
243495396_243495392_0,0.0,99.99999999999997,0.0
243495396_211317741_0,0.0,82.73321206969503,0.0
243495422_243495396_0,0.0,100.0,0.0
243495422_245491719_0,0.0,100.00000000000003,0.0
245491677_245491689_0,0.0,52.67787250799923,0.0
245491682_243494597_0,0.0,53.44980827605046,5.844509118953561
245491682_245491677_0,0.0,53.50054498745386,0.4899240529613537
245491688_245491689_0,0.0013426724912079864,61.05350796563539,0.0
245491688_4568983477_0,0.0026559152755077507,81.52156365998482,0.0
245491689_245491716_0,0.0,86.33769969537514,0.0
245491689_245491688_0,0.0013426724912079864,61.05350796563539,0.0
245491689_245491677_0,0.0,52.67787250799925,0.0
245491716_4568983477_0,0.0,100.0,0.0
245491716_245491689_0,0.0,86.33769969537515,0.0
245491716_12180995971_0,0.0,95.90660187778609,0.0
245491716_245491719_0,0.0,100.0,0.0
245491717_245491717_0,3.396922657162159,73.54983128890427,0.0
245491717_4568983480_0,0.0,92.43196709553122,0.0
245491719_1672512207_0,0.0,86.0068814811341,0.0
245491719_245491716_0,0.0,100.0,0.0
245491719_243495422_0,0.0,99.99999999999997,0.0
245491719_1187334109_0,0.5001257249196834,86.09654703927407,0.0
245491904_1693128085_0,25.01526818420679,0.0,0.0
245491904_245491906_0,9.88242722823843,0.0,0.0
245491904_1843795431_0,31.89325270482786,0.0,0.0
245491904_409137871_0,7.711385728640597,0.0,0.0
245491906_1843795432_0,11.020011301152197,0.0,0.0
245491906_245491904_0,9.882427228238427,0.0,0.0
245491906_1843795433_0,0.0,0.0,0.0
245491934_1672512178_0,29.82850669979589,0.0,0.0
245491934_11382810690_0,26.947109419537803,0.0,0.0
245935461_1562259338_0,5.2100892279643665,0.0,0.0
245935861_1562259365_0,12.416310253174725,0.0,0.0
245936231_245936541_0,36.633942912932596,0.0,0.0
245936231_245936405_0,26.07043654409793,0.0,0.0
245936350_1180802572_0,20.0491483066874,0.0,0.0
245936350_245936514_0,24.05717563974736,0.0,0.0
245936353_245936513_0,7.045016423018573,0.0,0.0
245936353_245936350_0,16.60034862588235,0.0,0.0
245936370_245936371_0,0.0,0.0,0.0
245936370_245936514_0,16.587670861364394,0.0,0.0
245936370_245936393_0,15.637817694207046,0.0,0.0
245936371_245936370_0,0.0,0.0,0.0
245936371_246181265_0,0.349438799722839,0.0,0.0
245936393_245936514_0,20.401998574056375,0.0,0.0
245936393_245936395_0,39.94971427842749,0.0,0.0
245936395_245936457_0,44.04071440085155,0.0,0.0
245936395_245936513_0,32.26875945758631,0.0,0.0
245936399_245936456_0,10.911080747564448,0.0,0.0
245936399_245936401_0,43.766447652078874,0.0,0.0
245936401_245936453_0,13.575650050632696,0.0,0.0
245936401_245936405_0,39.89504019475304,0.0,0.0
245936405_245936453_0,6.430731556829959,0.0,0.0
245936453_245936456_0,0.0,0.0,0.0
245936456_10102980234_0,4.592962573075057,0.0,0.0
245936457_245936399_0,47.21679090845583,0.0,0.0
245936513_245936353_0,7.045016423018572,0.0,0.0
245936513_245936457_0,33.15160697227347,0.0,0.0
245936514_245936370_0,16.587670861364405,0.0,0.0
245936514_245936350_0,24.057175639747374,0.0,0.0
245936532_10102978858_0,26.770903904294375,0.0,0.0
245936541_245936558_0,21.780891058206144,0.0,0.0
245936541_245936532_0,46.094736679786244,0.0,0.0
245936558_245935461_0,1.9180619687766187,0.0,0.0
245936609_245936532_0,27.77782116361882,0.0,0.0
245936609_245936558_0,1.3465637656553615,0.0,0.0
246181265_245936371_0,0.34943879972283903,0.0,0.0
246181265_246181267_0,0.49738146777926573,0.0,0.0
246181267_245935861_0,5.12427857266792,0.0,0.0
246181267_246181268_0,0.5300605556527275,0.0,0.0
246181268_1092263653_0,0.373049272814736,0.0,0.0
246181268_246181270_0,0.5050933781706288,0.0,0.0
246181270_246181271_0,0.5281077340740714,0.0,0.0
246181271_246181265_0,0.4955378795641875,0.0,0.0
246181791_246181792_0,0.0,0.0,0.0
246181792_1086375812_0,1.2432582284815685,0.0,0.0
246181792_2407138065_0,3.4845892544723167,0.0,0.0
246182003_246181791_0,0.0,0.0,0.0
246182003_246182298_0,0.0,0.0,0.0
246182133_1091868516_0,0.0,0.0,0.0
246182298_4569344756_0,0.0,0.0,0.0
246182514_246182517_0,6.366314652088456,0.0,0.0
246182517_2407138071_0,5.772173215630522,0.0,0.0
246182517_2407138072_0,6.095625955705477,0.0,0.0
246182519_1609997967_0,5.338025625860641,0.0,0.0
246182519_246182520_0,6.201625655534566,0.0,0.0
246182520_246182522_0,8.501880462041875,0.0,0.0
246182522_1091842294_0,7.6523715795328044,0.0,0.0
246182522_4560313023_0,8.495073195557827,0.0,0.0
246182757_1693797759_0,12.360378778170997,0.0,0.0
246182757_1177157014_0,9.46819282038922,0.0,0.0
246811462_246811482_0,11.236206409745403,0.0,0.0
246811464_1086375812_0,6.290529274938578,0.0,0.0
246811482_1243851790_0,12.342334607493266,0.0,0.0
246811482_4570126146_0,11.276634514862234,0.0,0.0
246811887_246811462_0,7.597681767687849,0.0,0.0
246811978_246811887_0,4.133326767666732,0.0,0.0
409128578_409137868_0,0.0,0.0,0.0
409128578_409128580_0,0.0,0.0,0.0
409128580_2143335965_0,0.0,0.0,0.0
409131078_409128578_0,0.0,0.0,0.0
409131078_2143335965_0,0.0,0.0,0.0
409131078_1512564830_0,9.47253937866649,14.939709515804031,0.0
409131078_409292136_0,0.0,1.138004267396248,2.1363085527354664
409137868_1200554673_0,0.0,0.0,0.0
409137868_7839120968_0,0.0,0.0,0.0
409137869_409128580_0,0.0,0.0,0.0
409137869_409137868_0,0.0,0.0,0.0
409137871_409137869_0,0.0,0.0,0.0
409137871_245491904_0,7.711385728640598,0.0,0.0
409137876_1843795433_0,0.0,0.0,0.0
409137876_1843795432_0,9.699908936616014,0.0,0.0
409292135_1200000512_0,3.0999336232378836,36.87292909539306,4.49581247584779
409292135_1109639584_0,0.0,14.683634296595512,11.184744520072224
409292136_1200005269_0,0.0,2.59811829116997,11.25536615929711
409292136_409131078_0,0.0,1.138004267396248,2.136308552735467
470891194_473480022_0,0.0,0.0,0.0
470891208_470891212_0,3.581520759753317,0.0,0.0
470891212_473476285_0,14.059976482698943,0.0,0.0
470891212_473480356_0,5.560917801248147,0.0,0.0
472447898_4556222967_0,21.062403248842248,0.0,0.0
472447898_472447916_0,16.518941092495158,0.0,0.0
472447916_473480356_0,13.692620115387344,0.0,0.0
473475862_473476286_0,0.0,0.0,0.0
473476285_4556222967_0,18.041156566144387,0.0,0.0
473479961_473480378_0,0.0,0.0,0.0
473480022_4271743735_0,0.0,0.0,0.0
473480356_473480374_0,4.155667727846812,0.0,0.0
473480374_473479961_0,0.0,0.0,0.0
473480374_473481308_0,0.0,0.0,0.0
473480378_470891208_0,0.0,0.0,0.0
473481292_473481295_0,0.0,0.0,0.0
473481292_11387988431_0,4.664770146149367,0.0,0.0
473481295_473481298_0,0.0,0.0,0.0
473481298_473481308_0,0.0,0.0,0.0
473481298_473481292_0,0.0,0.0,0.0
473481308_473479961_0,0.0,0.0,0.0
473481308_473481298_0,0.0,0.0,0.0
473593916_473593917_0,60.2008434081703,0.0,0.0
473593916_4549490595_0,69.74924865787546,0.0,0.0
473593917_4549490596_0,48.06360466883747,0.0,0.0
473593917_473593916_0,60.20084340817032,0.0,0.0
607644062_1131686638_0,0.0,0.0,0.0
607644080_1119093874_0,6.524079310206204,0.0,0.0
607644080_607644081_0,8.977301376726258,0.0,0.0
607644081_1130898039_0,3.766066993816042,0.0,0.0
607644081_607644080_0,8.977301376726246,0.0,0.0
607644081_1472993474_0,11.93634295647832,0.0,0.0
607644089_607644091_0,46.37694727645358,0.0,0.0
607644091_1134264314_0,28.208878574087016,0.0,0.0
607644091_1105149728_0,44.143951264200716,0.0,0.0
728705249_10108109102_0,2.6866923780682317,49.314715097553666,1.4933140029271228
728705250_728705253_0,0.0,100.00000000001259,0.0
728705250_10108109103_0,0.0,92.72866347335938,1.3716727035688687
728705251_728705250_0,0.0,100.0000000000079,0.0
728705253_1200000513_0,0.0,100.0000000000028,0.0
728705256_1109639584_0,5.143947378660443,23.7116458362533,2.076189872715944
728705256_1200000512_0,12.57143960133717,47.67818854763035,0.33245679372354814
728705258_728705264_0,20.298057911349495,10.990790339847965,30.599470030225422
728705258_10207349882_0,5.39646235338676,0.0,34.04192814844271
728705259_1200059348_0,0.0,99.99999999999454,0.0
728705259_1189660061_0,0.0,99.99999999999841,0.0
728705262_728705251_0,0.0,99.99999999999075,0.0
728705264_1512564830_0,28.05542027092633,44.865808858472214,6.141871756772061
728705264_2143335964_0,9.66749382815246,8.489797397207173,7.089976170713951
728705264_10108109106_0,6.089984752921755,47.28362783727623,18.705711734208645
728705271_2987193095_0,44.851266959749594,0.0,0.0
728705278_10108109105_0,18.740833304750698,21.084005143134995,1.5844244183169895
728705278_728705271_0,36.809903889715386,0.0,0.0
1084139051_2404830460_0,0.0,0.0,0.0
1084139051_1094296578_0,0.0,0.0,0.0
1084139081_1084139051_0,0.0,0.0,0.0
1085377805_1177157058_0,2.7679280771273715,0.0,0.0
1085377805_1609997995_0,4.808245294743957,0.0,0.0
1085377812_1094360581_0,8.374665762432668,0.0,0.0
1085377812_1609998009_0,14.23428463709181,0.0,0.0
1086361193_246181791_0,1.327049826057573,0.0,0.0
1086361193_1305278134_0,3.7362613731781598,0.0,0.0
1086375812_1086361193_0,4.4598549570703225,0.0,0.0
1086375875_1512110629_0,0.0,0.0,0.0
1086375875_1249875748_0,0.0,0.0,0.0
1091826692_1177183161_0,0.0,0.0,0.0
1091826692_1177183150_0,0.0,0.0,0.0
1091826692_1091842307_0,0.0,0.0,0.0
1091842257_6447291071_0,0.0,0.0,0.0
1091842257_1091842307_0,0.0,0.0,0.0
1091842276_1609997967_0,5.033477080635713,0.0,0.0
1091842276_1512110522_0,1.0397281004259773,0.0,0.0
1091842276_1177120060_0,1.404703143514944,0.0,0.0
1091842279_1383136506_0,0.0,0.0,0.0
1091842279_1096513772_0,0.0,0.0,0.0
1091842279_1177157058_0,0.13449175861502274,0.0,0.0
1091842279_1104969800_0,0.0,4.779754164501306,0.0
1091842294_1177120050_0,4.05973984783733,0.0,0.0
1091842294_2407138065_0,8.809649313835264,0.0,0.0
1091842307_1091842257_0,0.0,0.0,0.0
1091842307_1091826692_0,0.0,0.0,0.0
1091842307_1091842327_0,0.0,0.0,0.0
1091842327_1095440376_0,0.0,0.0,0.0
1091842327_1094237241_0,0.0,0.0,0.0
1091842327_1091842307_0,0.0,0.0,0.0
1091868516_1091868533_0,0.0,0.0,0.0
1091868516_4620449099_0,0.0,0.0,0.0
1091868517_4584610471_0,2.2591316600055333,0.0,0.0
1091868533_1091868517_0,0.0,0.0,0.0
1091868533_1091868517_1,0.0,0.0,0.0
1091868583_1113674840_0,8.858233664694767,0.0,0.0
1092205604_1094077893_0,18.823387161167986,5.165356525072663,0.0
1092219000_1169035416_0,0.0,0.0,0.0
1092219000_1092219016_0,0.0,0.0,0.0
1092219005_1092472096_0,0.0,0.0,0.0
1092219005_1624926347_0,0.0,0.0,0.0
1092219005_1092219019_0,0.0,0.0,0.0
1092219016_1113674854_0,0.0,0.0,0.0
1092219016_1169035403_0,0.0,0.0,0.0
1092219016_1180833970_0,0.0,0.0,0.0
1092219019_1092219005_0,0.0,0.0,0.0
1092219019_1086375875_0,0.0,0.0,0.0
1092219034_1180833970_0,0.0,0.0,0.0
1092219034_1113674842_0,0.0,0.0,0.0
1092219071_1169035390_0,0.0,0.0,0.0
1092247422_1092247431_0,0.0,0.0,0.0
1092247422_1113674857_0,0.0,0.0,0.0
1092247431_1113674859_0,0.0,0.0,0.0
1092247444_1113674836_0,0.0,0.0,0.0
1092247444_1092247422_0,0.0,0.0,0.0
1092247454_1094296530_0,0.0,0.0,0.0
1092247454_1180833967_0,21.498894935135226,2.0077915140941043,0.0
1092247454_1092247444_0,0.0,0.0,0.0
1092247492_1113674820_0,0.0,0.0,0.0
1092247492_6289097043_0,0.0,0.0,0.0
1092247501_1113674833_0,0.0,0.0,0.0
1092247501_1092247492_0,0.0,0.0,0.0
1092247529_1092219071_0,0.0,0.0,0.0
1092247529_1113674842_0,0.0,0.0,0.0
1092247552_1095439448_0,0.0,0.0,0.0
1092263653_246182133_0,0.12077494569484554,0.0,0.0
1092263653_1562259326_0,3.3171335400658504,0.0,0.0
1092263787_1092263800_0,0.0,0.0,0.0
1092263787_1113674852_0,0.0,0.0,0.0
1092263800_1512110633_0,0.0,0.0,0.0
1092472096_1092247552_0,0.0,0.0,0.0
1092472096_1094296489_0,0.0,0.0,0.0
1092472112_1512110745_0,0.0,0.0,0.0
1092472112_1145637534_0,0.0,0.0,0.0
1094077853_1512110633_0,0.0,0.0,0.0
1094077853_6289097043_0,0.0,0.0,0.0
1094077886_1095439849_0,38.14706492380545,2.0493975073241315,0.0
1094077886_1092205604_0,27.189207666146313,4.7287453875451675,0.0
1094077893_1094077886_0,24.97595669933273,5.0499413109353135,0.0
1094077893_1094077905_0,9.475307879250854,3.315329430591026,0.0
1094077905_1092247501_0,0.0,0.0,0.0
1094077905_4087742279_0,0.0,0.0,0.0
1094077912_1094077905_0,0.0,0.0,0.0
1094077933_6447291071_0,0.0,0.0,0.0
1094077933_1094077936_0,0.0,0.0,0.0
1094077933_1177120124_0,0.0,0.0,0.0
1094077936_1177120079_0,0.0,0.0,0.0
1094077936_1177120124_0,0.0,0.0,0.0
1094077936_1094077933_0,0.0,0.0,0.0
1094077940_1094237195_0,0.0,0.0,0.0
1094077940_1094360581_0,0.0,0.0,0.0
1094237192_1128236277_0,0.0,0.0,0.0
1094237195_1094077940_0,0.0,0.0,0.0
1094237195_1094237192_0,0.0,0.0,0.0
1094237195_1177120124_0,0.0,0.0,0.0
1094237241_1094237264_0,0.0,0.0,0.0
1094237264_1094237297_0,0.0,0.0,0.0
1094237264_1128236277_0,0.0,0.0,0.0
1094237291_1091842327_0,0.0,0.0,0.0
1094237291_1094237241_0,0.0,0.0,0.0
1094237297_1624926347_0,0.0,0.0,0.0
1094296489_4087742266_0,0.0,0.0,0.0
1094296524_1094296530_0,21.610186186923585,0.0,0.0
1094296530_1113674838_0,0.0,0.0,0.0
1094296530_1094296524_0,21.61018618692358,0.0,0.0
1094296578_1383136506_0,0.0,0.0,0.0
1094296578_1084139051_0,0.0,0.0,0.0
1094296604_1116354114_0,0.0,5.581670750405618,0.0
1094296604_1094296578_0,0.0,0.0,0.0
1094296689_211313493_0,1.341237734858522,42.93442760691845,0.0
1094296689_211317741_0,0.0,43.17619818715684,0.0
1094296777_1094296854_0,3.417984102985757,0.0,0.0
1094296777_1094296777_0,2.6928650631563813,0.0,0.0
1094296854_1094296777_0,3.417984102985757,0.0,0.0
1094296854_1091842327_0,0.06507721663347218,0.0,0.0
1094360098_1094360174_0,17.19614484898567,0.0,0.0
1094360098_1609997963_0,16.18242421475187,0.0,0.0
1094360109_1094360098_0,18.363504605400294,0.0,0.0
1094360111_1094360109_0,16.594086028832102,0.0,0.0
1094360143_1609997988_0,8.069807151764154,0.0,0.0
1094360174_1094360207_0,22.50122385402913,0.0,0.0
1094360174_1609997963_0,13.809631943646124,0.0,0.0
1094360207_1094360224_0,31.529625644302843,0.0,0.0
1094360207_1094360174_0,22.501223854029117,0.0,0.0
1094360224_1094360531_0,33.326096577045256,0.0,0.0
1094360277_1134266124_0,38.119509851364455,0.0,0.0
1094360277_1094360283_0,27.661890849959867,0.0,0.0
1094360283_1094360537_0,18.678640463972858,0.0,0.0
1094360316_1094360320_0,3.196922912771591,0.0,0.0
1094360316_1094360371_0,14.657397870073954,0.0,0.0
1094360320_1094360316_0,3.196922912771591,0.0,0.0
1094360320_1094360592_0,0.0,0.0,0.0
1094360355_1094360316_0,12.769032111499904,0.0,0.0
1094360355_1094360371_0,20.80778781040422,0.0,0.0
1094360371_1094360207_0,27.3009826673183,0.0,0.0
1094360371_1094360224_0,27.586317055252678,0.0,0.0
1094360498_1094360355_0,19.011491562532207,0.0,0.0
1094360498_1095440291_0,35.09455314356619,0.0,0.0
1094360531_1094360277_0,29.954401718176214,0.0,0.0
1094360531_1094360283_0,26.339128204964307,0.0,0.0
1094360537_5346948499_0,23.09039032017718,0.0,0.0
1094360537_1094360498_0,18.88639212919131,0.0,0.0
1094360581_1085377812_0,8.37466576243267,0.0,0.0
1094360581_1094360320_0,0.0,0.0,0.0
1094360592_1095440240_0,0.0,0.0,0.0
1094360592_1094077940_0,0.0,0.0,0.0
1095439352_1095439863_0,37.60226661032519,0.0,0.0
1095439366_1095439352_0,25.457812037111125,0.0,0.0
1095439366_1095439659_0,26.28790187036027,0.0,0.0
1095439377_1095439435_0,2.3485111367611644,0.0,0.0
1095439377_1095439366_0,8.820476906248608,0.0,0.0
1095439387_1095439377_0,3.4802688632884666,0.0,0.0
1095439387_1095439470_0,8.738999082061294,0.0,0.0
1095439392_1095439387_0,5.183313784680719,0.0,0.0
1095439392_1095439401_0,2.755267776343123,0.0,0.0
1095439401_1113674835_0,0.0,0.0,0.0
1095439401_4087742266_0,0.0,0.0,0.0
1095439435_1094077912_0,0.0,0.0,0.0
1095439448_1092247501_0,0.0,0.0,0.0
1095439448_4087742279_0,0.0,0.0,0.0
1095439470_1095440086_0,4.464612854682608,0.0,0.0
1095439489_1131141541_0,11.21164393115728,0.0,0.0
1095439489_1243851855_0,3.0382826972338695,0.0,0.0
1095439501_1188131659_0,0.10761271288688655,0.0,0.0
1095439501_1095440068_0,0.36751368306077453,0.0,0.0
1095439505_1116623956_0,0.0,0.0,0.0
1095439505_1512110718_0,0.0,0.0,0.0
1095439556_1095440068_0,0.9645555718336292,0.0,0.0
1095439556_4087692906_0,1.1569120214979385,0.0,0.0
1095439603_1095439377_0,10.629539691261785,0.0,0.0
1095439603_1095439556_0,5.325878157877638,0.0,0.0
1095439629_1188085598_0,3.183651528047361,0.0,0.0
1095439629_1672512265_0,8.476790595580438,0.0,0.0
1095439659_1095439629_0,9.024556624097137,0.0,0.0
1095439681_1095439863_0,29.900225525718007,0.0,0.0
1095439681_1095439702_0,13.428199581534573,0.0,0.0
1095439702_1096529613_0,10.937574681761573,0.0,0.0
1095439702_4087692913_0,8.704838992736521,0.0,0.0
1095439849_1094077886_0,38.14706492380543,2.04939750732413,0.0
1095439849_1095439352_0,39.45149880208023,0.0,0.0
1095439863_1095439681_0,29.90022552571801,0.0,0.0
1095439863_1095439882_0,38.191092736616824,0.0,0.0
1095439882_1145610668_0,29.158215846348845,0.0,0.0
1095439882_1095439849_0,35.27058070030134,0.0,0.0
1095440068_1095439556_0,0.9645555718336292,0.0,0.0
1095440068_1095439470_0,3.1305162594638594,0.0,0.0
1095440086_1095440188_0,3.7262109722579746,0.0,0.0
1095440086_1095439501_0,2.7458547773485065,0.0,0.0
1095440170_1095440188_0,2.5209860294517985,0.0,0.0
1095440188_1095439489_0,4.0349069714989545,0.0,0.0
1095440188_1095440086_0,3.7262109722579733,0.0,0.0
1095440240_1094360592_0,0.0,0.0,0.0
1095440240_1095440295_0,0.0,0.0,0.0
1095440291_1095440295_0,17.944646199398083,0.0,0.0
1095440291_1131141534_0,44.47010380631266,0.0,0.0
1095440291_1094360498_0,35.0945531435662,0.0,0.0
1095440295_1095440291_0,17.944646199398075,0.0,0.0
1095440295_1096529573_0,0.0,0.0,0.0
1095440376_1095440543_0,0.0,0.0,0.0
1095440425_1128236277_0,0.0,0.0,0.0
1095440425_1095440240_0,0.0,0.0,0.0
1095440543_1095440376_0,0.0,0.0,0.0
1095440543_1094237192_0,0.0,0.0,0.0
1096507243_2404830460_0,0.0,5.340424696231738,0.0
1096507245_1116354100_0,0.0,3.6751998012965594,0.0
1096507245_246182757_0,5.915051455188144,0.0,0.0
1096513760_1096513772_0,0.0,4.556804445487711,0.0
1096513772_1177157024_0,0.0,0.0,0.0
1096529573_1095440425_0,0.0,0.0,0.0
1096529577_1096529573_0,0.0,0.0,0.0
1096529577_1131141534_0,21.856665194810514,0.0,0.0
1096529607_1672512265_0,8.386877557372756,0.0,0.0
1096529607_1095439603_0,6.066058213937354,0.0,0.0
1096529613_1095439659_0,10.550060559085182,0.0,0.0
1096529613_1095439702_0,10.937574681761575,0.0,0.0
1104961855_1084139081_0,0.0,0.0,0.0
1104961855_1119033380_0,0.0,0.0,0.0
1105037070_4087692901_0,12.34207223715412,0.0,0.0
1105037070_1105149745_0,28.81527792165525,0.0,0.0
1105037086_1131141538_0,12.343294119247643,0.0,0.0
1105149728_1130882694_0,24.805104052763273,0.0,0.0
1105149728_1134264310_0,37.63220937127285,0.0,0.0
1105149745_1105037070_0,28.81527792165523,0.0,0.0
1105149745_5401631423_0,40.24161014566695,0.0,0.0
1105149764_1187706670_0,7.845948659403767,0.0,0.0
1105149764_5345118961_0,10.591857764087985,0.0,0.0
1105149764_1130882703_0,11.784563708198643,0.0,0.0
1105149775_1116623956_0,0.0,0.0,0.0
1105149775_1512110718_0,0.0,0.0,0.0
1105149778_1512110711_0,0.0,0.0,0.0
1105149778_1116623855_0,0.0,0.0,0.0
1108381682_1108381685_0,0.0,0.0,0.0
1108381682_1105149745_0,14.983766984843857,0.0,0.0
1108381685_4087692901_0,2.635598958442892,0.0,0.0
1108381685_1095439505_0,0.0,0.0,0.0
1108381695_5401629314_0,0.0,0.0,0.0
1108381701_1119065594_0,0.0,0.0,0.0
1109639584_409292136_0,0.0,6.921652984897355,5.340978555608867
1109639597_10093451978_0,0.0,0.0,0.0
1109639597_1109639608_0,3.2289937763181493,0.0,0.0
1109639608_4558538598_0,6.602536570320145,0.0,0.0
1113674820_1092247552_0,0.0,0.0,0.0
1113674820_1092219019_0,0.0,0.0,0.0
1113674833_1092205604_0,11.862404335044499,3.306155222716603,0.0
1113674833_1092247454_0,0.0,0.0,0.0
1113674835_1095439435_0,0.0,0.0,0.0
1113674835_1095439387_0,1.9177228094670646,0.0,0.0
1113674836_1092247492_0,0.0,0.0,0.0
1113674836_1113674833_0,0.0,0.0,0.0
1113674838_1092219000_0,0.0,0.0,0.0
1113674838_1180833968_0,6.847876388219342,0.0,0.0
1113674839_1094296489_0,0.0,0.0,0.0
1113674839_1094077912_0,0.0,0.0,0.0
1113674839_1113674835_0,0.0,0.0,0.0
1113674840_1092247529_0,1.1754413598100013,0.0,0.0
1113674840_1113674859_0,2.58413472335547,0.0,0.0
1113674840_1180802572_0,12.404128863716881,0.0,0.0
1113674842_1113674857_0,0.0,0.0,0.0
1113674842_1092247431_0,0.0,0.0,0.0
1113674852_1113674836_0,0.0,0.0,0.0
1113674852_1092247422_0,0.0,0.0,0.0
1113674854_1113674838_0,0.0,0.0,0.0
1113674854_1092247444_0,0.0,0.0,0.0
1113674856_1096529577_0,0.0,0.0,0.0
1113674856_1131141541_0,7.549323616223033,0.0,0.0
1113674857_1113674854_0,0.0,0.0,0.0
1113674857_1092219034_0,0.0,0.0,0.0
1113674859_1092263800_0,0.0,0.0,0.0
1113674859_1113674852_0,0.0,0.0,0.0
1116354114_1094296604_0,0.0,5.581670750405618,0.0
1116623855_1105037086_0,2.987937981346149,0.0,0.0
1116623855_1095439505_0,0.0,0.0,0.0
1116623956_1105149778_0,0.0,0.0,0.0
1116623956_1512110733_0,0.0,0.0,0.0
1119033360_1104961855_0,0.0,0.0,0.0
1119033368_1134264331_0,0.0,0.0,0.0
1119033368_1119033371_0,9.008968373216687,0.0,0.0
1119033371_1186101444_0,9.565721600856696,0.0,0.0
1119033371_1134264331_0,9.604268107251809,0.0,0.0
1119033371_1094360109_0,19.214366398692814,0.0,0.0
1119033380_1119033368_0,0.0,0.0,0.0
1119033380_1094360111_0,5.772166521639493,0.0,0.0
1119033381_1187722477_0,1.3476750301811395,0.0,0.0
1119065594_1119065601_0,0.0,0.0,0.0
1119065594_1119065624_0,0.0,0.0,0.0
1119065601_1134266148_0,0.0,0.0,0.0
1119065619_1119065624_0,0.0,0.0,0.0
1119065619_1119065601_0,0.0,0.0,0.0
1119065624_1119065718_0,0.0,0.0,0.0
1119065628_1119104444_0,22.722268629082855,0.0,0.0
1119065633_4569285099_0,28.914720246912022,0.0,0.0
1119065633_1119065641_0,28.683981155634314,0.0,0.0
1119065641_1119065648_0,20.667061710870573,0.0,0.0
1119065648_1119065698_0,5.092077191691113,0.0,0.0
1119065648_1119065628_0,19.117144923693775,0.0,0.0
1119065698_1119065780_0,0.0,0.0,0.0
1119065718_1140034971_0,0.0,0.0,0.0
1119065718_1119065734_0,0.0,0.0,0.0
1119065732_1108381701_0,0.0,0.0,0.0
1119065734_10095475579_0,2.1254380752329043,0.0,0.0
1119065734_1119065732_0,0.0,0.0,0.0
1119065774_1119065628_0,5.715245244976233,0.0,0.0
1119065774_1119065698_0,0.0,0.0,0.0
1119065780_1119065619_0,0.0,0.0,0.0
1119093840_1119065641_0,24.37260062379201,0.0,0.0
1119093840_4569285099_0,14.040168258124941,0.0,0.0
1119093872_1119093874_0,2.528381104465579,0.0,0.0
1119093874_1119093895_0,10.757570684308488,0.0,0.0
1119093874_607644080_0,6.524079310206194,0.0,0.0
1119093895_1124981438_0,29.686037869844856,0.0,0.0
1119093895_1119093896_0,11.861589924307225,0.0,0.0
1119093896_1119093915_0,8.581058352461936,0.0,0.0
1119093915_1119093920_0,2.020803278989877,0.0,0.0
1119093915_4358780505_0,2.432594862956495,0.0,0.0
1119093920_4358780493_0,0.0,0.0,0.0
1119093920_1119093872_0,0.0,0.0,0.0
1119093947_1119093840_0,10.51023193919908,0.0,0.0
1119104426_1119104440_0,22.63673702924724,0.0,0.0
1119104427_1119104426_0,30.881949061630525,0.0,0.0
1119104427_607644080_0,17.60975098251424,0.0,0.0
1119104440_1119104444_0,26.959884464973104,0.0,0.0
1119104443_1119104440_0,10.360589633147699,0.0,0.0
1119104443_1187702159_0,1.2566808128642497,0.0,0.0
1119104444_1119065633_0,27.498319403391257,0.0,0.0
1119106283_1119106285_0,0.0,0.0,0.0
1119106283_4358780505_0,0.8592611773892136,0.0,0.0
1119106285_4358780513_0,0.02558142208604082,0.0,0.0
1119106285_4358780524_0,1.002317988241858,0.0,0.0
1119106285_1119106283_0,0.0,0.0,0.0
1119106303_1131137281_0,8.386560949564307,0.0,0.0
1119106303_4358780516_0,18.148965639171095,0.0,0.0
1119694752_1512110725_0,0.0,0.0,0.0
1119694752_1119065732_0,0.0,0.0,0.0
1124937218_1119093947_0,6.499391074341383,0.0,0.0
1124981404_1124981406_0,0.0,0.0,0.0
1124981404_2142861448_0,5.809461072878797,0.0,0.0
1124981406_1512110789_0,0.0,0.0,0.0
1124981406_1124981410_0,0.0,0.0,0.0
1124981410_1124981411_0,4.899852874359203,0.0,0.0
1124981410_1124981413_0,16.210182744474974,0.0,0.0
1124981411_1243851740_0,12.103072796608105,0.0,0.0
1124981413_607644081_0,26.29113007646285,0.0,0.0
1124981413_1124981438_0,42.69787121858497,0.0,0.0
1124981427_1134264311_0,43.00103376793316,0.0,0.0
1124981427_1676387272_0,57.17739124872555,0.0,0.0
1124981438_1124981460_0,24.952360311254633,0.0,0.0
1124981460_1124981411_0,13.965419217477452,0.0,0.0
1124981481_1119093896_0,21.275912291432967,0.0,0.0
1124981481_1124981460_0,13.970788700018147,0.0,0.0
1128236277_1095440425_0,0.0,0.0,0.0
1128236277_1113674856_0,0.0,0.0,0.0
1128236277_1094237264_0,0.0,0.0,0.0
1129273455_1134266124_0,29.103358459308104,0.0,0.0
1129273455_1186077444_0,9.265972171612662,0.0,0.0
1129273455_1186101430_0,32.259163673632074,0.0,0.0
1129273459_1672512394_0,7.519616888548164,0.0,0.0
1129273462_4558538601_0,1.6953234007647626,0.0,0.0
1129273462_1134251269_0,0.0,0.0,0.0
1129273462_211320731_0,0.0,0.0,0.0
1129273462_211320732_0,1.8858421020126546,0.0,0.0
1129276619_1134264331_0,0.432249017886351,0.0,0.0
1129276619_1119033360_0,0.2814398184351321,0.0,0.0
1129276619_1186538320_0,5.793733035669865,0.0,0.0
1129276631_1186538320_0,7.214886894421002,14.183582393266809,0.0
1130841540_1134264295_0,15.198445045670331,0.0,0.0
1130841540_1130841542_0,27.110795092841975,0.0,0.0
1130841542_1130841543_0,18.502298226635,0.0,0.0
1130841543_1130841546_0,5.602504038990724,0.0,0.0
1130841546_211318993_0,14.36351686799184,0.0,0.0
1130841547_1130841546_0,4.953599963092498,0.0,0.0
1130841547_1130841550_0,5.550753758525081,0.0,0.0
1130841550_1131425395_0,11.665517662107733,0.0,0.0
1130841550_1134264320_0,6.210075122777531,0.0,0.0
1130841552_1130841555_0,26.92142655983299,0.0,0.0
1130841552_1130841542_0,23.846049168544777,0.0,0.0
1130841555_1134264311_0,30.670718328970715,0.0,0.0
1130841555_1676387272_0,42.4398890512206,0.0,0.0
1130841563_1134264315_0,27.62962647885141,0.0,0.0
1130841563_1130841567_0,6.696352860508985,0.0,0.0
1130841567_1124981404_0,0.0,0.0,0.0
1130882691_1134264314_0,0.0,0.0,0.0
1130882691_607644089_0,25.555790846935906,0.0,0.0
1130882694_1130882708_0,0.0,0.0,0.0
1130882703_1130882691_0,7.123969616868937,0.0,0.0
1130882703_1130882706_0,6.637847109391109,0.0,0.0
1130882706_1134264292_0,0.0,0.0,0.0
1130882706_1130882708_0,0.0,0.0,0.0
1130882708_1134264305_0,0.0,0.0,0.0
1130882708_1130882711_0,0.0,0.0,0.0
1130882711_1134264306_0,0.0,0.0,0.0
1130882711_1472990982_0,0.0,0.0,0.0
1130898034_1134264316_0,0.0,0.0,0.0
1130898034_1130898075_0,0.0,0.0,0.0
1130898039_1119104426_0,10.968608130594967,0.0,0.0
1130898039_1512110783_0,0.530227432155452,0.0,0.0
1130898043_607644080_0,30.678092918468764,0.0,0.0
1130898047_1134264316_0,0.0,0.0,0.0
1130898057_1130882703_0,8.772331002848745,0.0,0.0
1130898057_1134264332_0,4.79457675446934,0.0,0.0
1130898069_1134264324_0,0.0,0.0,0.0
1130898069_1134264318_0,0.0,0.0,0.0
1130898075_1130898047_0,0.0,0.0,0.0
1130908708_1134264324_0,0.0,0.0,0.0
1130908709_1187702159_0,0.0,0.0,0.0
1130908710_1187402195_0,8.901907236379655,0.0,0.0
1130908717_1512110668_0,0.0,0.0,0.0
1130908717_1130908719_0,0.0,0.0,0.0
1130908719_1130908720_0,0.0,0.0,0.0
1130908720_1130898034_0,0.0,0.0,0.0
1130908720_1134266155_0,0.0,0.0,0.0
1131137281_4358780510_0,1.835557682220192,0.0,0.0
1131137281_4358780504_0,1.4485201969337669,0.0,0.0
1131141534_1131141543_0,33.80462520164026,0.0,0.0
1131141538_1131141543_0,13.953815221144716,0.0,0.0
1131141538_1105037070_0,14.875100057637813,0.0,0.0
1131141541_1095439392_0,11.742987012041839,0.0,0.0
1131141543_1095440170_0,8.235210289081278,0.0,0.0
1131425389_1134264326_0,0.0,0.0,0.0
1131425393_1134264326_0,0.0,0.0,0.0
1131425393_1131425395_0,3.5582977390387427,0.0,0.0
1131425395_1130841552_0,15.901940657148412,0.0,0.0
1131425423_1134251269_0,0.0,0.0,0.0
1131453368_1885951239_0,2.175390756210861,0.649299837586231,0.0
1131686638_1473068231_0,3.6444476134126926,0.0,0.0
1131686638_1130841543_0,6.201337653675428,0.0,0.0
1131686685_1472990981_0,5.324173550708202,0.0,0.0
1131686685_1134264304_0,15.068431412730513,0.0,0.0
1134251269_1131425389_0,0.0,0.0,0.0
1134264292_1130898069_0,0.0,0.0,0.0
1134264292_1130898057_0,1.8813149799079065,0.0,0.0
1134264295_1512110722_0,0.544000721195071,0.0,0.0
1134264304_1130841540_0,23.452857512450436,0.0,0.0
1134264304_1131686685_0,15.068431412730513,0.0,0.0
1134264305_1134264318_0,0.0,0.0,0.0
1134264305_1134264292_0,0.0,0.0,0.0
1134264306_1130898047_0,0.0,0.0,0.0
1134264309_1130908719_0,0.0,0.0,0.0
1134264309_5401629306_0,0.0,0.0,0.0
1134264310_1134264304_0,26.68537531990815,0.0,0.0
1134264310_1124981427_0,41.2471218247833,0.0,0.0
1134264311_1130841540_0,27.53708020087324,0.0,0.0
1134264312_1130898057_0,2.236618748082473,0.0,0.0
1134264312_1130898069_0,0.0,0.0,0.0
1134264314_1130882706_0,0.0,0.0,0.0
1134264314_1130882694_0,0.0,0.0,0.0
1134264315_1124981427_0,47.599426104783184,0.0,0.0
1134264315_1105149728_0,40.25749879619821,0.0,0.0
1134264316_1130882711_0,0.0,0.0,0.0
1134264316_1134264305_0,0.0,0.0,0.0
1134264318_1134266155_0,0.0,0.0,0.0
1134264318_1130898034_0,0.0,0.0,0.0
1134264320_1131425389_0,0.0,0.0,0.0
1134264320_211320731_0,0.0,0.0,0.0
1134264324_1134264333_0,0.0,0.0,0.0
1134264324_1512110713_0,0.0,0.0,0.0
1134264326_1131425393_0,0.0,0.0,0.0
1134264326_1109639597_0,0.0,0.0,0.0
1134264326_1131425423_0,0.0,0.0,0.0
1134264330_1130908709_0,0.0,0.0,0.0
1134264331_1648826945_0,0.0,0.0,0.0
1134264331_1129276619_0,0.432249017886351,0.0,0.0
1134264332_1134264312_0,0.09041204846313224,0.0,0.0
1134264332_1134264330_0,0.014634854219236203,0.0,0.0
1134264333_1134264312_0,0.0,0.0,0.0
1134264333_1134264330_0,0.0,0.0,0.0
1134266124_1094360277_0,38.11950985136447,0.0,0.0
1134266124_1108381695_0,20.53416665370686,0.0,0.0
1134266124_1129273455_0,29.103358459308115,0.0,0.0
1134266148_1119065774_0,0.0,0.0,0.0
1134266148_1153010098_0,0.0,0.0,0.0
1134266155_1134266158_0,0.0,0.0,0.0
1134266158_1130908708_0,0.0,0.0,0.0
1134266158_5401629306_0,0.0,0.0,0.0
1140034957_1140076085_0,9.559613576074085,0.0,0.0
1140034970_1140034971_0,0.0,0.0,0.0
1140034970_1143654568_0,0.0,0.0,0.0
1140034970_1243851685_0,5.244406202332969,0.0,0.0
1140034971_1143654563_0,0.0,0.0,0.0
1140034971_1140034957_0,0.12180481369332276,0.0,0.0
1140034972_1140034975_0,6.3477469825050425,0.0,0.0
1140034972_1140057812_0,24.77372102489857,0.0,0.0
1140034975_1140035000_0,3.137679075375631,0.0,0.0
1140034975_1140035000_1,28.66847161127749,0.0,0.0
1140035000_1140057812_0,23.153559353118673,0.0,0.0
1140035000_1140057797_0,37.475903749221146,0.0,0.0
1140057797_1140057800_0,33.6566005610813,0.0,0.0
1140057800_1141178073_0,24.420795211667574,0.0,0.0
1140057812_1140057797_0,39.022369432340554,0.0,0.0
1140076085_1140034972_0,11.042939927629343,0.0,0.0
1140076090_1140057800_0,22.88519391706147,0.0,0.0
1140076090_1140076103_0,24.891599131642668,0.0,0.0
1140076103_1143654563_0,14.416204779460825,0.0,0.0
1140076103_1140076106_0,26.789385916942365,0.0,0.0
1140076106_1140034957_0,14.592319116005381,0.0,0.0
1140076106_1140076085_0,17.86579562341566,0.0,0.0
1141178073_1141178094_0,0.0,0.0,0.0
1141178073_1141178123_0,0.7269197839292852,0.0,0.0
1141178073_1145245224_0,0.0,0.0,0.0
1141178094_1141178104_0,0.0,0.0,0.0
1141178104_1141178116_0,4.041865821115316,0.0,0.0
1141178104_1512110781_0,0.0,0.0,0.0
1141178116_1140076090_0,16.138824243352385,0.0,0.0
1141178123_1141178134_0,3.273464794296043,0.0,0.0
1141178123_1141178073_0,0.7269197839292846,0.0,0.0
1141178123_1145245219_0,0.27386824082451894,0.0,0.0
1141178134_1141178123_0,3.273464794296043,0.0,0.0
1141178134_1141178136_0,10.669938394471394,0.0,0.0
1141178136_1141178134_0,2.5158352489141515e-07,0.0,0.0
1141178136_1141191818_0,0.0,0.0,0.0
1141191817_1145304334_0,0.0,0.0,0.0
1141191817_1512110760_0,0.0,0.0,0.0
1141191818_1512110760_0,0.0,0.0,0.0
1141191818_1141178136_0,0.0,0.0,0.0
1143654563_1143654564_0,0.0,0.0,0.0
1143654563_1145592667_0,0.0,0.0,0.0
1143654564_1512110781_0,0.0,0.0,0.0
1143654564_1141178116_0,3.634851225353054,0.0,0.0
1143654568_1140034970_0,0.0,0.0,0.0
1143654568_1141191816_0,0.0,0.0,0.0
1143654568_1145245213_0,0.0,0.0,0.0
1145245213_1145245214_0,0.0,0.0,0.0
1145245213_1145304351_0,0.0,0.0,0.0
1145245213_1143654568_0,0.0,0.0,0.0
1145245214_1145264729_0,0.0,0.0,0.0
1145245214_1145245213_0,0.0,0.0,0.0
1145245214_1145245219_0,0.0,0.0,0.0
1145245219_1145245224_0,0.0,0.0,0.0
1145245219_1141178123_0,0.27386824082451905,0.0,0.0
1145245219_1145264718_0,0.0,0.0,0.0
1145245219_1145245214_0,0.0,0.0,0.0
1145245224_1145304351_0,0.0,0.0,0.0
1145245224_1141178073_0,0.0,0.0,0.0
1145245224_1145245219_0,0.0,0.0,0.0
1145264718_1145245219_0,0.0,0.0,0.0
1145264718_1141191818_0,0.0,0.0,0.0
1145264719_1145264721_0,0.0,0.0,0.0
1145264721_1145264719_0,0.0,0.0,0.0
1145264721_1145304336_0,0.0,0.0,0.0
1145264721_1141191818_0,0.0,0.0,0.0
1145264729_1145264718_0,0.0,0.0,0.0
1145304334_1141191816_0,0.0,0.0,0.0
1145304336_1145264721_0,0.0,0.0,0.0
1145304336_1512110745_0,0.0,0.0,0.0
1145304351_1145304362_0,0.0,0.0,0.0
1145304351_1145592665_0,0.0,0.0,0.0
1145304362_1141178094_0,0.0,0.0,0.0
1145592665_1145592667_0,0.0,0.0,0.0
1145592667_1143654568_0,0.0,0.0,0.0
1145592711_1092472112_0,9.637524870637131,0.0,0.0
1145592711_1145610668_0,39.9024560201357,0.0,0.0
1145610668_1095439882_0,29.15821584634884,0.0,0.0
1145610668_1092472112_0,7.668291507699843,0.0,0.0
1145610671_1145637542_0,0.0,0.0,0.0
1145610671_1145610672_0,0.0,0.0,0.0
1145610672_1145637561_0,0.0,0.0,0.0
1145637534_1512564831_0,0.0,0.0,0.0
1145637534_1145637535_0,0.0,0.0,0.0
1145637535_1145637561_0,0.0,0.0,0.0
1145637542_1145637552_0,0.0,0.0,0.0
1145637542_1145644758_0,0.0,0.0,0.0
1145637542_1145657870_0,0.0,0.0,0.0
1145637552_1145637567_0,0.0,0.0,0.0
1145637552_1145637535_0,0.0,0.0,0.0
1145637561_1512564831_0,0.0,0.0,0.0
1145637567_1145637552_0,0.0,0.0,0.0
1145637574_1145610672_0,0.0,0.0,0.0
1145637574_1145610671_0,0.0,0.0,0.0
1145644758_1145637542_0,0.0,0.0,0.0
1145657870_1169016378_0,0.0,0.0,0.0
1145657870_1169035414_0,0.0,0.0,0.0
1153010098_1672512313_0,0.0,0.0,0.0
1153010098_1512110748_0,0.0,0.0,0.0
1169016284_1169016298_0,11.21699625475754,0.0,0.0
1169016284_1169016378_0,0.0,0.0,0.0
1169016298_1169016284_0,0.11832440129788573,0.0,0.0
1169016298_1169016353_0,34.13617530547003,0.0,0.0
1169016353_1169016298_0,34.13617530547003,0.0,0.0
1169016378_8706350395_0,10.147143509690078,0.0,0.0
1169035368_1169035371_0,0.0,0.0,0.0
1169035368_1169035433_0,0.0,0.0,0.0
1169035371_1169035384_0,0.0,0.0,0.0
1169035371_1169035376_0,0.0,0.0,0.0
1169035376_1169035388_0,0.0,0.0,0.0
1169035376_1092219071_0,0.0,0.0,0.0
1169035384_1169035371_0,0.0,0.0,0.0
1169035388_1169035376_0,0.0,0.0,0.0
1169035390_1180833970_0,0.0,0.0,0.0
1169035390_1169035376_0,0.0,0.0,0.0
1169035403_1092219016_0,0.0,0.0,0.0
1169035403_1169035368_0,0.0,0.0,0.0
1169035414_1169035416_0,0.0,0.0,0.0
1169035414_1169035403_0,0.0,0.0,0.0
1169035416_1145637574_0,0.0,0.0,0.0
1169035433_1169035368_0,0.0,0.0,0.0
1177120041_10106993225_0,26.485923253038745,0.0,0.0
1177120044_1177120041_0,0.0,0.0,0.0
1177120044_1177120047_0,0.0,0.0,0.0
1177120047_1177120059_0,0.0,0.0,0.0
1177120050_1177183156_0,0.0,0.0,0.0
1177120050_1512110522_0,0.0,0.0,0.0
1177120050_1091842294_0,4.0597398478373306,0.0,0.0
1177120059_1177120060_0,0.0,0.0,0.0
1177120060_1177157005_0,0.0,0.0,0.0
1177120060_1091842276_0,1.4047031435149429,0.0,0.0
1177120071_1177157005_0,0.3516189866260903,0.0,0.0
1177120071_1177120059_0,0.17170664761038104,0.0,0.0
1177120071_1177120098_0,18.064493453738713,0.0,0.0
1177120079_1094077936_0,0.0,0.0,0.0
1177120079_1177120041_0,0.0,0.0,0.0
1177120079_1177120094_0,0.0,0.0,0.0
1177120094_1177120079_0,0.0,0.0,0.0
1177120098_1177120044_0,14.646617260086753,0.0,0.0
1177120098_10106993225_0,39.76064055649377,0.0,0.0
1177120098_1177120071_0,18.064493453738713,0.0,0.0
1177120124_1094237195_0,0.0,0.0,0.0
1177120124_1094077936_0,0.0,0.0,0.0
1177156992_1177156995_0,0.81975638534628,0.0,0.0
1177156992_1177157035_0,11.727662848943474,0.0,0.0
1177156995_1177157005_0,0.3504992971178706,0.0,0.0
1177156995_1177157016_0,0.331795280290803,0.0,0.0
1177157005_1177156995_0,0.3504992971178706,0.0,0.0
1177157005_1177120071_0,0.3516189866260903,0.0,0.0
1177157005_1177120060_0,0.0,0.0,0.0
1177157014_2407138071_0,3.230963019592535,0.0,0.0
1177157014_246182757_0,9.468192820389223,0.0,0.0
1177157014_1177157016_0,1.3547312764380843,0.0,0.0
1177157016_1177156992_0,0.37501627096706125,0.0,0.0
1177157016_1177157014_0,1.354731276438084,0.0,0.0
1177157024_12181435188_0,0.0,0.0,0.0
1177157024_12181435186_0,0.0,0.0,0.0
1177157035_1177156992_0,11.72766284894347,0.0,0.0
1177157035_12181435188_0,7.8975234233261675,0.0,0.0
1177157035_1177157058_0,17.695122140052934,0.0,0.0
1177157058_1085377805_0,2.7679280771273715,0.0,0.0
1177157058_1091842279_0,0.13449175861502277,0.0,0.0
1177183150_1091826692_0,0.0,0.0,0.0
1177183150_1177183156_0,0.0,0.0,0.0
1177183150_1177183156_1,0.0,0.0,0.0
1177183156_1177120050_0,0.0,0.0,0.0
1177183156_1177183150_0,0.0,0.0,0.0
1177183161_1180750433_0,0.0,0.0,0.0
1177183161_246182003_0,0.0,0.0,0.0
1180686279_1180686283_0,0.0,0.0,0.0
1180686279_1512564829_0,0.0,0.0,0.0
1180686283_1180686279_0,0.0,0.0,0.0
1180727051_1180686279_0,0.0,0.0,0.0
1180727051_1512110572_0,0.0,0.0,0.0
1180750433_1512564829_0,0.0,0.0,0.0
1180750433_4569344752_0,0.0,0.0,0.0
1180750434_1180727051_0,0.0,0.0,0.0
1180750443_1091868583_0,0.0,0.0,0.0
1180750443_1512110622_0,0.0,0.0,0.0
1180802572_1113674840_0,12.404128863716881,0.0,0.0
1180802572_1243851768_0,16.277208231780442,0.0,0.0
1180833967_1092247454_0,21.498894935135226,2.0077915140941043,0.0
1180833968_1113674838_0,6.847876388219342,0.0,0.0
1180833970_1092219034_0,0.0,0.0,0.0
1180833970_1092219016_0,0.0,0.0,0.0
1186060828_1108381682_0,0.0,0.0,0.0
1186060828_5401629305_0,0.0,0.0,0.0
1186077444_1129273455_0,9.26597217161266,0.0,0.0
1186101430_1512110646_0,39.6090636485525,0.0,0.0
1186101444_1512110646_0,20.616828380154644,0.0,0.0
1186101444_1186101445_0,0.0,0.0,0.0
1186101444_1186538328_0,0.0,0.0,0.0
1186101445_1186538328_0,0.0,0.0,0.0
1186101445_1186101459_0,0.0,0.0,0.0
1186101445_1119033381_0,0.0,0.0,0.0
1186101459_1187402076_0,0.0,0.0,0.0
1186538320_1129276631_0,7.214886894421002,14.183582393266809,0.0
1186538320_1186538333_0,14.211865629746384,0.0,0.0
1186538320_1129276619_0,5.793733035669866,0.0,0.0
1186538328_1186101430_0,21.16251434558068,0.0,0.0
1186538328_1186538346_0,0.0,0.0,0.0
1186538333_1186538320_0,14.211865629746384,0.0,0.0
1186538346_1186538328_0,0.0,0.0,0.0
1187334109_1512110626_0,1.4148290708500133,36.79939001089575,0.0
1187334109_211317741_0,5.109630390386844,43.296463204033664,0.0
1187402076_1187402139_0,0.0,0.0,0.0
1187402076_1187402195_0,0.0,0.0,0.0
1187672560_1187706670_0,0.0,0.0,0.0
1187672560_1119104443_0,0.9054843552736016,0.0,0.0
1187672580_1187672560_0,0.0,0.0,0.0
1187672580_1134264332_0,0.018330261167018344,0.0,0.0
1187702147_1188131652_0,0.0,0.0,0.0
1187702147_1512110715_0,0.0,0.0,0.0
1187702159_1187672580_0,0.0,0.0,0.0
1187706670_1187672560_0,0.0,0.0,0.0
1187706670_1105149764_0,7.845948659403771,0.0,0.0
1187722456_243494580_0,4.417890551632887,8.39522661445823,0.0
1187722456_1512110626_0,0.0,28.260197972671573,0.0
1187722477_1129276619_0,5.736860243784257,0.0,0.0
1187722477_2404853941_0,4.930481464777941,11.834421366188304,0.0
1187722485_1187722456_0,0.0,8.999841003755229,0.0
1187722485_10098682767_0,0.0,0.0,0.0
1188085576_1512110715_0,0.0,0.0,0.0
1188085576_1188131642_0,0.0,0.0,0.0
1188085598_1096529613_0,6.075341410246735,0.0,0.0
1188085605_1512110737_0,0.0,0.0,0.0
1188131630_1512110748_0,0.0,0.0,0.0
1188131635_1188131638_0,1.7014443908921626,0.0,0.0
1188131635_1512110725_0,0.0,0.0,0.0
1188131638_1119694752_0,1.6807150539685223,0.0,0.0
1188131642_1188131652_0,0.0,0.0,0.0
1188131642_1188131635_0,0.0,0.0,0.0
1188131652_1188085598_0,1.4115104850204638,0.0,0.0
1188131655_1187702147_0,0.0,0.0,0.0
1188131659_1512110711_0,0.0,0.0,0.0
1188131659_1116623855_0,0.0,0.0,0.0
1189660030_1200015496_0,17.048146463213406,0.0,53.099203940689385
1189660030_1200015481_0,0.0,0.0,48.821899677065694
1189660045_4353325940_0,17.64089787301628,0.3323798493427751,10.175234673725141
1189660045_1192963700_0,0.0,0.0,23.399704619443618
1189660061_728705262_0,0.0,100.00000000000324,0.0
1189660062_1189660061_0,0.0,97.83221997867615,0.0
1190021712_1512110651_0,0.0,70.00221222711934,10.15928306359354
1190021712_1189660062_0,0.0,90.19316621594736,0.0
1190021724_12463364889_0,0.0,0.0,58.18933166810821
1190021724_1190021755_0,0.0,0.0,55.033538083172296
1190021755_1189660030_0,0.0,0.0,61.83195544416578
1192963700_1190021724_0,0.0,0.0,29.24469583197175
1200000507_1258265825_0,1.5241895005945283,92.64146306931578,0.09513754775489636
1200000507_1200000508_0,10.550684140079502,66.94236952914788,0.33017146056565166
1200000508_1200000510_0,15.117751506302488,56.11641648975644,0.0
1200000510_728705256_0,14.36309119282746,46.56868671066426,0.31994572545595035
1200000512_1200059344_0,8.001668892514934,59.01621777363485,0.3595629584403008
1200000513_1200000508_0,3.034054173401032,90.96140156412422,0.0
1200000513_1258265825_0,0.0,99.99999999999262,0.0
1200005204_1200038216_0,0.0,13.727208998142162,22.86672477845945
1200005269_1200015397_0,0.0,1.1680810034468667,20.46258810093337
1200005269_1200005204_0,0.0,6.4816295375122674,20.668214291384405
1200015397_1200015405_0,0.7460240499732963,0.0,22.46177379001624
1200015397_7839120969_0,0.0,0.0,11.46132519128887
1200015405_1200015410_0,2.013780145806111,0.0,12.322518395453686
1200015410_1200024385_0,7.647475399342879,0.0,5.530354665708751
1200015416_1200005204_0,1.210970804338591,1.8539194696191257,33.149250554628104
1200015416_1200015405_0,4.331640904587547,0.0,19.675874285232446
1200015419_1200015472_0,15.659356705040484,0.0,14.753710967427164
1200015472_1200015481_0,25.169982586298534,0.0,36.446592177213674
1200015472_1200015496_0,13.336063824235767,0.0,20.262632586833615
1200015481_1189660045_0,0.0,0.0,32.82626457642134
1200015496_1200015416_0,6.551655951699563,0.0,22.890641176722724
1200024335_1200015419_0,31.90755613399433,0.0,3.799674162875297
1200024335_1200024387_0,34.26932457334561,0.0,0.0
1200024345_1200024335_0,40.1204406117356,0.0,0.0
1200024385_1200024387_0,21.695332703682194,0.0,2.0905805790192793
1200024385_1200015419_0,13.900374141166886,0.0,8.926484342405233
1200024387_1200024627_0,20.114846351207245,0.0,0.0
1200024396_1200024345_0,30.1798976402397,0.0,0.0
1200024396_1200024401_0,13.891159065241576,0.0,0.0
1200024401_1672512252_0,1.1985359438648546,8.370846428208417,10.526023638518708
1200024627_2143335953_0,11.79900602680151,0.0,0.0
1200024627_1200024396_0,13.50668933569597,0.0,0.0
1200028693_1200038211_0,0.0,0.0,57.785211026915476
1200038211_1512110648_0,0.0,0.0,65.04308944916171
1200038211_1200059342_0,0.0,6.367291115724042,50.3685169196726
1200038216_1200059347_0,0.0,26.236597258617827,51.272882933274964
1200038216_409292135_0,0.0,16.39084498058221,19.759454621567034
1200059342_1512110651_0,0.0,26.69580389592162,38.84206256605609
1200059342_1189660062_0,0.0,57.36431660434107,7.488987190658489
1200059344_1200000507_0,6.256256831730127,67.34039278979509,0.3553645651296678
1200059345_1190021712_0,0.0,98.34853866360353,0.0
1200059346_1200059347_0,0.0,18.158364561451435,81.8416354385169
1200059346_1512110664_0,0.0,38.137985612764666,61.86201438713626
1200059346_1512110648_0,7.3123968845881775,3.5036358825168636,89.79494304110641
1200059347_1200059346_0,0.0,18.158364561451435,81.84163543851693
1200059347_1200038216_0,0.0,26.236597258617845,51.272882933274985
1200059348_1200059345_0,0.0,99.99999999999997,0.0
1200059348_1512110684_0,0.0,95.03780890875973,4.962191091242951
1200554673_1200554688_0,0.0,0.0,0.0
1200554673_2088186040_0,0.0,0.0,0.0
1200554688_1200554673_0,0.0,0.0,0.0
1200580244_1130898075_0,0.0,0.0,0.0
1200580244_1130908717_0,0.0,0.0,0.0
1243851685_1140034970_0,5.244406202332969,0.0,0.0
1243851685_1095439681_0,12.510039087059996,0.0,0.0
1243851740_10207374186_0,1.519047396149051,0.0,0.0
1243851740_1243851777_0,9.12997233790018,0.0,0.0
1243851768_245935463_0,10.481246666399752,0.0,0.0
1243851768_10102980234_0,10.183715661437953,0.0,0.0
1243851777_1124981481_0,10.620610461378483,0.0,0.0
1243851790_4570126146_0,12.484609007072628,0.0,0.0
1243851790_2407138066_0,11.40898003094592,0.0,0.0
1243851855_1096529577_0,0.30397818129352533,0.0,0.0
1243851855_1095440170_0,0.6586056964954737,0.0,0.0
1249875748_1512110572_0,0.0,0.0,0.0
1249875748_1180686279_0,0.0,0.0,0.0
1258265825_728705259_0,0.0,99.99999999998828,0.0
1305278134_4584610470_0,3.6193033926364784,0.0,0.0
1383136506_1091842279_0,0.0,0.0,0.0
1383136506_1094296604_0,0.0,0.0,0.0
1416545434_1416545428_0,34.96877796131088,0.0,0.0
1472990981_1134264306_0,0.0,0.0,0.0
1472990982_1472990981_0,0.0,0.0,0.0
1472990982_1134264310_0,19.013560524839093,0.0,0.0
1472993474_5345118960_0,6.742424790472174,0.0,0.0
1472993474_607644081_0,11.936342956478311,0.0,0.0
1472993474_5346954184_0,23.182690282206625,0.0,0.0
1473068231_1473068233_0,4.393822868897126,0.0,0.0
1473068231_1134264295_0,4.306395353005739,0.0,0.0
1512110522_1091842257_0,0.0,0.0,0.0
1512110522_1177120047_0,0.0,0.0,0.0
1512110572_246181271_0,0.36667439531419255,0.0,0.0
1512110572_1180750443_0,0.0,0.0,0.0
1512110622_1512110629_0,0.0,0.0,0.0
1512110622_1249875748_0,0.0,0.0,0.0
1512110626_1512110649_0,0.0,14.608536253872398,0.0
1512110626_1187334109_0,1.4148290708500135,36.79939001089576,0.0
1512110626_1187722456_0,0.0,28.260197972671573,0.0
1512110629_1113674820_0,0.0,0.0,0.0
1512110629_1094077853_0,0.0,0.0,0.0
1512110633_1091868583_0,0.0,0.0,0.0
1512110633_1512110622_0,0.0,0.0,0.0
1512110646_1186101444_0,20.616828380154644,0.0,0.0
1512110646_1119033371_0,25.416939831139846,0.0,0.0
1512110648_1190021755_0,0.0,0.0,70.1792053038989
1512110648_1200059346_0,7.312396884588184,3.503635882516866,89.79494304110641
1512110649_1186101459_0,0.0,0.0,0.0
1512110649_1187722485_0,0.0,0.0,0.0
1512110649_1187722477_0,0.8922356698627623,0.0,0.0
1512110651_1512110648_0,0.0,9.65855994142742,64.21123644292365
1512110651_1512110664_0,0.0,46.47771019130472,46.58672833059513
1512110655_1108381695_0,0.0,0.0,0.0
1512110655_1129273455_0,7.30256613628945,0.0,0.0
1512110664_1512110684_0,0.0,70.60576003835527,29.39423996167668
1512110664_1200059345_0,0.0,91.39560146358954,8.604398536412786
1512110668_1134264309_0,0.0,0.0,0.0
1512110668_1512110655_0,0.0,0.0,0.0
1512110681_1512110655_0,0.0,0.0,0.0
1512110681_1134264309_0,0.0,0.0,0.0
1512110684_1200059344_0,2.4944173351557097,78.48821036374014,8.228375717446964
1512110684_1200059347_0,0.0,53.380280963679894,46.619719036307025
1512110711_4087692906_0,0.7252355041705512,0.0,0.0
1512110711_1188131655_0,0.0,0.0,0.0
1512110713_1108381685_0,0.0,0.0,0.0
1512110713_1186060828_0,0.0,0.0,0.0
1512110715_1105149778_0,0.0,0.0,0.0
1512110715_1512110733_0,0.0,0.0,0.0
1512110718_1512110713_0,0.0,0.0,0.0
1512110718_1134264333_0,0.0,0.0,0.0
1512110722_1472990853_0,0.6023159509175448,0.0,0.0
1512110722_1131686685_0,7.1325568578431255,0.0,0.0
1512110725_1188085576_0,0.0,0.0,0.0
1512110725_1512110746_0,0.0,0.0,0.0
1512110733_1512110737_0,0.0,0.0,0.0
1512110733_1188131630_0,0.0,0.0,0.0
1512110737_1188085576_0,0.0,0.0,0.0
1512110737_1512110746_0,0.0,0.0,0.0
1512110745_1141191817_0,0.0,0.0,0.0
1512110745_1145304334_0,0.0,0.0,0.0
1512110746_1108381701_0,0.0,0.0,0.0
1512110746_1188131628_0,0.0,0.0,0.0
1512110748_1188131630_0,0.0,0.0,0.0
1512110748_1130908709_0,0.0,0.0,0.0
1512110760_1141191818_0,0.0,0.0,0.0
1512110760_1145304336_0,0.0,0.0,0.0
1512110760_1145264729_0,0.0,0.0,0.0
1512110760_1141191817_0,0.0,0.0,0.0
1512110781_1145304362_0,0.0,0.0,0.0
1512110781_1145592665_0,0.0,0.0,0.0
1512110783_1105149764_0,9.560627884739832,0.0,0.0
1512110783_1187706670_0,0.0,0.0,0.0
1512110786_1134264315_0,39.208450310920526,0.0,0.0
1512110786_1124981413_0,40.59086024306371,0.0,0.0
1512110786_5346954184_0,32.33061996859586,0.0,0.0
1512110786_1512110789_0,21.64257820235128,0.0,0.0
1512110789_1130841567_0,0.0,0.0,0.0
1512110789_1512110786_0,21.64257820235127,0.0,0.0
1512564829_1086375875_0,0.0,0.0,0.0
1512564829_1094296854_0,0.12080737437525461,0.0,0.0
1512564830_1200000510_0,20.667521966031646,51.78255120707275,0.0
1512564831_1092219000_0,0.0,0.0,0.0
1512564831_1145592711_0,11.543957324455066,0.0,0.0
1562259320_288944159_0,12.096703617506163,0.0,0.0
1562259320_245936609_0,5.691286889577771,0.0,0.0
1562259326_1777427676_0,11.17905537745597,0.0,0.0
1562259338_245936231_0,8.860788204863477,0.0,0.0
1562259338_245935463_0,4.550806178539511,0.0,0.0
1562259365_8426609760_0,12.298649813232963,0.0,0.0
1562259365_10102978853_0,9.224557749124578,0.0,0.0
1564374009_211305824_0,7.243134947680013,23.777525446412227,0.0
1564374009_211310173_0,6.564195659088762,35.67265612359168,0.0
1609997963_2484613878_0,11.413813151699854,0.0,0.0
1609997967_1091842276_0,5.033477080635713,0.0,0.0
1609997967_246182520_0,5.614300593463686,0.0,0.0
1609997988_1094360111_0,11.721340653370897,0.0,0.0
1609997988_1084139081_0,2.8779386790869594,0.0,0.0
1609997995_2484613875_0,2.8239244318372134,0.0,0.0
1609997995_1085377812_0,11.72526442493215,0.0,0.0
1609998009_10106993225_0,28.078684671534276,0.0,0.0
1609998009_1085377805_0,11.263657962911216,0.0,0.0
1624926347_1092219005_0,0.0,0.0,0.0
1624926347_1094237291_0,0.0,0.0,0.0
1648826945_1119033381_0,0.0,0.0,0.0
1648826945_1186101444_0,0.0,0.0,0.0
1672512155_1672512452_0,0.0,58.902860807489276,2.090595507044637
1672512178_1200024401_0,10.413254654586925,0.0,0.0
1672512187_1672512245_0,0.0,37.93217616186797,0.0
1672512207_245491719_0,0.0,86.0068814811341,0.0
1672512207_1672512375_0,0.0,49.13024938461575,0.0
1672512233_11382810685_0,5.822736105874761,3.1544825028657457,0.0
1672512233_2404835470_0,0.0,13.791747702748621,0.0
1672512245_1672512207_0,0.0,45.88844834133095,0.0
1672512245_11382810675_0,0.0,36.840989836376984,0.0
1672512252_1672512439_0,0.0,30.119328922897548,6.387351332849652
1672512265_1188131655_0,7.047562077397098,0.0,0.0
1672512265_1096529607_0,8.386877557372753,0.0,0.0
1672512265_1095439629_0,8.476790595580436,0.0,0.0
1672512276_4347724102_0,0.0,15.171733686906721,1.495281537516977
1672512313_1153010098_0,0.0,0.0,0.0
1672512320_1200024345_0,15.373435314431685,5.3307154300005655,11.523062084300866
1672512320_1672512252_0,0.0,28.09739814721058,10.778019338425864
1672512342_1672512353_0,0.0,38.59328304874578,28.088774171521464
1672512342_4558577507_0,0.0,29.06217026609848,29.7119000023521
1672512344_4554626299_0,0.0,24.119070984635073,0.0
1672512353_12180995970_0,0.0,49.434704214092775,10.697661953459775
1672512375_1672512155_0,0.0,53.479855031320255,0.38412178959746307
1672512375_1672512344_0,0.0,40.01308134263823,0.0
1672512394_1109639597_0,0.0,0.0,0.0
1672512394_1131425393_0,0.0,0.0,0.0
1672512406_2404835470_0,0.0,17.448324089996518,0.0
1672512406_1672512187_0,0.0,24.72082930793997,0.0
1672512429_1672512435_0,0.0,34.07655017536078,25.465781065885235
1672512429_1672512276_0,0.0,35.45889732369771,8.898105329162359
1672512435_1672512342_0,0.0,22.040648720331145,36.30112234885505
1672512439_1672512155_0,0.0,46.99155473143463,3.5746083270325406
1672512439_1672512344_0,0.0,27.586837362056432,2.1853057917087675
1672512452_1672512353_0,0.0,54.26808161446728,9.874928629370293
1672512452_4558577507_0,0.0,46.808966163335846,9.88690581552861
1676387272_1130841563_0,43.984512390645754,0.0,0.0
1693128085_245491904_0,25.01526818420679,0.0,0.0
1693797759_1693806116_0,15.432338911003477,0.0,0.0
1693797759_246811978_0,3.569574012459684,0.0,0.0
1693806115_246182757_0,18.38721124518658,0.0,0.0
1693806116_1693806115_0,15.936756912701952,0.0,0.0
1693806116_1885951244_0,15.917654151207255,11.512750641724283,0.0
1763262440_4558538601_0,6.779040224443625,0.0,0.0
1763262440_211321253_0,5.671124932569697,0.0,0.0
1777427676_245935861_0,13.245708683494186,0.0,0.0
1843795431_2088186040_0,22.782280893891745,0.0,0.0
1843795431_245491904_0,31.89325270482789,0.0,0.0
1843795431_2143335953_0,34.45700399453824,0.0,0.0
1843795432_245491934_0,32.712438265826336,0.0,0.0
1843795432_211318996_0,20.248804036547547,0.0,0.0
1843795432_245491906_0,11.020011301152193,0.0,0.0
1843795433_409137871_0,0.0,0.0,0.0
1885951239_246811978_0,4.034437107518476,0.0,0.0
1885951241_211310173_0,9.70899221564858,32.639731886343604,0.0
1885951241_211311619_0,9.063714792341443,37.46705204404843,0.0
1885951244_211310729_0,12.182609387356054,17.707852359207525,0.0
1885951247_1885951249_0,13.328782891708196,20.513395449176752,0.0
1885951249_1885951244_0,10.604103936745187,18.588021653018885,0.0
1994627752_1994627759_0,0.0,99.99999999999997,0.0
1994627752_243495392_0,0.0,100.0,0.0
1994627759_1994627752_0,0.0,99.99999999999997,0.0
1994627759_4353325969_0,9.9778872977161,67.41427474191572,0.0
1994627759_4568983480_0,0.0,100.00000000000004,0.0
2088186040_409137869_0,0.0,0.0,0.0
2142861448_1124981404_0,5.809461072878794,0.0,0.0
2142861448_2142861448_0,13.126623941525043,0.0,0.0
2143335939_2143335953_0,24.219973122458903,0.0,0.0
2143335953_1200024627_0,11.79900602680151,0.0,0.0
2143335953_2143335939_0,24.219973122458917,0.0,0.0
2143335953_1843795431_0,34.4570039945382,0.0,0.0
2143335963_2143335964_0,0.0,0.0,0.0
2143335963_4558538601_0,4.176987508759173,0.0,0.0
2143335964_2143335965_0,0.0,0.0,0.0
2143335964_2143335963_0,0.0,0.0,0.0
2143335965_409131078_0,0.0,0.0,0.0
2143335965_2143335964_0,0.0,0.0,0.0
2187119246_10093451978_0,3.4006241048123864,0.0,0.0
2221700167_242925500_0,44.540875358058216,0.0,0.0
2221700186_5772382718_0,40.87026288471693,0.0,0.0
2221700186_2221700167_0,40.449695400654434,0.0,0.0
2221700286_5772382718_0,12.697939712880807,0.0,0.0
2221700286_5772382717_0,0.0,0.0,0.0
2221700312_5772382701_0,32.314692240198625,0.0,0.0
2332249073_2332249079_0,23.467075110654772,0.0,0.0
2332249079_1416545434_0,24.146797159287097,0.0,0.0
2338038473_1693806115_0,20.250072441712646,2.3000778980947385,0.0
2383446335_206378333_0,0.0,90.20349581343481,0.0
2383446341_2383446364_0,0.0,100.00000000000196,0.0
2383446341_6315715531_0,1.3637190071519039,80.90613762266686,0.0
2383446352_2383446355_0,0.0,100.00000000001022,0.0
2383446355_2383446341_0,0.0,100.00000000001774,0.0
2383446364_2383446335_0,0.0,99.99999999999375,0.0
2404830460_1119033360_0,0.0,0.0,0.0
2404830460_1096507243_0,0.0,5.340424696231735,0.0
2404835470_1672512233_0,0.0,13.791747702748633,0.0
2404835470_1672512187_0,0.0,24.292219176708898,0.0
2407138065_4560313023_0,9.334015073334255,0.0,0.0
2407138066_1243851790_0,11.408980030945923,0.0,0.0
2407138066_246182514_0,8.300271612388489,0.0,0.0
2407138071_2407138072_0,5.753986545246248,0.0,0.0
2407138071_1177157014_0,3.230963019592535,0.0,0.0
2407138072_246182519_0,6.694064082686568,0.0,0.0
2484613875_1609997995_0,2.8239244318372134,0.0,0.0
2484613875_1094360143_0,6.528230066438137,0.0,0.0
2484613878_2484613875_0,7.89550786398446,0.0,0.0
2484613878_1094360143_0,8.561882963107754,0.0,0.0
2987193084_10840344519_0,10.405612307896414,0.0,0.0
2987193084_10840344511_0,23.835141285960702,0.0,0.0
2987193088_728705278_0,24.97252993392752,0.0,0.0
2987193095_2987196295_0,38.80709635650281,0.0,0.0
2987196295_9959380164_0,30.14522839069851,0.0,0.0
3088102812_3088105221_0,0.0,100.83684593344051,0.0
3088102817_5531281610_0,0.0,59.15807136415718,0.0
3088102827_3088102830_0,0.0,108.54033768589646,0.0
3088102827_4353309860_0,1.8846576192220281,111.8248699599293,0.0
3088102830_3088102812_0,0.0,104.05694001860724,0.0
3088105135_3088102827_0,0.0,110.49144702333864,0.0
3088105221_2383446355_0,0.0,99.99999999999969,0.0
3088105224_8569349889_0,0.5178014915069797,112.47076570297448,0.0
3088105224_4469422088_0,2.6957088427455544,96.6122133981369,0.0
3783460876_4353309814_0,25.565944489967602,0.0,0.0
3783460876_3783460882_0,25.511008815429197,0.0,0.0
3783460882_4357570550_0,28.84227703621663,0.0,0.0
3783460882_4346548508_0,28.17259152766377,0.0,0.0
3783460895_3783460905_0,26.630410938095338,35.71922322147418,0.0
3783460895_3088102817_0,1.0486156714606858,49.19087406701206,0.0
3783460905_3783460895_0,26.630410938095338,35.71922322147418,0.0
3783460905_4353309862_0,42.37033068990329,28.906821383763315,0.0
3783460937_4353325945_0,0.0,0.0,0.0
3783461459_4353309859_0,31.98201030232048,46.323430439503795,0.0
4087692901_1105037086_0,5.891555356319528,0.0,0.0
4087692906_1096529607_0,4.300002438615046,0.0,0.0
4087692913_1188131638_0,4.50932632212329,0.0,0.0
4087692913_10095475579_0,6.183072975347159,0.0,0.0
4087742266_1113674856_0,0.0,0.0,0.0
4087742266_1094237297_0,0.0,0.0,0.0
4087742279_1113674839_0,0.0,0.0,0.0
4087775578_246182133_0,0.0,0.0,0.0
4087775578_246181270_0,0.19395267177807907,0.0,0.0
4223738578_11382810677_0,5.626575990429421,3.210628643926889,0.0
4223738578_11382810675_0,1.0814896817258952,15.948380281087642,0.0
4223738581_11382810685_0,10.515339017146381,0.07752607771736643,0.0
4223738581_243494580_0,10.446750635370062,0.0,0.0
4223738581_11382810677_0,10.294376247148685,0.7414666979579989,0.0
4271743735_475572102_0,0.0,0.0,0.0
4271743735_4271749701_0,0.0,0.0,0.0
4271749701_475572103_0,0.0,0.0,0.0
4346548501_4353309859_0,29.81072561988775,43.04404727064613,0.0
4346548508_4353309837_0,41.30864811733695,0.0,0.0
4346548521_4357570567_0,36.47021033641634,5.582925188944469,0.0
4347724102_4357570568_0,0.0,9.99586730799717,1.196328678875745
4347724102_4353325946_0,0.0,5.575850832550304,0.1753522017423974
4353309812_4353309814_0,2.8501677619315307,0.0,0.0
4353309812_3783460937_0,0.0,0.0,0.0
4353309813_4353309814_0,13.631889658143676,0.0,0.0
4353309813_3783460937_0,1.9997886103166704,0.0,0.0
4353309814_3783460895_0,25.297905647472586,6.077256126782645,0.0
4353309814_4353309813_0,13.631889658143676,0.0,0.0
4353309814_3783460876_0,25.565944489967617,0.0,0.0
4353309818_4357570568_0,0.0,1.11687504730057,0.39997567195581796
4353309818_4353325944_0,0.0,0.0,0.0
4353309820_3783460876_0,40.38814561114515,0.0,0.0
4353309837_4353309820_0,49.30469160140998,0.0,0.0
4353309837_4353309858_0,61.808726837098774,4.4450626687038,0.0
4353309858_4346548501_0,42.37940934941435,27.94292972870557,0.0
4353309859_4353309861_0,20.066830165499848,57.238312927020694,0.0
4353309860_3783460905_0,22.14088490011749,54.42461770937993,0.0
4353309861_4353309860_0,11.508111392924231,67.35279164213551,0.0
4353309861_3088105224_0,3.617614079434537,91.88415043764833,0.0
4353309862_4353309858_0,52.116936475398646,14.28836562221312,0.0
4353309862_4353309820_0,61.90185053789885,4.323483389638239,0.0
4353325928_1672512276_0,0.0,13.829810847813906,7.5663801395847345
4353325928_1672512435_0,0.0,14.383915577360268,27.70492984577838
4353325940_4353325928_0,0.0,4.617869203203833,8.938193576503444
4353325942_1192963700_0,13.416023652735158,0.2747208994972648,7.6840552720257955
4353325942_4353325940_0,0.0,2.6360891925634324,7.419637164482504
4353325944_4353309812_0,0.0,0.0,0.0
4353325945_4357570569_0,0.0,0.0,0.0
4353325945_214925862_0,138.1266934927368,0.0,0.0
4353325946_9450392714_0,0.1747487088243271,0.0,0.0
4353325946_4353325944_0,0.0,0.0,0.0
4353325969_1994627759_0,9.977887297716103,67.41427474191572,0.0
4357570550_12180995976_0,22.085080095738295,0.0,0.0
4357570567_3783461459_0,39.36665651407854,38.47092540259368,0.0
4357570567_4469422085_0,33.65708697317056,34.93073342039584,0.0
4357570568_4353325942_0,0.0,3.5720876855440222,4.139842309426102
4357570569_4357587942_0,0.0,0.0,0.0
4357570569_4353309818_0,0.0,0.0,0.0
4357587942_4357570569_0,0.0,0.0,0.0
4358780493_1124937218_0,0.5500197398060733,0.0,0.0
4358780493_4358780498_0,1.6701416358319972,0.0,0.0
4358780494_4358780497_0,2.792440659185743,0.0,0.0
4358780494_1124937218_0,1.9000166001913479,0.0,0.0
4358780497_4358780494_0,2.792440659185743,0.0,0.0
4358780497_4358780501_0,2.2788133953199976,0.0,0.0
4358780497_4358780498_0,2.281272026884958,0.0,0.0
4358780498_4358780501_0,2.440727314333014,0.0,0.0
4358780498_4358780502_0,2.2023185682968647,0.0,0.0
4358780498_4358780497_0,2.281272026884958,0.0,0.0
4358780498_4358780493_0,1.6701416358319978,0.0,0.0
4358780501_4358780498_0,2.440727314333014,0.0,0.0
4358780501_4358780508_0,1.8566955661131381,0.0,0.0
4358780501_4358780497_0,2.278813395319998,0.0,0.0
4358780501_4358780502_0,2.2069770887714704,0.0,0.0
4358780502_4358780505_0,2.059868865239452,0.0,0.0
4358780502_4358780501_0,2.20697708877147,0.0,0.0
4358780502_4358780498_0,2.2023185682968647,0.0,0.0
4358780504_4358780494_0,1.8937845952050583,0.0,0.0
4358780504_4358780507_0,0.0,0.0,0.0
4358780505_4358780502_0,2.059868865239452,0.0,0.0
4358780505_1119106283_0,0.8592611773892136,0.0,0.0
4358780505_1119093915_0,2.432594862956495,0.0,0.0
4358780507_4358780504_0,0.0,0.0,0.0
4358780507_4358780510_0,0.0,0.0,0.0
4358780507_4358780508_0,0.5422558607621456,0.0,0.0
4358780508_4358780501_0,1.8566955661131381,0.0,0.0
4358780508_4358780512_0,0.43020592101598815,0.0,0.0
4358780508_4358780507_0,0.5422558607621456,0.0,0.0
4358780510_4358780507_0,0.0,0.0,0.0
4358780510_4358780511_0,0.0,0.0,0.0
4358780511_4358780512_0,0.0,0.0,0.0
4358780511_4358780513_0,0.037015075397526374,0.0,0.0
4358780512_1119106283_0,0.0,0.0,0.0
4358780512_4358780508_0,0.43020592101598815,0.0,0.0
4358780513_1119106303_0,6.444696935155257,0.0,0.0
4358780513_4358780517_0,1.7698644453180008,0.0,0.0
4358780513_4358780511_0,0.037015075397526374,0.0,0.0
4358780516_4358780517_0,6.6158011084018735,0.0,0.0
4358780516_1119106303_0,18.148965639171095,0.0,0.0
4358780516_4358780520_0,15.550590282552143,0.0,0.0
4358780517_4358780520_0,9.102851052742057,0.0,0.0
4358780517_4358780513_0,1.7698644453180008,0.0,0.0
4358780517_4358780521_0,4.17936626299298,0.0,0.0
4358780517_4358780516_0,6.6158011084018735,0.0,0.0
4358780520_4358780523_0,24.131969688537886,0.0,0.0
4358780520_4358780517_0,9.102851052742057,0.0,0.0
4358780520_4358780516_0,15.550590282552147,0.0,0.0
4358780520_4358780521_0,9.751770064004686,0.0,0.0
4358780521_4358780524_0,3.7857740871922814,0.0,0.0
4358780521_4358780517_0,4.17936626299298,0.0,0.0
4358780521_4358780520_0,9.751770064004688,0.0,0.0
4358780523_4358780520_0,24.131969688537886,0.0,0.0
4358780524_4358780521_0,3.7857740871922814,0.0,0.0
4358780524_1119106285_0,1.002317988241858,0.0,0.0
4469422084_6315715531_0,6.346073553354293,39.43950330886769,0.0
4469422084_6315715548_0,3.8404857802342574,47.46184459123703,0.0
4469422085_4469422084_0,11.45889026271151,31.923182795805616,0.0
4469422088_4469422085_0,12.791311092573704,43.429356506763845,0.0
4549490595_473593916_0,69.74924865787546,0.0,0.0
4549490595_214925654_0,143.76749637805304,0.0,0.0
4549490596_473593917_0,48.06360466883747,0.0,0.0
4554626299_1672512178_0,5.596554508147532,6.973018278019957,0.0
4554626299_1672512406_0,0.0,20.60487978888428,0.0
4556222967_470891229_0,23.502921543075004,0.0,0.0
4558538598_211321256_0,6.562445351686559,0.0,0.0
4558538598_1131425423_0,2.4454512070487127,0.0,0.0
4558538601_1763262440_0,6.779040224443625,0.0,0.0
4558538601_2143335963_0,4.176987508759173,0.0,0.0
4558577507_1672512320_0,0.0,30.19501475325158,12.330101875519798
4560313023_4560313024_0,10.379464504423732,0.0,0.0
4560313024_2407138066_0,9.633341564336376,0.0,0.0
4560313024_246182514_0,8.751520135807104,0.0,0.0
4568983477_245491716_0,0.0,100.0,0.0
4568983477_4568983480_0,0.0,99.99999999999997,0.0
4568983477_1994627752_0,0.0,100.00000000000009,0.0
4568983480_4568983477_0,0.0,99.99999999999997,0.0
4568983480_245491717_0,0.0,92.43196709553118,0.0
4568983480_245491688_0,1.3781644366341252,76.0914088357544,0.0
4569265245_3088102817_0,0.0,27.936731447331976,0.0
4569265245_4353309813_0,7.913453737252034,28.021155390621153,0.0
4569285097_1119093872_0,4.635936829213276,0.0,0.0
4569285097_1119093947_0,9.736181641946146,0.0,0.0
4569285099_4569285100_0,15.061520446437942,0.0,0.0
4569285100_1119104427_0,29.616004883719686,0.0,0.0
4569285100_4569285097_0,13.636255715200829,0.0,0.0
4569318327_1562259326_0,5.693074437966715,0.0,0.0
4569344748_4620449099_0,0.0,0.0,0.0
4569344748_4587244525_0,0.0,0.0,0.0
4569344749_4587244525_0,0.0,0.0,0.0
4569344749_246182298_0,0.0,0.0,0.0
4569344752_1180750433_0,0.0,0.0,0.0
4569344752_4569344753_0,0.0,0.0,0.0
4569344753_4620449097_0,0.0,0.0,0.0
4569344753_1180750434_0,0.0,0.0,0.0
4569344756_4569344752_0,0.0,0.0,0.0
4569344756_4620449097_0,0.0,0.0,0.0
4570126146_246811464_0,10.888702631377061,0.0,0.0
4584610470_4584610471_0,3.8615534707704153,0.0,0.0
4584610470_4569344748_0,1.1333615902050724,0.0,0.0
4584610471_4569318327_0,3.903587316916518,0.0,0.0
4587244525_246181791_0,0.0,0.0,0.0
4587244527_1180750434_0,0.0,0.0,0.0
4587244527_4087775578_0,0.0,0.0,0.0
4620449097_4587244527_0,0.0,0.0,0.0
4620449099_4569344749_0,0.0,0.0,0.0
5345118960_1512110783_0,0.0,0.0,0.0
5345118960_5345118961_0,0.0,0.0,0.0
5345118961_1105149764_0,10.591857764087981,0.0,0.0
5345118961_5346954184_0,18.12123919432084,0.0,0.0
5345154771_1130841552_0,22.36112795685884,0.0,0.0
5345154771_1131425393_0,12.61705650628357,0.0,0.0
5346948498_5401629305_0,0.0,0.0,0.0
5346948498_1108381682_0,0.0,0.0,0.0
5346948499_5401631423_0,34.37589806249664,0.0,0.0
5346948499_1094360498_0,21.596088100067956,0.0,0.0
5346954184_5345118961_0,18.12123919432084,0.0,0.0
5346954184_1472993474_0,23.182690282206618,0.0,0.0
5346954184_607644089_0,36.24073661091563,0.0,0.0
5346954184_1512110786_0,32.33061996859588,0.0,0.0
5401629305_1512110681_0,0.0,0.0,0.0
5401629305_5401629306_0,0.0,0.0,0.0
5401629306_1130908720_0,0.0,0.0,0.0
5401629314_5346948498_0,0.0,0.0,0.0
5401629314_1512110681_0,0.0,0.0,0.0
5401629314_8665045217_0,0.0,0.0,0.0
5401631423_5346948499_0,34.375898062496645,0.0,0.0
5401631423_5346948498_0,14.284415184775916,0.0,0.0
5401631423_1105149745_0,40.24161014566691,0.0,0.0
5531281610_3088105135_0,0.0,115.54480970732098,0.0
5772379239_5772382726_0,121.38653190780278,0.0,0.0
5772379239_5772382686_0,55.98955623048995,0.0,0.0
5772382686_242926973_0,26.641634622356282,0.0,0.0
5772382696_5772382717_0,0.0,0.0,0.0
5772382696_2221700312_0,2.06997364067054,0.0,0.0
5772382701_5772379239_0,60.763801023207144,0.0,0.0
5772382701_5772382686_0,44.51198596496667,0.0,0.0
5772382717_2221700312_0,2.0532353260323375,0.0,0.0
5772382717_2221700286_0,0.0,0.0,0.0
5772382718_2221700286_0,12.697939712880816,0.0,0.0
5772382718_2221700167_0,46.452011273321894,0.0,0.0
5772382726_214924708_0,143.4988605555411,0.0,0.0
5772382726_5772379239_0,121.38653190780202,0.0,0.0
6289097043_1092263787_0,0.0,0.0,0.0
6315715531_6315715532_0,5.770781225738422,46.991041072065975,0.0
6315715532_4469422088_0,8.083412633591799,48.603461439892506,0.0
6315715532_8569349879_0,2.669074020336698,88.47560357184801,0.0
6315715548_2383446364_0,0.0,88.2339968641316,0.0
6315715548_206378333_0,0.0,64.46054376033801,0.0
6447291071_1094077933_0,0.0,0.0,0.0
6447291071_1091842257_0,0.0,0.0,0.0
6447291071_6447291072_0,0.0,0.0,0.0
6447291072_6447291071_0,0.0,0.0,0.0
7839120968_7839120969_0,0.0,0.0,0.0
7839120968_1200015410_0,1.2619170691901775,0.0,3.6366513265482068
7839120969_409128578_0,0.0,0.0,0.0
8119286345_10207412148_0,28.262262855506957,0.0,0.0
8119286345_10207412150_0,29.91740646241732,0.0,0.0
8426609760_1562259320_0,12.791194272608445,0.0,0.0
8569349879_3088105221_0,0.34406466380042205,115.73322057474125,0.0
8569349879_8569349889_0,0.9150866088014126,118.46113742379296,0.0
8569349889_3088102830_0,0.18439229093510676,129.70113425993452,0.0
8665045217_5401629314_0,0.0,0.0,0.0
8706350395_1145657870_0,9.738243243013745,0.0,0.0
9450392714_4353325946_0,0.17474870882432703,0.0,0.0
9450392714_4346548521_0,9.38740340381415,0.0,0.0
9959380164_2987193084_0,21.523268057153498,0.0,0.0
10093451976_1672512394_0,0.0,0.0,0.0
10093451976_10093506076_0,9.039689093373514,0.0,0.0
10093451977_10093451976_0,0.0,0.0,0.0
10093451977_11423339058_0,0.0,0.0,0.0
10093451978_10093451977_0,0.0,0.0,0.0
10093506076_1129273459_0,17.1438416016684,0.0,0.0
10093506076_10207412150_0,22.160020883550498,0.0,0.0
10095475579_1243851685_0,8.196140941228858,0.0,0.0
10098682767_1187729184_0,6.841615309803747,0.0,0.0
10098682767_1187722485_0,0.0,0.0,0.0
10102978853_245936371_0,2.465598086289924,0.0,0.0
10102978858_8426609760_0,11.38513139451248,0.0,0.0
10102978858_10102978853_0,9.343611641100166,0.0,0.0
10102980234_245936353_0,8.413291004746824,0.0,0.0
10106993225_1609998009_0,28.07868467153427,0.0,0.0
10106993225_1177120098_0,39.760640556493776,0.0,0.0
10108109102_728705271_0,23.932363475787472,21.14835908874199,0.5570464362418209
10108109102_10108109105_0,2.678851579708823,44.10022960655581,2.797709166785527
10108109103_728705249_0,0.9330073536745802,58.9557723899439,3.8364044894368496
10108109104_728705253_0,0.0,92.76583827997074,1.3752187422761568
10108109104_10108109103_0,0.0,65.10241207041474,5.593795698464652
10108109105_10108109106_0,1.044028415891129,49.01828964314946,5.607841548601375
10108109106_728705264_0,6.089984752921752,47.28362783727619,18.705711734208638
10108109106_10108109104_0,0.0,59.332398811829165,5.835485995097492
10185494293_11382809945_0,13.400543407189454,0.0,0.745927268786747
10185494293_2987193088_0,24.233042234993977,0.0,0.0
10185494294_10185494295_0,0.0,0.0,21.577248323861177
10185494294_10207412156_0,0.0,0.0,13.003201173851743
10185494295_10207349882_0,0.0,0.0,28.688073117034268
10185494295_211321896_0,4.359565761230118,0.0,13.941425635837687
10207349882_2987193088_0,11.28773699692437,0.0,13.44462088073623
10207374170_10840344511_0,12.172485312673022,0.0,0.0
10207374174_10840344509_0,0.0,0.0,0.0
10207374174_12346156720_0,0.0,0.0,0.0
10207374186_10207374193_0,0.0,0.0,0.0
10207374193_10207412147_0,0.966503208608771,0.0,0.0
10207374193_10207374196_0,0.0,0.0,0.0
10207374196_10207412117_0,0.0,0.0,0.0
10207374196_10207412133_0,0.0,0.0,0.0
10207374206_1243851777_0,1.1634343645577008,0.0,0.0
10207374206_10207374186_0,0.0,0.0,0.0
10207412117_10207412127_0,0.0,0.0,0.0
10207412127_10840344508_0,0.0,0.0,0.0
10207412127_10840344521_0,0.0,0.0,0.0
10207412133_10207374206_0,0.0,0.0,0.0
10207412137_10207412133_0,0.0,0.0,0.0
10207412137_10207412117_0,0.0,0.0,0.0
10207412147_12346112890_0,9.46347989972693,0.0,0.0
10207412147_10207412148_0,19.403691339678847,0.0,0.0
10207412147_10207374193_0,0.9665032086087707,0.0,0.0
10207412147_12346156720_0,1.2691308887038475,0.0,0.0
10207412148_8119286345_0,28.262262855506957,0.0,0.0
10207412148_10207412147_0,19.40369133967885,0.0,0.0
10207412150_11423339059_0,32.22259699926786,0.0,0.0
10207412150_10093506076_0,22.160020883550498,0.0,0.0
10207412151_10207374170_0,5.599403059005483,0.0,0.0
10207412153_12346156720_0,0.0,0.0,0.0
10207412154_12346156720_0,0.0,0.0,0.0
10207412154_10207412148_0,8.961498927478152,0.0,0.0
10207412156_11382809938_0,1.6444102101540328,0.0,13.43506427138384
10207412160_10207374170_0,0.0,0.0,0.0
10840344508_10207374174_0,0.0,0.0,0.0
10840344509_13055947328_0,6.531453016085509,0.0,0.0
10840344509_10840344510_0,0.0,0.0,0.0
10840344510_10207412151_0,3.1910768892116694,0.0,0.0
10840344510_10840344519_0,0.0,0.0,0.0
10840344511_10185494293_0,23.87492886670749,0.0,0.0
10840344519_10840344528_0,0.0,0.0,0.0
10840344521_10207412137_0,0.0,0.0,0.0
10840344525_11275922906_0,0.0,0.0,0.0
10840344528_10840344525_0,0.0,0.0,0.0
10840344528_10840344508_0,0.0,0.0,0.0
11275922906_10840344521_0,0.0,0.0,0.0
11382809938_2187119246_0,3.850695288868443,0.0,2.1518590520643195
11382809938_11382809942_0,1.5100644261043172,0.0,2.8976713620956294
11382809941_10207412151_0,7.741787232917163,0.0,0.0
11382809941_13055947328_0,19.02785519726139,0.0,0.0
11382809942_12346156730_0,0.0,0.0,0.0
11382809942_11382809941_0,8.86771725105269,0.0,0.0
11382809945_10185494294_0,0.0,0.0,5.979395329223662
11382809945_10207412160_0,0.0,0.0,0.6763857341021082
11382810675_1672512245_0,0.0,36.840506267694224,0.0
11382810675_11382810677_0,3.363180074132078,12.849555124080842,0.0
11382810677_4223738578_0,5.626575990429421,3.210628643926889,0.0
11382810677_4223738581_0,10.294376247148687,0.7414666979579989,0.0
11382810685_1672512233_0,5.822736105874761,3.1544825028657457,0.0
11382810685_4223738581_0,10.515339017146381,0.07752607771736643,0.0
11382810685_11382810690_0,10.402384195446288,0.057257700041371526,0.0
11382810690_1672512233_0,1.5427340684210606,3.220141755282238,0.0
11387988431_242925495_0,38.53397715273859,0.0,0.0
11387988431_473481292_0,4.664770146149367,0.0,0.0
11423339058_11423339059_0,17.586989714612155,0.0,0.0
11423339058_11382809942_0,0.0,0.0,0.0
11423339059_11382809941_0,28.111478103295482,0.0,0.0
12180995969_12180995971_0,0.0,66.36876970897227,2.99622119177054
12180995969_245491682_0,0.0,56.51331435830633,3.6214072601073872
12180995970_12180995969_0,0.0,51.47296516331623,7.612440896738317
12180995970_243494597_0,0.0,48.56735296095497,9.027725625037743
12180995971_245491682_0,0.0,68.97351380781723,0.7459278141152019
12180995971_245491716_0,0.0,95.90660187778609,0.0
12180995976_4346548521_0,12.151558050257233,0.0,0.0
12180995976_9450392714_0,9.873342701726404,0.0,0.0
12181435186_1096507245_0,0.0,0.0,0.0
12181435188_1177157035_0,7.897523423326165,0.0,0.0
12181435188_12181435186_0,0.0,0.0,0.0
12346112890_12346112890_0,17.150299588702687,0.0,0.0
12346112890_12346112890_1,17.150299588702687,0.0,0.0
12346112890_10207412147_0,9.463479899726927,0.0,0.0
12346156720_10207412153_0,0.0,0.0,0.0
12346156720_10207374174_0,0.0,0.0,0.0
12346156720_10207412147_0,1.2691308887038482,0.0,0.0
12346156730_10207412160_0,0.0,0.0,0.0
12346156730_10207412156_0,0.0,0.0,6.8972382072306635
12463364889_1200028693_0,0.0,0.0,64.86006770577542
13055947328_10207412154_0,9.83812510513927,0.0,0.0
13055947328_8119286345_0,29.227115595826714,0.0,0.0
