road_id,signals,transport,pois
206378333_6315715548_0,0.0,0.0,0.0
208568922_208568921_0,0.0,0.0,0.0
208568926_208568922_1,0.0,0.0052960478894946246,0.0
208595138_208595144_0,0.0,0.0,0.0
208595144_2332249073_0,0.0,0.0,0.0
211305820_211305823_0,0.0,0.0,0.0
211305823_1564374009_0,0.0,0.0,0.0
211305823_211305824_0,0.0,0.0,0.0
211305824_211305825_0,0.0,0.0,0.0
211305825_1131453368_0,0.0,0.0,0.0
211310173_211311619_0,0.0,0.0,0.12432413925588029
211310173_1564374009_0,0.0,0.0,0.019859260122858633
211310729_1885951241_0,0.0,0.0,0.27656453542825304
211311619_211311623_0,0.0,0.0,0.06055182464857444
211311623_211313493_0,0.0,0.033387440932982446,0.0
211311623_1885951247_0,0.0,0.0,0.0
211313493_1885951247_0,0.0,0.033387440932982446,0.0
211313493_1094296689_0,0.0,0.008370171711024919,0.002790057237008306
211317741_243495396_0,0.005427822094567289,0.016283466283701864,0.005427822094567289
211317741_1187334109_0,0.008865921093560927,0.0077797848078694515,0.0038898924039347258
211317741_1094296689_0,0.008865921093560927,0.033387440932982446,0.008901644626762717
211318993_211318996_0,0.008865921093560927,0.033387440932982446,0.0
211318993_243494580_0,0.008865921093560927,0.02089803749090988,0.026122546863637353
211318996_211319000_0,0.008865921093560927,0.033387440932982446,0.0
211318996_1843795432_0,0.008865921093560927,0.029070082178424415,0.0
211319000_1130841547_0,0.008865921093560927,0.0,0.0
211319000_211320730_0,0.008865921093560927,0.0,0.0
211320730_409137876_0,0.008865921093560927,0.0,0.025218343201948462
211320730_211320731_0,0.008865921093560927,0.0,0.0
211320730_211319000_0,0.008865921093560927,0.0,0.0
211320731_1129273462_0,0.0,0.015018893512406638,0.0
211320731_211320730_0,0.008865921093560927,0.0,0.0
211320732_1129273462_0,0.008865921093560927,0.00950652193829548,0.01425978290744322
211320732_211321251_0,0.008865921093560927,0.0,0.09037396884236691
211321251_1763262440_0,0.008865921093560927,0.0,0.11770774211373669
211321253_211321896_0,0.008865921093560927,0.033387440932982446,0.1587719864536139
211321253_728705258_0,0.008865921093560927,0.013050891262502109,0.013050891262502109
211321256_211320732_0,0.008865921093560927,0.0,0.13431556448441034
211321256_211321251_0,0.008865921093560927,0.0,0.08686117559491899
211321896_10185494295_0,0.008865921093560927,0.008464690209548917,0.012697035314323375
211321896_211321900_0,0.008865921093560927,0.033387440932982446,0.08623536435669281
211321900_2187119246_0,0.008865921093560927,0.033387440932982446,0.2678794297936429
211321900_1109639608_0,0.008865921093560927,0.033387440932982446,0.157170548058426
214922958_214922960_0,0.0,0.0,0.0
214922960_214922962_0,0.0,0.0,0.0
214922960_214922958_0,0.0,0.0,0.0
214922962_214922960_0,0.0,0.0,0.0
214922962_214923388_0,0.0,0.0,0.0
214923388_214924707_0,0.0,0.0,0.0
214923391_214925654_0,0.0,0.028474398250755945,0.0
214923391_214924711_0,0.0,0.032950342982233524,0.0
214923395_214922962_0,0.0,0.0,0.0
214923395_214923388_0,0.0,0.0,0.0
214924707_5772382726_0,0.0,0.0,0.0
214924707_214924708_0,0.0,0.0,0.0
214924708_214923391_0,0.0,0.0,0.0
214924711_214924714_0,0.0,0.033387440932982446,0.0
214924714_214925862_0,0.0,0.025625080057397106,0.0
214924714_214924716_0,0.0,0.0,0.0
214924716_214923395_0,0.0,0.0,0.0
214925654_4549490595_0,0.0,0.0034084706861513396,0.0
214925654_214924711_0,0.0,0.02840932390127851,0.0
214925862_4353325945_0,0.0,0.0009976811544595927,0.0
214925862_214924716_0,0.0,0.028599229477123424,0.0
242925411_242925494_0,0.0,0.0,0.0
242925494_11387988431_0,0.0,0.0,0.0
242925494_242925495_0,0.0,0.033387440932982446,0.0
242925495_2221700186_0,0.0,0.033387440932982446,0.0
242925500_242925411_0,0.0,0.0,0.0
242926973_5772382696_0,0.0,0.0,0.0
243494580_4223738581_0,0.008865921093560927,0.033387440932982446,0.08472737068701895
243494580_211318993_0,0.008865921093560927,0.02089803749090988,0.026122546863637353
243494580_1187722456_0,0.008865921093560927,0.01726725523329796,0.04029026221102857
243494597_1672512429_0,0.0,0.0,0.0
243495392_243495422_0,0.0,0.0,0.0
243495392_1994627752_0,0.0,0.0,0.0
243495396_243495392_0,0.0,0.0,0.0
243495396_211317741_0,0.0054278220945672894,0.016283466283701867,0.0054278220945672894
243495422_243495396_0,0.0,0.0,0.0
243495422_245491719_0,0.0,0.0,0.0
245491677_245491689_0,0.0,0.0,0.0
245491682_243494597_0,0.0,0.0,0.0
245491682_245491677_0,0.0,0.0,0.0
245491688_245491689_0,0.0,0.0,0.0
245491688_4568983477_0,0.0,0.0,0.0
245491689_245491716_0,0.0,0.0,0.0
245491689_245491688_0,0.0,0.0,0.0
245491689_245491677_0,0.0,0.0,0.0
245491716_4568983477_0,0.0,0.0,0.0
245491716_245491689_0,0.0,0.0,0.0
245491716_12180995971_0,0.0,0.0,0.0
245491716_245491719_0,0.0,0.0,0.0
245491717_245491717_0,0.0,0.0,0.0
245491717_4568983480_0,0.0,0.0,0.0
245491719_1672512207_0,0.0,0.0,0.0
245491719_245491716_0,0.0,0.0,0.0
245491719_243495422_0,0.0,0.0,0.0
245491719_1187334109_0,0.008865921093560927,0.0,0.0
245491904_1693128085_0,0.008865921093560927,0.0,0.02426408801769774
245491904_245491906_0,0.008865921093560927,0.0,0.04292585565429425
245491904_1843795431_0,0.008865921093560927,0.01266846397336828,0.03800539192010484
245491904_409137871_0,0.008865921093560927,0.0,0.035819453414633405
245491906_1843795432_0,0.008865921093560927,0.028090283731663255,0.014045141865831627
245491906_245491904_0,0.008865921093560927,0.0,0.04292585565429425
245491906_1843795433_0,0.008865921093560927,0.0,0.030356745406002965
245491934_1672512178_0,0.0,0.0,0.0
245491934_11382810690_0,0.0,0.0,0.0
245935461_1562259338_0,0.0,0.0,0.0
245935861_1562259365_0,0.0,0.0,0.045025699440943714
245936231_245936541_0,0.0,0.0,0.0
245936231_245936405_0,0.0,0.006246775323950508,0.0
245936350_1180802572_0,0.0,0.033387440932982446,0.0
245936350_245936514_0,0.0,0.018305450875501568,0.0
245936353_245936513_0,0.0,0.0,0.0
245936353_245936350_0,0.0,0.030558879345711266,0.0
245936370_245936371_0,0.0,0.0,0.0
245936370_245936514_0,0.0,0.0,0.0
245936370_245936393_0,0.0,0.0,0.0
245936371_245936370_0,0.0,0.0,0.0
245936371_246181265_0,0.0,0.0,0.0
245936393_245936514_0,0.0,0.0,0.0
245936393_245936395_0,0.0,0.0,0.0
245936395_245936457_0,0.0,0.0,0.0
245936395_245936513_0,0.0,0.0,0.0
245936399_245936456_0,0.0,0.0,0.0
245936399_245936401_0,0.0,0.0,0.0
245936401_245936453_0,0.0,0.0,0.0
245936401_245936405_0,0.0,0.0,0.0
245936405_245936453_0,0.0,0.0,0.0
245936453_245936456_0,0.0,0.0,0.0
245936456_10102980234_0,0.0,0.0,0.0
245936457_245936399_0,0.0,0.0,0.0
245936513_245936353_0,0.0,0.0,0.0
245936513_245936457_0,0.0,0.0,0.0
245936514_245936370_0,0.0,0.0,0.0
245936514_245936350_0,0.0,0.018305450875501568,0.0
245936532_10102978858_0,0.0,0.0,0.004872548466902369
245936541_245936558_0,0.0,0.0,0.0
245936541_245936532_0,0.0,0.0,0.0
245936558_245935461_0,0.0,0.006682688588289685,0.0
245936609_245936532_0,0.0,0.0,0.0
245936609_245936558_0,0.0,0.0047249828100543925,0.0
246181265_245936371_0,0.0,0.0,0.0
246181265_246181267_0,0.0,0.0,0.0
246181267_245935861_0,0.0,0.0,0.021409381573087926
246181267_246181268_0,0.0,0.0,0.0
246181268_1092263653_0,0.0,0.022900911965489216,0.0
246181268_246181270_0,0.0,0.0,0.0
246181270_246181271_0,0.0,0.0,0.0
246181271_246181265_0,0.0,0.0,0.0
246181791_246181792_0,0.0,0.016606779280959716,0.0
246181792_1086375812_0,0.0,0.0,0.0
246181792_2407138065_0,0.0,0.02096505896282272,0.0
246182003_246181791_0,0.0,0.033387440932982446,0.0
246182003_246182298_0,0.0,0.014338545731925589,0.0
246182133_1091868516_0,0.0,0.0,0.0
246182298_4569344756_0,0.0,0.0,0.0
246182514_246182517_0,0.0,0.033387440932982446,0.0
246182517_2407138071_0,0.0,0.0,0.0
246182517_2407138072_0,0.0,0.0,0.0
246182519_1609997967_0,0.0,0.0,0.0
246182519_246182520_0,0.0,0.0,0.0
246182520_246182522_0,0.0,0.0,0.0
246182522_1091842294_0,0.0,0.03129883365251724,0.0
246182522_4560313023_0,0.0,0.033387440932982446,0.0
246182757_1693797759_0,0.008865921093560927,0.0,0.0
246182757_1177157014_0,0.008865921093560927,0.0,0.0
246811462_246811482_0,0.0,0.033387440932982446,0.28076564896942374
246811464_1086375812_0,0.0,0.012756708737035157,0.012756708737035157
246811482_1243851790_0,0.0,0.033387440932982446,0.1227649504576657
246811482_4570126146_0,0.0,0.033387440932982446,0.12981872843203104
246811887_246811462_0,0.0,0.010356090279018267,0.0
246811978_246811887_0,0.0,0.032854059389955795,0.0
409128578_409137868_0,0.0,0.0,0.02047047255250638
409128578_409128580_0,0.0,0.0,0.027744139151070813
409128580_2143335965_0,0.0,0.0,0.0
409131078_409128578_0,0.0,0.0,0.021140275557475295
409131078_2143335965_0,0.0,0.0,0.014578080410093935
409131078_1512564830_0,0.0,0.0,0.005261633786138737
409131078_409292136_0,0.0,0.018564646831954704,0.027846970247932055
409137868_1200554673_0,0.0,0.0,0.015820613118115747
409137868_7839120968_0,0.0,0.0,0.013996405113385577
409137869_409128580_0,0.0,0.0,0.007299006709561693
409137869_409137868_0,0.0,0.0,0.02860207915926508
409137871_409137869_0,0.0,0.0,0.04119992421633364
409137871_245491904_0,0.008865921093560927,0.0,0.035819453414633405
409137876_1843795433_0,0.0,0.0,0.05572577843027108
409137876_1843795432_0,0.0,0.021825901462260787,0.021825901462260787
409292135_1200000512_0,0.0,0.012296580417162091,0.0061482902085810455
409292135_1109639584_0,0.0,0.033387440932982446,0.06303755030975566
409292136_1200005269_0,0.0,0.033387440932982446,0.05791450819192749
409292136_409131078_0,0.0,0.018564646831954704,0.027846970247932055
470891194_473480022_0,0.0,0.0,0.0
470891208_470891212_0,0.0,0.022024331833048506,0.0
470891212_473476285_0,0.0,0.00300424451696259,0.0
470891212_473480356_0,0.0,0.02340408624406361,0.0
472447898_4556222967_0,0.0,0.0,0.0
472447898_472447916_0,0.0,0.0,0.0
472447916_473480356_0,0.0,0.001556870051268529,0.0
473475862_473476286_0,0.0,0.0,0.0
473476285_4556222967_0,0.0,0.0,0.0
473479961_473480378_0,0.0,0.0,0.0
473480022_4271743735_0,0.0,0.0,0.0
473480356_473480374_0,0.0,0.0,0.0
473480374_473479961_0,0.0,0.0,0.0
473480374_473481308_0,0.0,0.0,0.0
473480378_470891208_0,0.0,0.0,0.0
473481292_473481295_0,0.0,0.0,0.0
473481292_11387988431_0,0.0,0.0,0.0
473481295_473481298_0,0.0,0.0,0.0
473481298_473481308_0,0.0,0.0,0.0
473481298_473481292_0,0.0,0.0,0.0
473481308_473479961_0,0.0,0.0,0.0
473481308_473481298_0,0.0,0.0,0.0
473593916_473593917_0,0.0,0.033387440932982446,0.0
473593916_4549490595_0,0.0,0.033387440932982446,0.0
473593917_4549490596_0,0.0,0.033387440932982446,0.0
473593917_473593916_0,0.0,0.033387440932982446,0.0
607644062_1131686638_0,0.0,0.01512030895118884,0.0
607644080_1119093874_0,0.008865921093560927,0.020470677117409693,0.020470677117409693
607644080_607644081_0,0.0,0.0,0.0
607644081_1130898039_0,0.0,0.0,0.0
607644081_607644080_0,0.0,0.0,0.0
607644081_1472993474_0,0.0,0.0,0.0
607644089_607644091_0,0.008865921093560927,0.0,0.01451600503423106
607644091_1134264314_0,0.008865921093560927,0.0,0.018410548886173928
607644091_1105149728_0,0.008865921093560927,0.014753357172091535,0.014753357172091535
728705249_10108109102_0,0.0,0.0,0.0
728705250_728705253_0,0.0,0.033387440932982446,0.0
728705250_10108109103_0,0.0,0.0,0.0
728705251_728705250_0,0.0,0.0,0.0
728705253_1200000513_0,0.0,0.033387440932982446,0.0
728705256_1109639584_0,0.0,0.012641332313044961,0.006320666156522481
728705256_1200000512_0,0.0,0.0,0.0
728705258_728705264_0,0.008865921093560927,0.0,0.0
728705258_10207349882_0,0.008865921093560927,0.0,0.008796659129616238
728705259_1200059348_0,0.0,0.01471846697503822,0.0
728705259_1189660061_0,0.0,0.033387440932982446,0.0
728705262_728705251_0,0.0,0.0,0.0
728705264_1512564830_0,0.0,0.0,0.0
728705264_2143335964_0,0.0,0.0,0.005537342346384555
728705264_10108109106_0,0.0,0.0,0.0
728705271_2987193095_0,0.008865921093560927,0.0,0.0
728705278_10108109105_0,0.0,0.0,0.0
728705278_728705271_0,0.008865921093560927,0.0,0.0
1084139051_2404830460_0,0.0,0.0,0.05553894770887848
1084139051_1094296578_0,0.0,0.0,0.010716997948010638
1084139081_1084139051_0,0.0,0.0,0.05148576103610106
1085377805_1177157058_0,0.0,0.013113731467361726,0.0
1085377805_1609997995_0,0.0,0.033387440932982446,0.0
1085377812_1094360581_0,0.0,0.005712761068086416,0.0
1085377812_1609998009_0,0.0,0.033387440932982446,0.0
1086361193_246181791_0,0.0,0.004801634115924328,0.0
1086361193_1305278134_0,0.0,0.0,0.03493625963536858
1086375812_1086361193_0,0.0,0.0,0.0
1086375875_1512110629_0,0.0,0.016352794943738275,0.0
1086375875_1249875748_0,0.0,0.014598355726346355,0.0
1091826692_1177183161_0,0.0,0.0,0.0
1091826692_1177183150_0,0.0,0.0,0.0
1091826692_1091842307_0,0.0,0.0,0.0
1091842257_6447291071_0,0.0,0.0,0.0
1091842257_1091842307_0,0.0,0.0,0.0
1091842276_1609997967_0,0.0,0.0,0.0
1091842276_1512110522_0,0.0,0.0,0.0
1091842276_1177120060_0,0.0,0.0,0.0
1091842279_1383136506_0,0.0,0.0,0.0
1091842279_1096513772_0,0.0,0.0,0.012778525585960555
1091842279_1177157058_0,0.0,0.0,0.0
1091842279_1104969800_0,0.0,0.0,0.009677609513098893
1091842294_1177120050_0,0.0,0.02227166083545631,0.0
1091842294_2407138065_0,0.0,0.033387440932982446,0.0
1091842307_1091842257_0,0.0,0.0,0.0
1091842307_1091826692_0,0.0,0.0,0.0
1091842307_1091842327_0,0.0,0.014950779892084983,0.0
1091842327_1095440376_0,0.0,0.01614765085757936,0.0
1091842327_1094237241_0,0.0,0.018341815499900414,0.0
1091842327_1091842307_0,0.0,0.014950779892084983,0.0
1091868516_1091868533_0,0.0,0.0,0.0
1091868516_4620449099_0,0.0,0.0,0.0
1091868517_4584610471_0,0.0,0.0,0.034317533536836295
1091868533_1091868517_0,0.0,0.0,0.03750745430640488
1091868533_1091868517_1,0.0,0.0,0.011526770707425528
1091868583_1113674840_0,0.0,0.006828667076921831,0.006828667076921831
1092205604_1094077893_0,0.0,0.0,0.0
1092219000_1169035416_0,0.0,0.026228716909097016,0.0
1092219000_1092219016_0,0.0,0.014649391152999607,0.0
1092219005_1092472096_0,0.0,0.0,0.0
1092219005_1624926347_0,0.0,0.0,0.0
1092219005_1092219019_0,0.0,0.0,0.0
1092219016_1113674854_0,0.0,0.02107592297834718,0.0
1092219016_1169035403_0,0.0,0.01983407927076082,0.0
1092219016_1180833970_0,0.0,0.014304700078557664,0.0
1092219019_1092219005_0,0.0,0.0,0.0
1092219019_1086375875_0,0.0,0.013783562337812649,0.0
1092219034_1180833970_0,0.0,0.0,0.0
1092219034_1113674842_0,0.0,0.0,0.0
1092219071_1169035390_0,0.0,0.0,0.0
1092247422_1092247431_0,0.0,0.0,0.0
1092247422_1113674857_0,0.0,0.0,0.0
1092247431_1113674859_0,0.0,0.0,0.0
1092247444_1113674836_0,0.0,0.019960077488606665,0.009980038744303333
1092247444_1092247422_0,0.0,0.0,0.0
1092247454_1094296530_0,0.0,0.0,0.0
1092247454_1180833967_0,0.0,0.0,0.0
1092247454_1092247444_0,0.0,0.0,0.0
1092247492_1113674820_0,0.0,0.007704520301420578,0.0
1092247492_6289097043_0,0.0,0.02691097387497272,0.0
1092247501_1113674833_0,0.0,0.013874412787918844,0.0
1092247501_1092247492_0,0.0,0.012859920032465399,0.0
1092247529_1092219071_0,0.0,0.0,0.0
1092247529_1113674842_0,0.0,0.0,0.0
1092247552_1095439448_0,0.0,0.0,0.0
1092263653_246182133_0,0.0,0.017172536346360113,0.0
1092263653_1562259326_0,0.0,0.007286234439378194,0.007286234439378194
1092263787_1092263800_0,0.0,0.015019005890689874,0.015019005890689874
1092263787_1113674852_0,0.0,0.021714685413253162,0.0
1092263800_1512110633_0,0.0,0.0,0.030662230859960442
1092472096_1092247552_0,0.0,0.0,0.0
1092472096_1094296489_0,0.0,0.0,0.0
1092472112_1512110745_0,0.0,0.012382549094228945,0.0
1092472112_1145637534_0,0.0,0.015419842196571698,0.0
1094077853_1512110633_0,0.0,0.0,0.0296770427375234
1094077853_6289097043_0,0.0,0.014448073119251472,0.014448073119251472
1094077886_1095439849_0,0.0,0.006394834014705046,0.0
1094077886_1092205604_0,0.0,0.0,0.0
1094077893_1094077886_0,0.0,0.0,0.0
1094077893_1094077905_0,0.0,0.0,0.0
1094077905_1092247501_0,0.0,0.0,0.0
1094077905_4087742279_0,0.0,0.0,0.0
1094077912_1094077905_0,0.0,0.016924095659565694,0.0
1094077933_6447291071_0,0.0,0.0,0.0
1094077933_1094077936_0,0.0,0.0,0.0
1094077933_1177120124_0,0.0,0.0,0.0
1094077936_1177120079_0,0.0,0.0,0.0
1094077936_1177120124_0,0.0,0.0,0.0
1094077936_1094077933_0,0.0,0.0,0.0
1094077940_1094237195_0,0.0,0.0,0.0
1094077940_1094360581_0,0.0,0.0,0.0
1094237192_1128236277_0,0.0,0.0,0.0
1094237195_1094077940_0,0.0,0.0,0.0
1094237195_1094237192_0,0.0,0.0,0.0
1094237195_1177120124_0,0.0,0.0,0.0
1094237241_1094237264_0,0.0,0.0,0.0
1094237264_1094237297_0,0.0,0.0,0.0
1094237264_1128236277_0,0.0,0.0,0.0
1094237291_1091842327_0,0.0,0.020618673263413576,0.0
1094237291_1094237241_0,0.0,0.0,0.0
1094237297_1624926347_0,0.0,0.0,0.0
1094296489_4087742266_0,0.0,0.0,0.0
1094296524_1094296530_0,0.0,0.0,0.0
1094296530_1113674838_0,0.0,0.0,0.0
1094296530_1094296524_0,0.0,0.0,0.0
1094296578_1383136506_0,0.0,0.0,0.0
1094296578_1084139051_0,0.0,0.0,0.010716997948010638
1094296604_1116354114_0,0.0,0.011029667880254413,0.0
1094296604_1094296578_0,0.0,0.0,0.0
1094296689_211313493_0,0.0,0.008370171711024919,0.002790057237008306
1094296689_211317741_0,0.008865921093560927,0.033387440932982446,0.008901644626762717
1094296777_1094296854_0,0.0,0.0,0.0
1094296777_1094296777_0,0.0,0.007925632818992922,0.0
1094296854_1094296777_0,0.0,0.0,0.0
1094296854_1091842327_0,0.0,0.005721391107002436,0.0
1094360098_1094360174_0,0.0,0.033387440932982446,0.0
1094360098_1609997963_0,0.0,0.0,0.0
1094360109_1094360098_0,0.0,0.0,0.0
1094360111_1094360109_0,0.0,0.0,0.0
1094360143_1609997988_0,0.0,0.0,0.0
1094360174_1094360207_0,0.0,0.015235323282041248,0.0
1094360174_1609997963_0,0.0,0.033387440932982446,0.0
1094360207_1094360224_0,0.0,0.033387440932982446,0.0
1094360207_1094360174_0,0.0,0.015235323282041248,0.0
1094360224_1094360531_0,0.0,0.0,0.0
1094360277_1134266124_0,0.0,0.0,0.0
1094360277_1094360283_0,0.0,0.0,0.0
1094360283_1094360537_0,0.0,0.0,0.0
1094360316_1094360320_0,0.0,0.0,0.0
1094360316_1094360371_0,0.0,0.0,0.0
1094360320_1094360316_0,0.0,0.0,0.0
1094360320_1094360592_0,0.0,0.0,0.0
1094360355_1094360316_0,0.0,0.0,0.0
1094360355_1094360371_0,0.0,0.0,0.0
1094360371_1094360207_0,0.0,0.027607786980401526,0.0
1094360371_1094360224_0,0.0,0.0,0.0
1094360498_1094360355_0,0.0,0.0,0.0
1094360498_1095440291_0,0.0,0.0,0.007553762115024395
1094360531_1094360277_0,0.0,0.0,0.0
1094360531_1094360283_0,0.0,0.0,0.0
1094360537_5346948499_0,0.0,0.0,0.0
1094360537_1094360498_0,0.0,0.0,0.0
1094360581_1085377812_0,0.0,0.005712761068086416,0.0
1094360581_1094360320_0,0.0,0.0,0.0
1094360592_1095440240_0,0.0,0.0,0.008714877445118178
1094360592_1094077940_0,0.0,0.0,0.0
1095439352_1095439863_0,0.0,0.033387440932982446,0.0
1095439366_1095439352_0,0.0,0.014887438284433136,0.0
1095439366_1095439659_0,0.0,0.006995710382694536,0.0
1095439377_1095439435_0,0.0,0.01628617935003136,0.03257235870006272
1095439377_1095439366_0,0.0,0.0,0.012362053829960593
1095439387_1095439377_0,0.0,0.0,0.022498210478481096
1095439387_1095439470_0,0.0,0.0,0.016690780323253326
1095439392_1095439387_0,0.0,0.0,0.026908291848530785
1095439392_1095439401_0,0.0,0.0,0.013578576863546353
1095439401_1113674835_0,0.0,0.0,0.023101085255147594
1095439401_4087742266_0,0.0,0.0,0.0
1095439435_1094077912_0,0.0,0.01762615390931676,0.01762615390931676
1095439448_1092247501_0,0.0,0.0,0.0
1095439448_4087742279_0,0.0,0.0,0.0
1095439470_1095440086_0,0.0,0.0,0.057252028584208886
1095439489_1131141541_0,0.0,0.0,0.0
1095439489_1243851855_0,0.0,0.0,0.0
1095439501_1188131659_0,0.0,0.0,0.04050869689754971
1095439501_1095440068_0,0.0,0.0,0.07398246102283286
1095439505_1116623956_0,0.0,0.0,0.0
1095439505_1512110718_0,0.0,0.0,0.0
1095439556_1095440068_0,0.0,0.016735028602679895,0.03347005720535979
1095439556_4087692906_0,0.0,0.033387440932982446,0.06547213256302546
1095439603_1095439377_0,0.0,0.00797140866941325,0.0159428173388265
1095439603_1095439556_0,0.0,0.033387440932982446,0.06852992882062726
1095439629_1188085598_0,0.0,0.033387440932982446,0.06015478845903744
1095439629_1672512265_0,0.0,0.033387440932982446,0.0
1095439659_1095439629_0,0.0,0.033387440932982446,0.0
1095439681_1095439863_0,0.0,0.013514429483747011,0.027028858967494022
1095439681_1095439702_0,0.0,0.0,0.17717957842774226
1095439702_1096529613_0,0.0,0.0,0.06155914407052953
1095439702_4087692913_0,0.0,0.033387440932982446,0.19387264309041702
1095439849_1094077886_0,0.0,0.0063948340147050465,0.0
1095439849_1095439352_0,0.0,0.033387440932982446,0.0
1095439863_1095439681_0,0.0,0.01351442948374701,0.02702885896749402
1095439863_1095439882_0,0.0,0.033387440932982446,0.0
1095439882_1145610668_0,0.0,0.033387440932982446,0.0
1095439882_1095439849_0,0.0,0.033387440932982446,0.0
1095440068_1095439556_0,0.0,0.016735028602679895,0.03347005720535979
1095440068_1095439470_0,0.0,0.0,0.08105508156558901
1095440086_1095440188_0,0.0,0.0,0.0191031331296312
1095440086_1095439501_0,0.0,0.0,0.07418388547985282
1095440170_1095440188_0,0.0,0.0,0.0
1095440188_1095439489_0,0.0,0.0,0.0
1095440188_1095440086_0,0.0,0.0,0.0191031331296312
1095440240_1094360592_0,0.0,0.0,0.008714877445118178
1095440240_1095440295_0,0.0,0.0,0.07458480459419367
1095440291_1095440295_0,0.0,0.0,0.015390892436350223
1095440291_1131141534_0,0.0,0.0,0.009646466763274601
1095440291_1094360498_0,0.0,0.0,0.007553762115024395
1095440295_1095440291_0,0.0,0.0,0.015390892436350223
1095440295_1096529573_0,0.0,0.0,0.06342815659491145
1095440376_1095440543_0,0.0,0.0,0.0
1095440425_1128236277_0,0.0,0.0,0.01519296618077821
1095440425_1095440240_0,0.0,0.0,0.052781965725720345
1095440543_1095440376_0,0.0,0.0,0.0
1095440543_1094237192_0,0.0,0.0,0.0
1096507243_2404830460_0,0.008865921093560927,0.0,0.04051142186470693
1096507245_1116354100_0,0.0,0.0,0.008269010447017954
1096507245_246182757_0,0.007447019931192194,0.0,0.007447019931192194
1096513760_1096513772_0,0.0,0.0,0.008936940384529203
1096513772_1177157024_0,0.0,0.0,0.02438382493258641
1096529573_1095440425_0,0.0,0.0,0.14413008984511644
1096529577_1096529573_0,0.0,0.0,0.013333648555553027
1096529577_1131141534_0,0.0,0.0,0.0
1096529607_1672512265_0,0.0,0.033387440932982446,0.03596825457872091
1096529607_1095439603_0,0.0,0.033387440932982446,0.08391208985725668
1096529613_1095439659_0,0.0,0.033387440932982446,0.051287426380513784
1096529613_1095439702_0,0.0,0.0,0.06155914407052953
1104961855_1084139081_0,0.0,0.0,0.09534490395954148
1104961855_1119033380_0,0.0,0.0,0.02346136051914909
1105037070_4087692901_0,0.0,0.033387440932982446,0.0
1105037070_1105149745_0,0.0,0.011455359684431414,0.0
1105037086_1131141538_0,0.0,0.033387440932982446,0.0
1105149728_1130882694_0,0.008865921093560927,0.033387440932982446,0.02020034573115155
1105149728_1134264310_0,0.008865921093560927,0.011333999273678683,0.011333999273678683
1105149745_1105037070_0,0.0,0.011455359684431414,0.0
1105149745_5401631423_0,0.0,0.0,0.0
1105149764_1187706670_0,0.0,0.0,0.0
1105149764_5345118961_0,0.008865921093560927,0.0,0.01929324927771018
1105149764_1130882703_0,0.0,0.0,0.0
1105149775_1116623956_0,0.0,0.0,0.0
1105149775_1512110718_0,0.0,0.0,0.0
1105149778_1512110711_0,0.0,0.011238383697519642,0.011238383697519642
1105149778_1116623855_0,0.0,0.0,0.026116162655429206
1108381682_1108381685_0,0.0,0.0,0.0
1108381682_1105149745_0,0.0,0.007776915145291335,0.0
1108381685_4087692901_0,0.0,0.008501396093939814,0.0
1108381685_1095439505_0,0.0,0.0,0.0
1108381695_5401629314_0,0.0,0.0,0.0
1108381701_1119065594_0,0.0,0.0,0.2546861721963813
1109639584_409292136_0,0.0,0.033387440932982446,0.0718172615513165
1109639597_10093451978_0,0.0,0.0,0.0
1109639597_1109639608_0,0.008865921093560927,0.0,0.02208991072708073
1109639608_4558538598_0,0.008865921093560927,0.0,0.28076564896942374
1113674820_1092247552_0,0.0,0.0,0.0
1113674820_1092219019_0,0.0,0.0,0.0
1113674833_1092205604_0,0.0,0.014914732237022528,0.0
1113674833_1092247454_0,0.0,0.013684078367834598,0.0
1113674835_1095439435_0,0.0,0.01092153365799346,0.03276460097398038
1113674835_1095439387_0,0.0,0.0,0.05562948672359174
1113674836_1092247492_0,0.0,0.030082713060328125,0.010027571020109375
1113674836_1113674833_0,0.0,0.02851481821950936,0.01425740910975468
1113674838_1092219000_0,0.0,0.010481013212839943,0.0
1113674838_1180833968_0,0.0,0.0,0.0
1113674839_1094296489_0,0.0,0.0,0.007442345008822917
1113674839_1094077912_0,0.0,0.010929866667080176,0.02185973333416035
1113674839_1113674835_0,0.0,0.0,0.030985411032981025
1113674840_1092247529_0,0.0,0.005034860409505267,0.0
1113674840_1113674859_0,0.0,0.021009115665445676,0.0
1113674840_1180802572_0,0.0,0.015126515526398331,0.0
1113674842_1113674857_0,0.0,0.0,0.0
1113674842_1092247431_0,0.0,0.0,0.0
1113674852_1113674836_0,0.0,0.033387440932982446,0.014419135445137106
1113674852_1092247422_0,0.0,0.013555280378983,0.0
1113674854_1113674838_0,0.0,0.014315936829689162,0.0
1113674854_1092247444_0,0.0,0.009923927688527562,0.0
1113674856_1096529577_0,0.0,0.0,0.0
1113674856_1131141541_0,0.0,0.0,0.0
1113674857_1113674854_0,0.0,0.014592533107958224,0.0
1113674857_1092219034_0,0.0,0.0,0.0
1113674859_1092263800_0,0.0,0.0,0.0208414751526208
1113674859_1113674852_0,0.0,0.014805041348344693,0.0
1116354114_1094296604_0,0.0,0.011029667880254413,0.0
1116623855_1105037086_0,0.0,0.016668393756958517,0.016668393756958517
1116623855_1095439505_0,0.0,0.0,0.00881227003850788
1116623956_1105149778_0,0.0,0.0,0.009329586192334705
1116623956_1512110733_0,0.0,0.0,0.0
1119033360_1104961855_0,0.0,0.0,0.11892381881590383
1119033368_1134264331_0,0.0,0.0,0.011215025639863655
1119033368_1119033371_0,0.0,0.0,0.008084995381319163
1119033371_1186101444_0,0.0,0.0,0.0
1119033371_1134264331_0,0.0,0.0,0.0
1119033371_1094360109_0,0.0,0.0,0.0
1119033380_1119033368_0,0.0,0.0,0.19497960192665334
1119033380_1094360111_0,0.0,0.0,0.009371367538889732
1119033381_1187722477_0,0.0,0.0,0.10797007757612247
1119065594_1119065601_0,0.0,0.015830167073173734,0.023745250609760602
1119065594_1119065624_0,0.0,0.0,0.17406892873653435
1119065601_1134266148_0,0.0,0.033387440932982446,0.28076564896942374
1119065619_1119065624_0,0.0,0.01659523676146135,0.024892855142192027
1119065619_1119065601_0,0.0,0.033387440932982446,0.07661604405040846
1119065624_1119065718_0,0.0,0.0,0.28076564896942374
1119065628_1119104444_0,0.0,0.033387440932982446,0.28076564896942374
1119065633_4569285099_0,0.0,0.015382725961448719,0.0076913629807243596
1119065633_1119065641_0,0.0,0.033387440932982446,0.09114495657194593
1119065641_1119065648_0,0.0,0.033387440932982446,0.16108043906581973
1119065648_1119065698_0,0.0,0.021309120018489593,0.021309120018489593
1119065648_1119065628_0,0.0,0.033387440932982446,0.22618017094866627
1119065698_1119065780_0,0.0,0.033387440932982446,0.1837356634567355
1119065718_1140034971_0,0.0,0.0,0.03542558541069128
1119065718_1119065734_0,0.0,0.0,0.28076564896942374
1119065732_1108381701_0,0.0,0.0,0.28076564896942374
1119065734_10095475579_0,0.0,0.011137203302103972,0.033411609906311916
1119065734_1119065732_0,0.0,0.0,0.21279821700134763
1119065774_1119065628_0,0.0,0.021540410688883873,0.021540410688883873
1119065774_1119065698_0,0.0,0.033387440932982446,0.08432086239686662
1119065780_1119065619_0,0.0,0.033387440932982446,0.09608598900866727
1119093840_1119065641_0,0.0,0.014934715550467525,0.007467357775233763
1119093840_4569285099_0,0.0,0.0,0.0
1119093872_1119093874_0,0.008865921093560927,0.033387440932982446,0.14911292923517125
1119093874_1119093895_0,0.008865921093560927,0.033387440932982446,0.11948847119440204
1119093874_607644080_0,0.008865921093560927,0.020470677117409693,0.020470677117409693
1119093895_1124981438_0,0.008865921093560927,0.019905517723651626,0.009952758861825813
1119093895_1119093896_0,0.008865921093560927,0.033387440932982446,0.10517705955213535
1119093896_1119093915_0,0.008865921093560927,0.033387440932982446,0.08251364542915114
1119093915_1119093920_0,0.008865921093560927,0.033387440932982446,0.07219242519491313
1119093915_4358780505_0,0.008865921093560927,0.033387440932982446,0.018637443280181003
1119093920_4358780493_0,0.008865921093560927,0.033387440932982446,0.025135622316295073
1119093920_1119093872_0,0.008865921093560927,0.033387440932982446,0.1088052577657227
1119093947_1119093840_0,0.0,0.0,0.0
1119104426_1119104440_0,0.0,0.0,0.0
1119104427_1119104426_0,0.0,0.0,0.010082106954721656
1119104427_607644080_0,0.0,0.0,0.007853945559609263
1119104440_1119104444_0,0.0,0.013526264284231525,0.013526264284231525
1119104443_1119104440_0,0.0,0.0,0.0
1119104443_1187702159_0,0.0,0.0,0.0
1119104444_1119065633_0,0.0,0.033387440932982446,0.17457899203376037
1119106283_1119106285_0,0.0,0.0,0.0
1119106283_4358780505_0,0.008865921093560927,0.015952430003800734,0.0
1119106285_4358780513_0,0.0,0.0,0.0
1119106285_4358780524_0,0.0,0.0,0.0
1119106285_1119106283_0,0.0,0.0,0.0
1119106303_1131137281_0,0.0,0.0,0.0
1119106303_4358780516_0,0.0,0.0,0.0
1119694752_1512110725_0,0.0,0.033387440932982446,0.01924987200026584
1119694752_1119065732_0,0.0,0.020502634743848603,0.020502634743848603
1124937218_1119093947_0,0.0,0.0,0.0
1124981404_1124981406_0,0.0,0.033387440932982446,0.07949600053448895
1124981404_2142861448_0,0.0,0.010738047072161378,0.0
1124981406_1512110789_0,0.0,0.033387440932982446,0.11746081312005856
1124981406_1124981410_0,0.0,0.005721481078443789,0.005721481078443789
1124981410_1124981411_0,0.0,0.0,0.0
1124981410_1124981413_0,0.0,0.0,0.0
1124981411_1243851740_0,0.0,0.0,0.0
1124981413_607644081_0,0.0,0.0,0.0
1124981413_1124981438_0,0.0,0.0,0.004978733370442649
1124981427_1134264311_0,0.004539761802368953,0.009079523604737906,0.009079523604737906
1124981427_1676387272_0,0.0,0.0,0.00877107865764262
1124981438_1124981460_0,0.0,0.00672249538177177,0.0
1124981460_1124981411_0,0.0,0.0,0.0
1124981481_1119093896_0,0.003928968656590038,0.011786905969770115,0.003928968656590038
1124981481_1124981460_0,0.0,0.0,0.0
1128236277_1095440425_0,0.0,0.0,0.01519296618077821
1128236277_1113674856_0,0.0,0.0,0.0
1128236277_1094237264_0,0.0,0.0,0.0
1129273455_1134266124_0,0.0,0.0,0.0
1129273455_1186077444_0,0.0,0.0,0.0
1129273455_1186101430_0,0.0,0.0,0.0
1129273459_1672512394_0,0.0,0.0,0.012343525910274216
1129273462_4558538601_0,0.008865921093560927,0.008211876647462979,0.012317814971194468
1129273462_1134251269_0,0.0,0.033387440932982446,0.0
1129273462_211320731_0,0.0,0.015018893512406642,0.0
1129273462_211320732_0,0.008865921093560927,0.00950652193829548,0.01425978290744322
1129276619_1134264331_0,0.0,0.0,0.0
1129276619_1119033360_0,0.0,0.0,0.010470713699836947
1129276619_1186538320_0,0.0,0.0,0.0
1129276631_1186538320_0,0.0,0.0,0.0
1130841540_1134264295_0,0.008865921093560927,0.01948923330701213,0.0
1130841540_1130841542_0,0.008865921093560927,0.010070194983526692,0.010070194983526692
1130841542_1130841543_0,0.008865921093560927,0.014850801929036681,0.029701603858073362
1130841543_1130841546_0,0.008865921093560927,0.014370123963605848,0.021555185945408773
1130841546_211318993_0,0.008865921093560927,0.033387440932982446,0.0
1130841547_1130841546_0,0.008865921093560927,0.0,0.0
1130841547_1130841550_0,0.008865921093560927,0.013442508786952974,0.013442508786952974
1130841550_1131425395_0,0.0,0.033387440932982446,0.0
1130841550_1134264320_0,0.0,0.017084328258362376,0.0
1130841552_1130841555_0,0.008865921093560927,0.01032780522979999,0.0
1130841552_1130841542_0,0.008865921093560927,0.0,0.03392489123168736
1130841555_1134264311_0,0.008865921093560927,0.033387440932982446,0.0
1130841555_1676387272_0,0.0,0.004152973584797649,0.0
1130841563_1134264315_0,0.0,0.009274217492204457,0.009274217492204457
1130841563_1130841567_0,0.0,0.01301965801198111,0.01301965801198111
1130841567_1124981404_0,0.0,0.033387440932982446,0.16289726674073118
1130882691_1134264314_0,0.0,0.0,0.014563884263632296
1130882691_607644089_0,0.008865921093560927,0.0,0.0
1130882694_1130882708_0,0.0,0.017088855821548628,0.0
1130882703_1130882691_0,0.0,0.0,0.0
1130882703_1130882706_0,0.0,0.0,0.0
1130882706_1134264292_0,0.0,0.0,0.0
1130882706_1130882708_0,0.0,0.013961611899180744,0.0
1130882708_1134264305_0,0.0,0.0168236810952845,0.0
1130882708_1130882711_0,0.0,0.022620079634893108,0.0
1130882711_1134264306_0,0.0,0.015480638176202183,0.0
1130882711_1472990982_0,0.0,0.018297994218245565,0.0
1130898034_1134264316_0,0.0,0.0,0.0
1130898034_1130898075_0,0.0,0.0,0.0
1130898039_1119104426_0,0.0,0.0,0.0
1130898039_1512110783_0,0.0,0.0,0.0
1130898043_607644080_0,0.0,0.0,0.0
1130898047_1134264316_0,0.0,0.0,0.0
1130898057_1130882703_0,0.0,0.0,0.0
1130898057_1134264332_0,0.0,0.0,0.0
1130898069_1134264324_0,0.0,0.0,0.0
1130898069_1134264318_0,0.0,0.0,0.0
1130898075_1130898047_0,0.0,0.0,0.0
1130908708_1134264324_0,0.0,0.012210200570146618,0.0
1130908709_1187702159_0,0.0,0.0,0.0
1130908710_1187402195_0,0.0,0.0,0.0
1130908717_1512110668_0,0.0,0.0,0.0
1130908717_1130908719_0,0.0,0.0,0.0
1130908719_1130908720_0,0.0,0.0,0.0
1130908720_1130898034_0,0.0,0.0,0.0
1130908720_1134266155_0,0.0,0.0,0.0
1131137281_4358780510_0,0.0,0.0,0.0
1131137281_4358780504_0,0.0,0.0,0.0
1131141534_1131141543_0,0.0,0.007190759332284869,0.0
1131141538_1131141543_0,0.0,0.032213021559399556,0.0
1131141538_1105037070_0,0.0,0.033387440932982446,0.0
1131141541_1095439392_0,0.0,0.0,0.021650875759003877
1131141543_1095440170_0,0.0,0.01877403955007882,0.0
1131425389_1134264326_0,0.0,0.0,0.010872819292737083
1131425393_1134264326_0,0.0,0.0,0.08364228282177126
1131425393_1131425395_0,0.0,0.0047403462951384374,0.0047403462951384374
1131425395_1130841552_0,0.008865921093560927,0.015910532882640466,0.015910532882640466
1131425423_1134251269_0,0.008865921093560927,0.022233055782734424,0.011116527891367212
1131453368_1885951239_0,0.0,0.004126552001053759,0.0
1131686638_1473068231_0,0.0,0.010345875217501932,0.010345875217501932
1131686638_1130841543_0,0.0,0.018325248879831644,0.03665049775966329
1131686685_1472990981_0,0.0,0.0,0.0
1131686685_1134264304_0,0.0,0.0,0.0
1134251269_1131425389_0,0.0,0.011995738102001462,0.0
1134264292_1130898069_0,0.0,0.0,0.0
1134264292_1130898057_0,0.0,0.0,0.0
1134264295_1512110722_0,0.008865921093560927,0.01312968784537084,0.0
1134264304_1130841540_0,0.006291180913915355,0.006291180913915355,0.0
1134264304_1131686685_0,0.0,0.0,0.0
1134264305_1134264318_0,0.0,0.0,0.0
1134264305_1134264292_0,0.0,0.0,0.0
1134264306_1130898047_0,0.0,0.0,0.0
1134264309_1130908719_0,0.0,0.0,0.0
1134264309_5401629306_0,0.0,0.010599532726720273,0.0
1134264310_1134264304_0,0.0,0.0,0.0
1134264310_1124981427_0,0.0,0.0,0.013253663635170882
1134264311_1130841540_0,0.008865921093560927,0.033387440932982446,0.0
1134264312_1130898057_0,0.0,0.0,0.0
1134264312_1130898069_0,0.0,0.0,0.0
1134264314_1130882706_0,0.0,0.0,0.016839415591634852
1134264314_1130882694_0,0.0,0.014369952072980668,0.014369952072980668
1134264315_1124981427_0,0.0,0.0,0.02300294605437667
1134264315_1105149728_0,0.008865921093560927,0.0124295240961251,0.0248590481922502
1134264316_1130882711_0,0.0,0.017182129910354414,0.0
1134264316_1134264305_0,0.0,0.0,0.0
1134264318_1134266155_0,0.0,0.0,0.0
1134264318_1130898034_0,0.0,0.0,0.0
1134264320_1131425389_0,0.0,0.0,0.0
1134264320_211320731_0,0.0,0.0,0.0
1134264324_1134264333_0,0.0,0.0,0.0
1134264324_1512110713_0,0.0,0.0,0.0
1134264326_1131425393_0,0.0,0.0,0.08364228282177126
1134264326_1109639597_0,0.0,0.0,0.006623206506689866
1134264326_1131425423_0,0.008865921093560927,0.011813335255047712,0.011813335255047712
1134264330_1130908709_0,0.0,0.0,0.0
1134264331_1648826945_0,0.0,0.0,0.0
1134264331_1129276619_0,0.0,0.0,0.0
1134264332_1134264312_0,0.0,0.0,0.0
1134264332_1134264330_0,0.0,0.0,0.0
1134264333_1134264312_0,0.0,0.0,0.0
1134264333_1134264330_0,0.0,0.0,0.0
1134266124_1094360277_0,0.0,0.0,0.0
1134266124_1108381695_0,0.0,0.0,0.0
1134266124_1129273455_0,0.0,0.0,0.0
1134266148_1119065774_0,0.0,0.033387440932982446,0.09362130569293474
1134266148_1153010098_0,0.0,0.02334170620444122,0.01167085310222061
1134266155_1134266158_0,0.0,0.0,0.0
1134266158_1130908708_0,0.0,0.022940381373015885,0.0
1134266158_5401629306_0,0.0,0.01110059972749548,0.0
1140034957_1140076085_0,0.0,0.0,0.01991810662867837
1140034970_1140034971_0,0.0,0.0,0.010754488094866302
1140034970_1143654568_0,0.0,0.0,0.017299837181415544
1140034970_1243851685_0,0.0,0.016876606474018417,0.06750642589607367
1140034971_1143654563_0,0.0,0.0,0.016291878851058032
1140034971_1140034957_0,0.0,0.0,0.01772460273348635
1140034972_1140034975_0,0.0,0.014952930413318232,0.0
1140034972_1140057812_0,0.0,0.0,0.01241481926303319
1140034975_1140035000_0,0.0,0.010523649975240794,0.0
1140034975_1140035000_1,0.0,0.005016773601071595,0.0
1140035000_1140057812_0,0.0,0.0,0.012055011372830497
1140035000_1140057797_0,0.0,0.0,0.0
1140057797_1140057800_0,0.0,0.0,0.0
1140057800_1141178073_0,0.0,0.0,0.0
1140057812_1140057797_0,0.0,0.0,0.013522400793506912
1140076085_1140034972_0,0.0,0.0,0.0
1140076090_1140057800_0,0.0,0.0,0.0
1140076090_1140076103_0,0.0,0.0,0.0
1140076103_1143654563_0,0.0,0.0,0.0
1140076103_1140076106_0,0.0,0.0,0.0
1140076106_1140034957_0,0.0,0.0,0.01851826656562819
1140076106_1140076085_0,0.0,0.0,0.0
1141178073_1141178094_0,0.0,0.0,0.0
1141178073_1141178123_0,0.0,0.0,0.0
1141178073_1145245224_0,0.0,0.0,0.0
1141178094_1141178104_0,0.0,0.0,0.0
1141178104_1141178116_0,0.0,0.0,0.0
1141178104_1512110781_0,0.0,0.0,0.0
1141178116_1140076090_0,0.0,0.0,0.0
1141178123_1141178134_0,0.0,0.0,0.0
1141178123_1141178073_0,0.0,0.0,0.0
1141178123_1145245219_0,0.0,0.0,0.0
1141178134_1141178123_0,0.0,0.0,0.0
1141178134_1141178136_0,0.0,0.0,0.0
1141178136_1141178134_0,0.0,0.0,0.0
1141178136_1141191818_0,0.0,0.0,0.0
1141191817_1145304334_0,0.0,0.0,0.0
1141191817_1512110760_0,0.0,0.0,0.0
1141191818_1512110760_0,0.0,0.0,0.0
1141191818_1141178136_0,0.0,0.0,0.0
1143654563_1143654564_0,0.0,0.0,0.0
1143654563_1145592667_0,0.0,0.0,0.0
1143654564_1512110781_0,0.0,0.0,0.0
1143654564_1141178116_0,0.0,0.0,0.0
1143654568_1140034970_0,0.0,0.0,0.017299837181415544
1143654568_1141191816_0,0.0,0.0,0.0
1143654568_1145245213_0,0.0,0.0,0.0
1145245213_1145245214_0,0.0,0.0,0.0
1145245213_1145304351_0,0.0,0.0,0.0
1145245213_1143654568_0,0.0,0.0,0.0
1145245214_1145264729_0,0.0,0.0,0.0
1145245214_1145245213_0,0.0,0.0,0.0
1145245214_1145245219_0,0.0,0.0,0.0
1145245219_1145245224_0,0.0,0.0,0.0
1145245219_1141178123_0,0.0,0.0,0.0
1145245219_1145264718_0,0.0,0.0,0.0
1145245219_1145245214_0,0.0,0.0,0.0
1145245224_1145304351_0,0.0,0.0,0.0
1145245224_1141178073_0,0.0,0.0,0.0
1145245224_1145245219_0,0.0,0.0,0.0
1145264718_1145245219_0,0.0,0.0,0.0
1145264718_1141191818_0,0.0,0.0,0.0
1145264719_1145264721_0,0.0,0.0,0.0
1145264721_1145264719_0,0.0,0.0,0.0
1145264721_1145304336_0,0.0,0.0,0.0
1145264721_1141191818_0,0.0,0.0,0.0
1145264729_1145264718_0,0.0,0.0,0.0
1145304334_1141191816_0,0.0,0.0,0.0
1145304336_1145264721_0,0.0,0.0,0.0
1145304336_1512110745_0,0.0,0.0,0.0
1145304351_1145304362_0,0.0,0.0,0.0
1145304351_1145592665_0,0.0,0.0,0.0
1145304362_1141178094_0,0.0,0.0,0.0
1145592665_1145592667_0,0.0,0.0,0.0
1145592667_1143654568_0,0.0,0.0,0.0
1145592711_1092472112_0,0.0,0.005612425460784658,0.0
1145592711_1145610668_0,0.0,0.006103521363226276,0.0
1145610668_1095439882_0,0.0,0.033387440932982446,0.0
1145610668_1092472112_0,0.0,0.008413437173948213,0.0
1145610671_1145637542_0,0.0,0.0,0.0
1145610671_1145610672_0,0.0,0.0,0.0
1145610672_1145637561_0,0.0,0.0,0.0
1145637534_1512564831_0,0.0,0.011778587446302849,0.0
1145637534_1145637535_0,0.0,0.018119625522279366,0.0
1145637535_1145637561_0,0.0,0.0,0.0
1145637542_1145637552_0,0.0,0.0,0.0
1145637542_1145644758_0,0.0,0.0,0.0
1145637542_1145657870_0,0.0,0.0,0.0
1145637552_1145637567_0,0.0,0.0,0.0
1145637552_1145637535_0,0.0,0.0,0.0
1145637561_1512564831_0,0.0,0.0,0.0
1145637567_1145637552_0,0.0,0.0,0.0
1145637574_1145610672_0,0.0,0.0,0.0
1145637574_1145610671_0,0.0,0.0,0.0
1145644758_1145637542_0,0.0,0.0,0.0
1145657870_1169016378_0,0.0,0.0,0.0
1145657870_1169035414_0,0.0,0.0044683985125428425,0.0
1153010098_1672512313_0,0.0,0.0,0.0
1153010098_1512110748_0,0.0,0.0,0.013973565172838319
1169016284_1169016298_0,0.0,0.0,0.0
1169016284_1169016378_0,0.0,0.0,0.0
1169016298_1169016284_0,0.0,0.0,0.0
1169016298_1169016353_0,0.0,0.0,0.0
1169016353_1169016298_0,0.0,0.0,0.0
1169016378_8706350395_0,0.0,0.0,0.0
1169035368_1169035371_0,0.0,0.0,0.0
1169035368_1169035433_0,0.0,0.0,0.0
1169035371_1169035384_0,0.0,0.0,0.0
1169035371_1169035376_0,0.0,0.0,0.0
1169035376_1169035388_0,0.0,0.0,0.0
1169035376_1092219071_0,0.0,0.0,0.0
1169035384_1169035371_0,0.0,0.0,0.0
1169035388_1169035376_0,0.0,0.0,0.0
1169035390_1180833970_0,0.0,0.0,0.0
1169035390_1169035376_0,0.0,0.0,0.0
1169035403_1092219016_0,0.0,0.01983407927076082,0.0
1169035403_1169035368_0,0.0,0.0,0.0
1169035414_1169035416_0,0.0,0.014580915074303289,0.0
1169035414_1169035403_0,0.0,0.029049774523869736,0.0
1169035416_1145637574_0,0.0,0.0,0.0
1169035433_1169035368_0,0.0,0.0,0.0
1177120041_10106993225_0,0.0,0.0,0.0
1177120044_1177120041_0,0.0,0.0,0.0
1177120044_1177120047_0,0.0,0.0,0.0
1177120047_1177120059_0,0.0,0.0,0.0
1177120050_1177183156_0,0.0,0.033387440932982446,0.0
1177120050_1512110522_0,0.0,0.01574053002327253,0.0
1177120050_1091842294_0,0.0,0.02227166083545631,0.0
1177120059_1177120060_0,0.0,0.0,0.0
1177120060_1177157005_0,0.0,0.03203906652606343,0.0
1177120060_1091842276_0,0.0,0.0,0.0
1177120071_1177157005_0,0.0,0.033387440932982446,0.0
1177120071_1177120059_0,0.0,0.008096321074991582,0.0
1177120071_1177120098_0,0.0,0.033387440932982446,0.0
1177120079_1094077936_0,0.0,0.0,0.0
1177120079_1177120041_0,0.0,0.0,0.0
1177120079_1177120094_0,0.0,0.0,0.0
1177120094_1177120079_0,0.0,0.0,0.0
1177120098_1177120044_0,0.0,0.016597976855700955,0.0
1177120098_10106993225_0,0.0,0.020838233799669505,0.0
1177120098_1177120071_0,0.0,0.033387440932982446,0.0
1177120124_1094237195_0,0.0,0.0,0.0
1177120124_1094077936_0,0.0,0.0,0.0
1177156992_1177156995_0,0.0,0.0,0.0
1177156992_1177157035_0,0.0,0.0,0.0
1177156995_1177157005_0,0.0,0.011034216131297209,0.0
1177156995_1177157016_0,0.0,0.0,0.0
1177157005_1177156995_0,0.0,0.011034216131297209,0.0
1177157005_1177120071_0,0.0,0.033387440932982446,0.0
1177157005_1177120060_0,0.0,0.03203906652606343,0.0
1177157014_2407138071_0,0.0,0.0,0.0
1177157014_246182757_0,0.008865921093560927,0.0,0.0
1177157014_1177157016_0,0.0,0.0,0.0
1177157016_1177156992_0,0.0,0.0,0.0
1177157016_1177157014_0,0.0,0.0,0.0
1177157024_12181435188_0,0.0,0.0,0.11060922068079443
1177157024_12181435186_0,0.0,0.0,0.10850081964524676
1177157035_1177156992_0,0.0,0.0,0.0
1177157035_12181435188_0,0.0,0.0,0.00919322549236105
1177157035_1177157058_0,0.0,0.0,0.0
1177157058_1085377805_0,0.0,0.013113731467361726,0.0
1177157058_1091842279_0,0.0,0.0,0.0
1177183150_1091826692_0,0.0,0.0,0.0
1177183150_1177183156_0,0.0,0.028071306642226446,0.0
1177183150_1177183156_1,0.0,0.01789617115141508,0.0
1177183156_1177120050_0,0.0,0.033387440932982446,0.0
1177183156_1177183150_0,0.0,0.028071306642226446,0.0
1177183161_1180750433_0,0.0,0.0,0.0
1177183161_246182003_0,0.0,0.007241536513861804,0.0
1180686279_1180686283_0,0.0,0.0,0.0
1180686279_1512564829_0,0.0,0.0,0.0
1180686283_1180686279_0,0.0,0.0,0.0
1180727051_1180686279_0,0.0,0.017470465563722115,0.0
1180727051_1512110572_0,0.0,0.009515597053250885,0.0
1180750433_1512564829_0,0.0,0.0,0.0
1180750433_4569344752_0,0.0,0.0,0.0
1180750434_1180727051_0,0.0,0.01717317348454992,0.0
1180750443_1091868583_0,0.0,0.0,0.0
1180750443_1512110622_0,0.0,0.0,0.0
1180802572_1113674840_0,0.0,0.015126515526398331,0.0
1180802572_1243851768_0,0.0,0.033387440932982446,0.0
1180833967_1092247454_0,0.0,0.0,0.0
1180833968_1113674838_0,0.0,0.0,0.0
1180833970_1092219034_0,0.0,0.0,0.0
1180833970_1092219016_0,0.0,0.014304700078557664,0.0
1186060828_1108381682_0,0.0,0.0,0.0
1186060828_5401629305_0,0.0,0.0,0.0
1186077444_1129273455_0,0.0,0.0,0.0
1186101430_1512110646_0,0.0,0.0,0.0
1186101444_1512110646_0,0.0,0.0,0.0
1186101444_1186101445_0,0.0,0.0,0.0
1186101444_1186538328_0,0.0,0.0,0.0
1186101445_1186538328_0,0.0,0.0,0.0
1186101445_1186101459_0,0.0,0.0,0.0
1186101445_1119033381_0,0.0,0.0,0.02164588126168446
1186101459_1187402076_0,0.0,0.0,0.0
1186538320_1129276631_0,0.0,0.0,0.0
1186538320_1186538333_0,0.0,0.0,0.025006002529896768
1186538320_1129276619_0,0.0,0.0,0.0
1186538328_1186101430_0,0.0,0.0,0.0
1186538328_1186538346_0,0.0,0.0,0.0
1186538333_1186538320_0,0.0,0.0,0.025006002529896768
1186538346_1186538328_0,0.0,0.0,0.0
1187334109_1512110626_0,0.008865921093560927,0.024395326316860793,0.024395326316860793
1187334109_211317741_0,0.008865921093560927,0.007779784807869453,0.0038898924039347266
1187402076_1187402139_0,0.0,0.0,0.0
1187402076_1187402195_0,0.0,0.0,0.0
1187672560_1187706670_0,0.0,0.0,0.0
1187672560_1119104443_0,0.0,0.0,0.0
1187672580_1187672560_0,0.0,0.0,0.0
1187672580_1134264332_0,0.0,0.0,0.0
1187702147_1188131652_0,0.0,0.033387440932982446,0.02227941919112753
1187702147_1512110715_0,0.0,0.02224192345875897,0.011120961729379484
1187702159_1187672580_0,0.0,0.0,0.0
1187706670_1187672560_0,0.0,0.0,0.0
1187706670_1105149764_0,0.0,0.0,0.0
1187722456_243494580_0,0.008865921093560927,0.017267255233297956,0.04029026221102856
1187722456_1512110626_0,0.008865921093560927,0.026617346803178107,0.026617346803178107
1187722477_1129276619_0,0.0,0.0,0.023782287543731486
1187722477_2404853941_0,0.008865921093560927,0.0,0.04636696970069578
1187722485_1187722456_0,0.0,0.026326689337448986,0.05265337867489797
1187722485_10098682767_0,0.0,0.0,0.08198282531656668
1188085576_1512110715_0,0.0,0.0,0.04352665491742573
1188085576_1188131642_0,0.0,0.0,0.055966197855960347
1188085598_1096529613_0,0.0,0.0,0.08042578402307723
1188085605_1512110737_0,0.0,0.0,0.0
1188131630_1512110748_0,0.0,0.0,0.01043266350779891
1188131635_1188131638_0,0.0,0.033387440932982446,0.0783295077587952
1188131635_1512110725_0,0.0,0.01896612395778774,0.07586449583115096
1188131638_1119694752_0,0.0,0.033387440932982446,0.0569738048624479
1188131642_1188131652_0,0.0,0.0,0.027524435667682135
1188131642_1188131635_0,0.0,0.0,0.059825572222371455
1188131652_1188085598_0,0.0,0.0,0.06266258803339955
1188131655_1187702147_0,0.0,0.033387440932982446,0.0
1188131659_1512110711_0,0.0,0.013015469129013545,0.013015469129013545
1188131659_1116623855_0,0.0,0.0,0.012161651637507839
1189660030_1200015496_0,0.0,0.0028514131898540974,0.0
1189660030_1200015481_0,0.0,0.0,0.0
1189660045_4353325940_0,0.0,0.0017239814108791509,0.0
1189660045_1192963700_0,0.0,0.0,0.0
1189660061_728705262_0,0.0,0.0,0.0
1189660062_1189660061_0,0.0,0.0,0.0
1190021712_1512110651_0,0.0,0.0,0.0
1190021712_1189660062_0,0.0,0.0,0.0
1190021724_12463364889_0,0.0,0.0,0.0
1190021724_1190021755_0,0.0,0.0,0.0
1190021755_1189660030_0,0.0,0.0,0.0
1192963700_1190021724_0,0.0,0.0,0.0
1200000507_1258265825_0,0.0,0.007833213567681938,0.0
1200000507_1200000508_0,0.0,0.0,0.0
1200000508_1200000510_0,0.0,0.0,0.0
1200000510_728705256_0,0.0,0.0,0.0
1200000512_1200059344_0,0.0,0.0,0.0
1200000513_1200000508_0,0.0,0.007811214061216307,0.0
1200000513_1258265825_0,0.0,0.033387440932982446,0.0
1200005204_1200038216_0,0.0,0.033387440932982446,0.0695813589568747
1200005269_1200015397_0,0.0,0.009230930533736952,0.027692791601210857
1200005269_1200005204_0,0.0,0.033387440932982446,0.0710148505022528
1200015397_1200015405_0,0.0,0.0,0.014714931495045535
1200015397_7839120969_0,0.0,0.0,0.031056580564232984
1200015405_1200015410_0,0.0,0.0,0.0
1200015410_1200024385_0,0.0,0.033387440932982446,0.0
1200015416_1200005204_0,0.0,0.004089498616605854,0.012268495849817563
1200015416_1200015405_0,0.0,0.0,0.0
1200015419_1200015472_0,0.0,0.033387440932982446,0.0
1200015472_1200015481_0,0.0,0.0028692981201247593,0.0
1200015472_1200015496_0,0.0,0.0,0.0
1200015481_1189660045_0,0.0,0.0,0.0
1200015496_1200015416_0,0.0,0.0,0.0
1200024335_1200015419_0,0.0,0.014830509140295487,0.0
1200024335_1200024387_0,0.0,0.0,0.0
1200024345_1200024335_0,0.0,0.0,0.0
1200024385_1200024387_0,0.0,0.01581875046159744,0.0
1200024385_1200015419_0,0.0,0.033387440932982446,0.0
1200024387_1200024627_0,0.0,0.0,0.0
1200024396_1200024345_0,0.0,0.0,0.0
1200024396_1200024401_0,0.008865921093560927,0.0,0.0
1200024401_1672512252_0,0.008865921093560927,0.0053805142106683156,0.0
1200024627_2143335953_0,0.0,0.0,0.0
1200024627_1200024396_0,0.0,0.0,0.0
1200028693_1200038211_0,0.0,0.0,0.0
1200038211_1512110648_0,0.0,0.0,0.0
1200038211_1200059342_0,0.0,0.0,0.0
1200038216_1200059347_0,0.0,0.015025074485421463,0.007512537242710731
1200038216_409292135_0,0.0,0.033387440932982446,0.07312769075835461
1200059342_1512110651_0,0.0,0.0,0.0
1200059342_1189660062_0,0.0,0.0,0.0
1200059344_1200000507_0,0.0,0.0,0.0
1200059345_1190021712_0,0.0,0.0,0.0
1200059346_1200059347_0,0.0,0.0,0.0
1200059346_1512110664_0,0.0,0.0,0.0
1200059346_1512110648_0,0.0,0.0,0.0
1200059347_1200059346_0,0.0,0.0,0.0
1200059347_1200038216_0,0.0,0.015025074485421463,0.007512537242710731
1200059348_1200059345_0,0.0,0.0,0.0
1200059348_1512110684_0,0.0,0.0,0.0
1200554673_1200554688_0,0.0,0.0,0.051328898968951424
1200554673_2088186040_0,0.0,0.0,0.04044623554613134
1200554688_1200554673_0,0.0,0.0,0.051328898968951424
1200580244_1130898075_0,0.0,0.0,0.0
1200580244_1130908717_0,0.0,0.0,0.0
1243851685_1140034970_0,0.0,0.016876606474018417,0.06750642589607367
1243851685_1095439681_0,0.0,0.0,0.21379496229106684
1243851740_10207374186_0,0.0,0.0,0.0
1243851740_1243851777_0,0.0,0.0,0.0
1243851768_245935463_0,0.0,0.0015463540521690308,0.0
1243851768_10102980234_0,0.0,0.0,0.0
1243851777_1124981481_0,0.0,0.0,0.0
1243851790_4570126146_0,0.0,0.033387440932982446,0.14033451716659212
1243851790_2407138066_0,0.0,0.014805073670982457,0.0029610147341964915
1243851855_1096529577_0,0.0,0.0,0.0
1243851855_1095440170_0,0.0,0.0,0.0
1249875748_1512110572_0,0.0,0.017364960714358557,0.0
1249875748_1180686279_0,0.0,0.00950114564384144,0.0
1258265825_728705259_0,0.0,0.033387440932982446,0.0
1305278134_4584610470_0,0.0,0.0,0.28076564896942374
1383136506_1091842279_0,0.0,0.0,0.0
1383136506_1094296604_0,0.0,0.0,0.0
1416545434_1416545428_0,0.0,0.0,0.0
1472990981_1134264306_0,0.0,0.0,0.0
1472990982_1472990981_0,0.0,0.016122175692120162,0.0
1472990982_1134264310_0,0.0,0.01734620991557824,0.0
1472993474_5345118960_0,0.0,0.0,0.0
1472993474_607644081_0,0.0,0.0,0.0
1472993474_5346954184_0,0.008865921093560927,0.024299648021805,0.0121498240109025
1473068231_1473068233_0,0.0,0.0,0.0
1473068231_1134264295_0,0.008865921093560927,0.014338823958720583,0.0
1512110522_1091842257_0,0.0,0.0,0.0
1512110522_1177120047_0,0.0,0.0,0.0
1512110572_246181271_0,0.0,0.0,0.0
1512110572_1180750443_0,0.0,0.0,0.0
1512110622_1512110629_0,0.0,0.0,0.0
1512110622_1249875748_0,0.0,0.01624742011373608,0.0
1512110626_1512110649_0,0.008865921093560927,0.010467907478402852,0.03140372243520855
1512110626_1187334109_0,0.008865921093560927,0.024395326316860793,0.024395326316860793
1512110626_1187722456_0,0.008865921093560927,0.026617346803178107,0.026617346803178107
1512110629_1113674820_0,0.0,0.0,0.0
1512110629_1094077853_0,0.0,0.0,0.012494704185483383
1512110633_1091868583_0,0.0,0.0,0.041912800470843545
1512110633_1512110622_0,0.0,0.0,0.02522574403695616
1512110646_1186101444_0,0.0,0.0,0.0
1512110646_1119033371_0,0.0,0.0,0.0
1512110648_1190021755_0,0.0,0.0,0.0
1512110648_1200059346_0,0.0,0.0,0.0
1512110649_1186101459_0,0.0,0.0,0.02123425832155101
1512110649_1187722485_0,0.0,0.0,0.03945296589074036
1512110649_1187722477_0,0.0,0.0,0.04848758928483255
1512110651_1512110648_0,0.0,0.0,0.0
1512110651_1512110664_0,0.0,0.0,0.0
1512110655_1108381695_0,0.0,0.0,0.0
1512110655_1129273455_0,0.0,0.0,0.0
1512110664_1512110684_0,0.0,0.0,0.0
1512110664_1200059345_0,0.0,0.0,0.0
1512110668_1134264309_0,0.0,0.0,0.0
1512110668_1512110655_0,0.0,0.0,0.0
1512110681_1512110655_0,0.0,0.0,0.0
1512110681_1134264309_0,0.0,0.0,0.0
1512110684_1200059344_0,0.0,0.0,0.0
1512110684_1200059347_0,0.0,0.0,0.0
1512110711_4087692906_0,0.0,0.022755753391173954,0.022755753391173954
1512110711_1188131655_0,0.0,0.033387440932982446,0.0
1512110713_1108381685_0,0.0,0.0,0.0
1512110713_1186060828_0,0.0,0.0,0.0
1512110715_1105149778_0,0.0,0.0,0.016964613189304114
1512110715_1512110733_0,0.0,0.0,0.0
1512110718_1512110713_0,0.0,0.0,0.0
1512110718_1134264333_0,0.0,0.0,0.0
1512110722_1472990853_0,0.0,0.0,0.0
1512110722_1131686685_0,0.0,0.0,0.0
1512110725_1188085576_0,0.0,0.020443068337361404,0.04088613667472281
1512110725_1512110746_0,0.0,0.0096840183121985,0.0290520549365955
1512110733_1512110737_0,0.0,0.0,0.0
1512110733_1188131630_0,0.0,0.0,0.0
1512110737_1188085576_0,0.0,0.0,0.01941633503256503
1512110737_1512110746_0,0.0,0.0,0.020552899218644383
1512110745_1141191817_0,0.0,0.0,0.0
1512110745_1145304334_0,0.0,0.0,0.0
1512110746_1108381701_0,0.0,0.0,0.04122683147558548
1512110746_1188131628_0,0.0,0.0,0.018252119430177478
1512110748_1188131630_0,0.0,0.0,0.01043266350779891
1512110748_1130908709_0,0.0,0.0,0.015313343103652679
1512110760_1141191818_0,0.0,0.0,0.0
1512110760_1145304336_0,0.0,0.0,0.0
1512110760_1145264729_0,0.0,0.0,0.0
1512110760_1141191817_0,0.0,0.0,0.0
1512110781_1145304362_0,0.0,0.0,0.0
1512110781_1145592665_0,0.0,0.0,0.0
1512110783_1105149764_0,0.0,0.0,0.0
1512110783_1187706670_0,0.0,0.0,0.0
1512110786_1134264315_0,0.0,0.0,0.02341361941804799
1512110786_1124981413_0,0.0,0.0,0.017501057887561247
1512110786_5346954184_0,0.008865921093560927,0.02598463500157316,0.05196927000314632
1512110786_1512110789_0,0.0,0.018026112226630274,0.05407833667989083
1512110789_1130841567_0,0.0,0.033387440932982446,0.15134193215204542
1512110789_1512110786_0,0.0,0.018026112226630274,0.05407833667989083
1512564829_1086375875_0,0.0,0.009508347722664956,0.0
1512564829_1094296854_0,0.0,0.0,0.0
1512564830_1200000510_0,0.0,0.0,0.0
1512564831_1092219000_0,0.0,0.014678822829603361,0.0
1512564831_1145592711_0,0.0,0.0,0.0
1562259320_288944159_0,0.0,0.0,0.0
1562259320_245936609_0,0.0,0.004471771715885809,0.0
1562259326_1777427676_0,0.0,0.0,0.021908538601221515
1562259338_245936231_0,0.0,0.0,0.0
1562259338_245935463_0,0.0,0.0,0.0
1562259365_8426609760_0,0.0,0.0,0.06566431203614655
1562259365_10102978853_0,0.0,0.0,0.04313347175072659
1564374009_211305824_0,0.0,0.0,0.0
1564374009_211310173_0,0.0,0.0,0.019859260122858633
1609997963_2484613878_0,0.0,0.0,0.0
1609997967_1091842276_0,0.0,0.0,0.0
1609997967_246182520_0,0.0,0.0,0.0
1609997988_1094360111_0,0.0,0.0,0.0
1609997988_1084139081_0,0.0,0.0,0.006782710962694895
1609997995_2484613875_0,0.0,0.013386744128566969,0.0
1609997995_1085377812_0,0.0,0.033387440932982446,0.0
1609998009_10106993225_0,0.0,0.012395066975246305,0.0
1609998009_1085377805_0,0.0,0.033387440932982446,0.0
1624926347_1092219005_0,0.0,0.0,0.0
1624926347_1094237291_0,0.0,0.0,0.0
1648826945_1119033381_0,0.0,0.0,0.03948610679325484
1648826945_1186101444_0,0.0,0.0,0.0
1672512155_1672512452_0,0.0,0.0,0.0
1672512178_1200024401_0,0.008865921093560927,0.0,0.0
1672512187_1672512245_0,0.0,0.0,0.0
1672512207_245491719_0,0.0,0.0,0.0
1672512207_1672512375_0,0.0,0.0,0.0
1672512233_11382810685_0,0.008865921093560927,0.033387440932982446,0.0
1672512233_2404835470_0,0.0,0.013367666533101829,0.0
1672512245_1672512207_0,0.0,0.0,0.0
1672512245_11382810675_0,0.0,0.013282554460744679,0.0
1672512252_1672512439_0,0.0,0.0,0.0
1672512265_1188131655_0,0.0,0.033387440932982446,0.0
1672512265_1096529607_0,0.0,0.033387440932982446,0.03596825457872091
1672512265_1095439629_0,0.0,0.033387440932982446,0.0
1672512276_4347724102_0,0.0,0.0,0.0
1672512313_1153010098_0,0.0,0.0,0.0
1672512320_1200024345_0,0.006283238347377078,0.003141619173688539,0.0
1672512320_1672512252_0,0.0,0.0,0.0
1672512342_1672512353_0,0.0,0.033387440932982446,0.0
1672512342_4558577507_0,0.0,0.014971210156425474,0.0
1672512344_4554626299_0,0.0,0.0,0.0
1672512353_12180995970_0,0.0,0.0,0.0
1672512375_1672512155_0,0.0,0.0,0.0
1672512375_1672512344_0,0.0,0.0,0.0
1672512394_1109639597_0,0.0,0.0,0.0
1672512394_1131425393_0,0.0,0.0,0.006635223105747947
1672512406_2404835470_0,0.0,0.0,0.0
1672512406_1672512187_0,0.0,0.0,0.0
1672512429_1672512435_0,0.0,0.0,0.0
1672512429_1672512276_0,0.0,0.0,0.0
1672512435_1672512342_0,0.0,0.012627415166210047,0.0
1672512439_1672512155_0,0.0,0.0,0.0
1672512439_1672512344_0,0.0,0.0,0.0
1672512452_1672512353_0,0.0,0.014268171615829663,0.0
1672512452_4558577507_0,0.0,0.033387440932982446,0.0
1676387272_1130841563_0,0.0,0.011390489476286198,0.0
1693128085_245491904_0,0.008865921093560927,0.0,0.02426408801769774
1693797759_1693806116_0,0.00872302696075381,0.0,0.01744605392150762
1693797759_246811978_0,0.002573422136286233,0.002573422136286233,0.0
1693806115_246182757_0,0.008269192882867158,0.0,0.0
1693806116_1693806115_0,0.0,0.0,0.04916842841787717
1693806116_1885951244_0,0.0,0.0,0.05531731985864861
1763262440_4558538601_0,0.008865921093560927,0.0,0.28076564896942374
1763262440_211321253_0,0.008865921093560927,0.033387440932982446,0.11210832759308435
1777427676_245935861_0,0.0,0.0,0.1885055810193596
1843795431_2088186040_0,0.0,0.013916484553211894,0.02783296910642379
1843795431_245491904_0,0.008865921093560927,0.012668463973368278,0.03800539192010483
1843795431_2143335953_0,0.0,0.017111758644436273,0.008555879322218136
1843795432_245491934_0,0.0,0.02505632339633149,0.0
1843795432_211318996_0,0.008865921093560927,0.029070082178424408,0.0
1843795432_245491906_0,0.008865921093560927,0.028090283731663255,0.014045141865831627
1843795433_409137871_0,0.0,0.0,0.04181753315765907
1885951239_246811978_0,0.0,0.033387440932982446,0.0
1885951241_211310173_0,0.0,0.0,0.14065656755983905
1885951241_211311619_0,0.0,0.0,0.09250288522253773
1885951244_211310729_0,0.0,0.0,0.28076564896942374
1885951247_1885951249_0,0.0,0.0,0.0
1885951249_1885951244_0,0.0,0.0,0.05042875424614724
1994627752_1994627759_0,0.0,0.0,0.0
1994627752_243495392_0,0.0,0.0,0.0
1994627759_1994627752_0,0.0,0.0,0.0
1994627759_4353325969_0,0.0,0.0,0.0
1994627759_4568983480_0,0.0,0.0,0.0
2088186040_409137869_0,0.0,0.0,0.047565073666870884
2142861448_1124981404_0,0.0,0.010738047072161378,0.0
2142861448_2142861448_0,0.0,0.0,0.0
2143335939_2143335953_0,0.0,0.011017701248082785,0.0
2143335953_1200024627_0,0.0,0.0,0.0
2143335953_2143335939_0,0.0,0.011017701248082785,0.0
2143335953_1843795431_0,0.0,0.017111758644436273,0.008555879322218136
2143335963_2143335964_0,0.0,0.0,0.03048314248420596
2143335963_4558538601_0,0.008865921093560927,0.0,0.01922716697415085
2143335964_2143335965_0,0.0,0.0,0.013848622528516957
2143335964_2143335963_0,0.0,0.0,0.03048314248420596
2143335965_409131078_0,0.0,0.0,0.014578080410093935
2143335965_2143335964_0,0.0,0.0,0.013848622528516957
2187119246_10093451978_0,0.008865921093560927,0.0,0.012227306326916335
2221700167_242925500_0,0.0,0.033387440932982446,0.0
2221700186_5772382718_0,0.0,0.03171671607745913,0.0
2221700186_2221700167_0,0.0,0.033387440932982446,0.0
2221700286_5772382718_0,0.0,0.004432473439054974,0.0
2221700286_5772382717_0,0.0,0.0,0.0
2221700312_5772382701_0,0.0,0.0,0.0
2332249073_2332249079_0,0.0,0.0,0.0
2332249079_1416545434_0,0.0,0.0,0.0
2338038473_1693806115_0,0.0,0.0,0.0
2383446335_206378333_0,0.0,0.0,0.0
2383446341_2383446364_0,0.0,0.0,0.0
2383446341_6315715531_0,0.0,0.0,0.0
2383446352_2383446355_0,0.0,0.0,0.0
2383446355_2383446341_0,0.0,0.0,0.0
2383446364_2383446335_0,0.0,0.0,0.0
2404830460_1119033360_0,0.0,0.0,0.050556020574335385
2404830460_1096507243_0,0.008865921093560927,0.0,0.04051142186470693
2404835470_1672512233_0,0.0,0.01336766653310183,0.0
2404835470_1672512187_0,0.0,0.0,0.0
2407138065_4560313023_0,0.0,0.033387440932982446,0.0
2407138066_1243851790_0,0.0,0.014805073670982459,0.002961014734196492
2407138066_246182514_0,0.0,0.033387440932982446,0.0
2407138071_2407138072_0,0.0,0.0,0.0
2407138071_1177157014_0,0.0,0.0,0.0
2407138072_246182519_0,0.0,0.0,0.0
2484613875_1609997995_0,0.0,0.013386744128566969,0.0
2484613875_1094360143_0,0.0,0.0,0.0
2484613878_2484613875_0,0.0,0.0,0.0
2484613878_1094360143_0,0.0,0.0,0.0
2987193084_10840344519_0,0.007266283459783344,0.0,0.0
2987193084_10840344511_0,0.008865921093560927,0.0,0.0
2987193088_728705278_0,0.008865921093560927,0.024940354972149466,0.0
2987193095_2987196295_0,0.008865921093560927,0.0,0.0
2987196295_9959380164_0,0.008865921093560927,0.0,0.0
3088102812_3088105221_0,0.0,0.0,0.0
3088102817_5531281610_0,0.0,0.0,0.0
3088102827_3088102830_0,0.0,0.0,0.0
3088102827_4353309860_0,0.0,0.0,0.0
3088102830_3088102812_0,0.0,0.0,0.0
3088105135_3088102827_0,0.0,0.0,0.0
3088105221_2383446355_0,0.0,0.0,0.0
3088105224_8569349889_0,0.0,0.0,0.0
3088105224_4469422088_0,0.0,0.0,0.0
3783460876_4353309814_0,0.0,0.0,0.0
3783460876_3783460882_0,0.0,0.0,0.0
3783460882_4357570550_0,0.0,0.0,0.0
3783460882_4346548508_0,0.0,0.0,0.0
3783460895_3783460905_0,0.0,0.0,0.0
3783460895_3088102817_0,0.0,0.0,0.0
3783460905_3783460895_0,0.0,0.0,0.0
3783460905_4353309862_0,0.0,0.0,0.0
3783460937_4353325945_0,0.0,0.0,0.0795181858426609
3783461459_4353309859_0,0.0,0.0,0.0
4087692901_1105037086_0,0.0,0.033387440932982446,0.0
4087692906_1096529607_0,0.0,0.033387440932982446,0.09106871958864912
4087692913_1188131638_0,0.0,0.033387440932982446,0.16329585490433957
4087692913_10095475579_0,0.0,0.033387440932982446,0.28076564896942374
4087742266_1113674856_0,0.0,0.0,0.0
4087742266_1094237297_0,0.0,0.0,0.0
4087742279_1113674839_0,0.0,0.0,0.024436754196978945
4087775578_246182133_0,0.0,0.0,0.0
4087775578_246181270_0,0.0,0.012794497383684994,0.0
4223738578_11382810677_0,0.008865921093560927,0.033387440932982446,0.0
4223738578_11382810675_0,0.008865921093560927,0.033387440932982446,0.0
4223738581_11382810685_0,0.008865921093560927,0.033387440932982446,0.0
4223738581_243494580_0,0.008865921093560927,0.033387440932982446,0.08472737068701895
4223738581_11382810677_0,0.008865921093560927,0.033387440932982446,0.0
4271743735_475572102_0,0.0,0.0,0.0
4271743735_4271749701_0,0.0,0.0,0.0
4271749701_475572103_0,0.0,0.0,0.0
4346548501_4353309859_0,0.0,0.0,0.0
4346548508_4353309837_0,0.0,0.0,0.0
4346548521_4357570567_0,0.0,0.0,0.0
4347724102_4357570568_0,0.0,0.033387440932982446,0.0
4347724102_4353325946_0,0.008865921093560927,0.02220032510365778,0.0
4353309812_4353309814_0,0.0,0.0,0.0029104754269631845
4353309812_3783460937_0,0.0,0.0,0.07062531926911841
4353309813_4353309814_0,0.0,0.0,0.0
4353309813_3783460937_0,0.0,0.0,0.002868671485597047
4353309814_3783460895_0,0.0,0.0,0.0
4353309814_4353309813_0,0.0,0.0,0.0
4353309814_3783460876_0,0.0,0.0,0.0
4353309818_4357570568_0,0.008865921093560927,0.009857728186528131,0.0049288640932640656
4353309818_4353325944_0,0.0,0.0,0.057966173558171415
4353309820_3783460876_0,0.0,0.0,0.0
4353309837_4353309820_0,0.0,0.0,0.0
4353309837_4353309858_0,0.0,0.0,0.0
4353309858_4346548501_0,0.0,0.0,0.0
4353309859_4353309861_0,0.0,0.0,0.0
4353309860_3783460905_0,0.0,0.0,0.0
4353309861_4353309860_0,0.0,0.0,0.0
4353309861_3088105224_0,0.0,0.0,0.0
4353309862_4353309858_0,0.0,0.0,0.0
4353309862_4353309820_0,0.0,0.0,0.0
4353325928_1672512276_0,0.0,0.0,0.0
4353325928_1672512435_0,0.0,0.0,0.0
4353325940_4353325928_0,0.0,0.0,0.0
4353325942_1192963700_0,0.0,0.0017199231054135038,0.0
4353325942_4353325940_0,0.0,0.0,0.0
4353325944_4353309812_0,0.0,0.0,0.05128952854578976
4353325945_4357570569_0,0.0,0.0,0.02695003721047229
4353325945_214925862_0,0.0,0.0009976811544595927,0.0
4353325946_9450392714_0,0.006145739993008833,0.006145739993008833,0.0
4353325946_4353325944_0,0.008865921093560927,0.017153269439032198,0.008576634719516099
4353325969_1994627759_0,0.0,0.0,0.0
4357570550_12180995976_0,0.0,0.0,0.0
4357570567_3783461459_0,0.0,0.0,0.0
4357570567_4469422085_0,0.0,0.0,0.0
4357570568_4353325942_0,0.0,0.033387440932982446,0.0
4357570569_4357587942_0,0.0,0.0,0.0057466501712210355
4357570569_4353309818_0,0.0,0.0,0.28076564896942374
4357587942_4357570569_0,0.0,0.0,0.0057466501712210355
4358780493_1124937218_0,0.0,0.0,0.021029970523267504
4358780493_4358780498_0,0.0,0.01728341828109533,0.01728341828109533
4358780494_4358780497_0,0.0,0.0,0.0
4358780494_1124937218_0,0.0,0.0,0.0
4358780497_4358780494_0,0.0,0.0,0.0
4358780497_4358780501_0,0.0,0.0,0.0
4358780497_4358780498_0,0.0,0.033387440932982446,0.0
4358780498_4358780501_0,0.0,0.033387440932982446,0.0
4358780498_4358780502_0,0.008865921093560927,0.033387440932982446,0.0
4358780498_4358780497_0,0.0,0.033387440932982446,0.0
4358780498_4358780493_0,0.0,0.01728341828109533,0.01728341828109533
4358780501_4358780498_0,0.0,0.033387440932982446,0.0
4358780501_4358780508_0,0.0,0.0,0.0
4358780501_4358780497_0,0.0,0.0,0.0
4358780501_4358780502_0,0.008865921093560927,0.033387440932982446,0.0
4358780502_4358780505_0,0.008865921093560927,0.03120003832701009,0.0
4358780502_4358780501_0,0.008865921093560927,0.033387440932982446,0.0
4358780502_4358780498_0,0.008865921093560927,0.033387440932982446,0.0
4358780504_4358780494_0,0.0,0.0,0.0
4358780504_4358780507_0,0.0,0.0,0.0
4358780505_4358780502_0,0.008865921093560927,0.03120003832701009,0.0
4358780505_1119106283_0,0.008865921093560927,0.015952430003800734,0.0
4358780505_1119093915_0,0.008865921093560927,0.033387440932982446,0.018637443280181003
4358780507_4358780504_0,0.0,0.0,0.0
4358780507_4358780510_0,0.0,0.0,0.0
4358780507_4358780508_0,0.0,0.0,0.0
4358780508_4358780501_0,0.0,0.0,0.0
4358780508_4358780512_0,0.0,0.0,0.0
4358780508_4358780507_0,0.0,0.0,0.0
4358780510_4358780507_0,0.0,0.0,0.0
4358780510_4358780511_0,0.0,0.0,0.0
4358780511_4358780512_0,0.0,0.0,0.0
4358780511_4358780513_0,0.0,0.0,0.0
4358780512_1119106283_0,0.0,0.0,0.0
4358780512_4358780508_0,0.0,0.0,0.0
4358780513_1119106303_0,0.0,0.0,0.0
4358780513_4358780517_0,0.0,0.0,0.0
4358780513_4358780511_0,0.0,0.0,0.0
4358780516_4358780517_0,0.0,0.0,0.0
4358780516_1119106303_0,0.0,0.0,0.0
4358780516_4358780520_0,0.0,0.0,0.0
4358780517_4358780520_0,0.0,0.0,0.0
4358780517_4358780513_0,0.0,0.0,0.0
4358780517_4358780521_0,0.0,0.0,0.0
4358780517_4358780516_0,0.0,0.0,0.0
4358780520_4358780523_0,0.0,0.0,0.0
4358780520_4358780517_0,0.0,0.0,0.0
4358780520_4358780516_0,0.0,0.0,0.0
4358780520_4358780521_0,0.0,0.0,0.0
4358780521_4358780524_0,0.0,0.0,0.0
4358780521_4358780517_0,0.0,0.0,0.0
4358780521_4358780520_0,0.0,0.0,0.0
4358780523_4358780520_0,0.0,0.0,0.0
4358780524_4358780521_0,0.0,0.0,0.0
4358780524_1119106285_0,0.0,0.0,0.0
4469422084_6315715531_0,0.0,0.0,0.0
4469422084_6315715548_0,0.0,0.0,0.0
4469422085_4469422084_0,0.0,0.0,0.0
4469422088_4469422085_0,0.0,0.0,0.0
4549490595_473593916_0,0.0,0.033387440932982446,0.0
4549490595_214925654_0,0.0,0.0034084706861513396,0.0
4549490596_473593917_0,0.0,0.033387440932982446,0.0
4554626299_1672512178_0,0.0,0.0,0.0
4554626299_1672512406_0,0.0,0.0,0.0
4556222967_470891229_0,0.0,0.0,0.0
4558538598_211321256_0,0.008865921093560927,0.0,0.28076564896942374
4558538598_1131425423_0,0.008865921093560927,0.00690876620096252,0.02072629860288756
4558538601_1763262440_0,0.008865921093560927,0.0,0.28076564896942374
4558538601_2143335963_0,0.008865921093560927,0.0,0.01922716697415085
4558577507_1672512320_0,0.0,0.0,0.0
4560313023_4560313024_0,0.0,0.033387440932982446,0.0
4560313024_2407138066_0,0.0,0.033387440932982446,0.0
4560313024_246182514_0,0.0,0.033387440932982446,0.0
4568983477_245491716_0,0.0,0.0,0.0
4568983477_4568983480_0,0.0,0.0,0.0
4568983477_1994627752_0,0.0,0.0,0.0
4568983480_4568983477_0,0.0,0.0,0.0
4568983480_245491717_0,0.0,0.0,0.0
4568983480_245491688_0,0.0,0.0,0.0
4569265245_3088102817_0,0.0,0.0,0.0
4569265245_4353309813_0,0.0,0.0,0.0
4569285097_1119093872_0,0.008865921093560927,0.01797590376338837,0.008987951881694186
4569285097_1119093947_0,0.0,0.0,0.0
4569285099_4569285100_0,0.0,0.0,0.0
4569285100_1119104427_0,0.0,0.0,0.01108537539063465
4569285100_4569285097_0,0.0,0.0,0.0
4569318327_1562259326_0,0.0,0.0,0.02551100795495532
4569344748_4620449099_0,0.0,0.0,0.0
4569344748_4587244525_0,0.0,0.0,0.0
4569344749_4587244525_0,0.0,0.0,0.0
4569344749_246182298_0,0.0,0.0,0.0
4569344752_1180750433_0,0.0,0.0,0.0
4569344752_4569344753_0,0.0,0.0,0.0
4569344753_4620449097_0,0.0,0.0,0.0
4569344753_1180750434_0,0.0,0.0,0.0
4569344756_4569344752_0,0.0,0.0,0.0
4569344756_4620449097_0,0.0,0.0,0.0
4570126146_246811464_0,0.0,0.033387440932982446,0.28076564896942374
4584610470_4584610471_0,0.0,0.0,0.21180086198908213
4584610470_4569344748_0,0.0,0.0,0.011441218188560096
4584610471_4569318327_0,0.0,0.0,0.28076564896942374
4587244525_246181791_0,0.0,0.01502907385353339,0.0
4587244527_1180750434_0,0.0,0.0,0.0
4587244527_4087775578_0,0.0,0.0,0.0
4620449097_4587244527_0,0.0,0.0,0.0
4620449099_4569344749_0,0.0,0.0,0.0
5345118960_1512110783_0,0.0,0.0,0.0
5345118960_5345118961_0,0.008865921093560927,0.012508573959595001,0.012508573959595001
5345118961_1105149764_0,0.008865921093560927,0.0,0.01929324927771018
5345118961_5346954184_0,0.008865921093560927,0.033387440932982446,0.020267054453119198
5345154771_1130841552_0,0.0050895767391327664,0.0,0.0050895767391327664
5345154771_1131425393_0,0.0,0.0,0.025136795390700694
5346948498_5401629305_0,0.0,0.0,0.0
5346948498_1108381682_0,0.0,0.0,0.0
5346948499_5401631423_0,0.0,0.0,0.0
5346948499_1094360498_0,0.0,0.0,0.0
5346954184_5345118961_0,0.008865921093560927,0.033387440932982446,0.020267054453119198
5346954184_1472993474_0,0.008865921093560927,0.024299648021804995,0.012149824010902498
5346954184_607644089_0,0.008865921093560927,0.033387440932982446,0.020710345182803798
5346954184_1512110786_0,0.008865921093560927,0.02598463500157316,0.05196927000314632
5401629305_1512110681_0,0.0,0.0,0.0
5401629305_5401629306_0,0.0,0.0062751522052375995,0.0
5401629306_1130908720_0,0.0,0.01884311694872206,0.0
5401629314_5346948498_0,0.0,0.01663934020114764,0.0
5401629314_1512110681_0,0.0,0.0,0.0
5401629314_8665045217_0,0.0,0.01860609535428057,0.0
5401631423_5346948499_0,0.0,0.0,0.0
5401631423_5346948498_0,0.0,0.007541387608062984,0.0
5401631423_1105149745_0,0.0,0.0,0.0
5531281610_3088105135_0,0.0,0.0,0.0
5772379239_5772382726_0,0.0,0.0008278699845662882,0.0
5772379239_5772382686_0,0.0,0.0,0.0
5772382686_242926973_0,0.0,0.0,0.0
5772382696_5772382717_0,0.0,0.0,0.0
5772382696_2221700312_0,0.0,0.0,0.0
5772382701_5772379239_0,0.0,0.0,0.0
5772382701_5772382686_0,0.0,0.0,0.0
5772382717_2221700312_0,0.0,0.0,0.0
5772382717_2221700286_0,0.0,0.0,0.0
5772382718_2221700286_0,0.0,0.004432473439054974,0.0
5772382718_2221700167_0,0.0,0.033387440932982446,0.0
5772382726_214924708_0,0.0,0.0,0.0
5772382726_5772379239_0,0.0,0.0008278699845662884,0.0
6289097043_1092263787_0,0.0,0.033387440932982446,0.0
6315715531_6315715532_0,0.0,0.0,0.0
6315715532_4469422088_0,0.0,0.0,0.0
6315715532_8569349879_0,0.0,0.0,0.0
6315715548_2383446364_0,0.0,0.0,0.0
6315715548_206378333_0,0.0,0.0,0.0
6447291071_1094077933_0,0.0,0.0,0.0
6447291071_1091842257_0,0.0,0.0,0.0
6447291071_6447291072_0,0.0,0.0,0.0
6447291072_6447291071_0,0.0,0.0,0.0
7839120968_7839120969_0,0.0,0.0,0.013566512993477236
7839120968_1200015410_0,0.0,0.0,0.0
7839120969_409128578_0,0.0,0.0,0.04294463952037023
8119286345_10207412148_0,0.0,0.0,0.0
8119286345_10207412150_0,0.0,0.0,0.0117217967282178
8426609760_1562259320_0,0.0,0.0,0.0
8569349879_3088105221_0,0.0,0.0,0.0
8569349879_8569349889_0,0.0,0.0,0.0
8569349889_3088102830_0,0.0,0.0,0.0
8665045217_5401629314_0,0.0,0.01860609535428057,0.0
8706350395_1145657870_0,0.0,0.0,0.0
9450392714_4353325946_0,0.006145739993008834,0.006145739993008834,0.0
9450392714_4346548521_0,0.0,0.0,0.0
9959380164_2987193084_0,0.008865921093560927,0.0,0.0
10093451976_1672512394_0,0.0,0.0,0.0
10093451976_10093506076_0,0.0,0.0,0.012183344219610216
10093451977_10093451976_0,0.0,0.0,0.0
10093451977_11423339058_0,0.0,0.0,0.0
10093451978_10093451977_0,0.0,0.0,0.0
10093506076_1129273459_0,0.0,0.0,0.08303696305880559
10093506076_10207412150_0,0.0,0.0,0.13248325340812517
10095475579_1243851685_0,0.0,0.033387440932982446,0.28076564896942374
10098682767_1187729184_0,0.0,0.0,0.02995987027959898
10098682767_1187722485_0,0.0,0.0,0.08198282531656668
10102978853_245936371_0,0.0,0.0,0.01614303202442102
10102978858_8426609760_0,0.0,0.0,0.01482564923672743
10102978858_10102978853_0,0.0,0.0,0.08547484262413374
10102980234_245936353_0,0.0,0.0,0.0
10106993225_1609998009_0,0.0,0.012395066975246305,0.0
10106993225_1177120098_0,0.0,0.020838233799669505,0.0
10108109102_728705271_0,0.008865921093560927,0.0,0.0
10108109102_10108109105_0,0.0,0.0,0.0
10108109103_728705249_0,0.0,0.0,0.0
10108109104_728705253_0,0.0,0.003371409176170426,0.0
10108109104_10108109103_0,0.0,0.0,0.0
10108109105_10108109106_0,0.0,0.0,0.0
10108109106_728705264_0,0.0,0.0,0.0
10108109106_10108109104_0,0.0,0.0,0.0
10185494293_11382809945_0,0.008865921093560927,0.026123106644099028,0.0
10185494293_2987193088_0,0.008865921093560927,0.02904173844533674,0.0
10185494294_10185494295_0,0.008865921093560927,0.0,0.0
10185494294_10207412156_0,0.008865921093560927,0.0,0.0
10185494295_10207349882_0,0.008865921093560927,0.0,0.033088858987151984
10185494295_211321896_0,0.008865921093560927,0.008464690209548919,0.012697035314323377
10207349882_2987193088_0,0.008865921093560927,0.018331360372492347,0.009165680186246174
10207374170_10840344511_0,0.008865921093560927,0.0,0.0
10207374174_10840344509_0,0.0,0.0,0.0
10207374174_12346156720_0,0.0,0.0,0.0
10207374186_10207374193_0,0.0,0.0,0.0
10207374193_10207412147_0,0.0,0.0,0.0
10207374193_10207374196_0,0.0,0.0,0.0
10207374196_10207412117_0,0.0,0.0,0.0
10207374196_10207412133_0,0.0,0.0,0.0
10207374206_1243851777_0,0.0,0.0,0.0
10207374206_10207374186_0,0.0,0.0,0.0
10207412117_10207412127_0,0.0,0.0,0.0
10207412127_10840344508_0,0.0,0.0,0.0
10207412127_10840344521_0,0.0,0.0,0.0
10207412133_10207374206_0,0.0,0.0,0.0
10207412137_10207412133_0,0.0,0.0,0.0
10207412137_10207412117_0,0.0,0.0,0.0
10207412147_12346112890_0,0.0,0.0,0.0
10207412147_10207412148_0,0.0,0.0,0.0
10207412147_10207374193_0,0.0,0.0,0.0
10207412147_12346156720_0,0.0,0.0,0.0
10207412148_8119286345_0,0.0,0.0,0.0
10207412148_10207412147_0,0.0,0.0,0.0
10207412150_11423339059_0,0.0,0.0,0.012715727555681003
10207412150_10093506076_0,0.0,0.0,0.13248325340812517
10207412151_10207374170_0,0.0,0.0,0.0
10207412153_12346156720_0,0.0,0.0,0.0
10207412154_12346156720_0,0.0,0.0,0.0
10207412154_10207412148_0,0.0,0.0,0.0
10207412156_11382809938_0,0.008865921093560927,0.0,0.012561021989224916
10207412160_10207374170_0,0.0,0.0,0.0
10840344508_10207374174_0,0.0,0.0,0.0
10840344509_13055947328_0,0.0,0.0,0.0
10840344509_10840344510_0,0.0,0.0,0.0
10840344510_10207412151_0,0.0,0.0,0.0
10840344510_10840344519_0,0.0,0.0,0.0
10840344511_10185494293_0,0.008865921093560927,0.031320450451178206,0.0
10840344519_10840344528_0,0.0,0.0,0.0
10840344521_10207412137_0,0.0,0.0,0.0
10840344525_11275922906_0,0.0,0.0,0.0
10840344528_10840344525_0,0.0,0.0,0.0
10840344528_10840344508_0,0.0,0.0,0.0
11275922906_10840344521_0,0.0,0.0,0.0
11382809938_2187119246_0,0.008865921093560927,0.013034920524205672,0.013034920524205672
11382809938_11382809942_0,0.008865921093560927,0.0,0.01067686021539386
11382809941_10207412151_0,0.0,0.0,0.0
11382809941_13055947328_0,0.0,0.0,0.0
11382809942_12346156730_0,0.0,0.0,0.0
11382809942_11382809941_0,0.0,0.0,0.0
11382809945_10185494294_0,0.008865921093560927,0.033387440932982446,0.0
11382809945_10207412160_0,0.008865921093560927,0.021633527081228326,0.0
11382810675_1672512245_0,0.0,0.01328255446074468,0.0
11382810675_11382810677_0,0.008865921093560927,0.033387440932982446,0.0
11382810677_4223738578_0,0.008865921093560927,0.033387440932982446,0.0
11382810677_4223738581_0,0.008865921093560927,0.033387440932982446,0.0
11382810685_1672512233_0,0.008865921093560927,0.033387440932982446,0.0
11382810685_4223738581_0,0.008865921093560927,0.033387440932982446,0.0
11382810685_11382810690_0,0.008865921093560927,0.033387440932982446,0.0
11382810690_1672512233_0,0.0,0.033387440932982446,0.0
11387988431_242925495_0,0.0,0.033387440932982446,0.0
11387988431_473481292_0,0.0,0.0,0.0
11423339058_11423339059_0,0.0,0.0,0.0
11423339058_11382809942_0,0.0,0.0,0.0
11423339059_11382809941_0,0.0,0.0,0.0
12180995969_12180995971_0,0.0,0.0,0.0
12180995969_245491682_0,0.0,0.0,0.0
12180995970_12180995969_0,0.0,0.0,0.0
12180995970_243494597_0,0.0,0.0,0.0
12180995971_245491682_0,0.0,0.0,0.0
12180995971_245491716_0,0.0,0.0,0.0
12180995976_4346548521_0,0.0,0.0,0.0
12180995976_9450392714_0,0.0,0.0,0.0
12181435186_1096507245_0,0.0,0.0,0.019318842301977543
12181435188_1177157035_0,0.0,0.0,0.00919322549236105
12181435188_12181435186_0,0.0,0.0,0.06702552225101874
12346112890_12346112890_0,0.0,0.0,0.0
12346112890_12346112890_1,0.0,0.0,0.0
12346112890_10207412147_0,0.0,0.0,0.0
12346156720_10207412153_0,0.0,0.0,0.0
12346156720_10207374174_0,0.0,0.0,0.0
12346156720_10207412147_0,0.0,0.0,0.0
12346156730_10207412160_0,0.0,0.0,0.0
12346156730_10207412156_0,0.008865921093560927,0.0,0.0
12463364889_1200028693_0,0.0,0.0,0.0
13055947328_10207412154_0,0.0,0.0,0.0
13055947328_8119286345_0,0.0,0.0,0.0
