road_id,lden_class_true,pred_logistic,pred_xgboost,pred_random
846875657_30555009_0,3,3,3,3
30254512_30254518_0,2,3,2,2
1479161502_5278618160_0,3,3,3,3
30238383_30238379_0,3,3,3,3
126803357_1126848552_0,3,4,4,4
2293731665_2293731677_0,3,4,3,3
390057402_390057404_0,3,3,3,3
415955415_415955417_0,3,4,3,3
30295622_5929181003_0,3,3,2,2
6742307805_9507066653_0,2,2,2,2
4538123419_4834501656_0,3,3,3,3
1043850002_1043850005_0,3,3,3,2
11012409286_11012409292_0,4,3,4,4
3643971045_3643971041_0,3,3,3,3
387127746_1695282549_0,3,3,3,3
2293731643_2293731616_0,4,4,4,4
30254467_30556740_0,4,3,3,3
2087205012_3191418795_0,3,3,3,3
11268972992_11268972991_0,3,3,3,3
30884358_30343569_0,2,2,2,2
4834501661_1092685726_0,3,3,3,3
30343530_30343398_0,2,3,2,2
583321777_583319840_0,3,2,2,2
412453212_426653622_0,2,3,3,3
1699441361_4684141170_0,3,3,3,3
1299373042_5448516408_0,3,3,3,3
1876385307_434437210_0,2,3,3,3
7515360156_7515360144_0,4,4,4,4
417979586_417979376_0,3,3,3,3
430761706_430761699_0,0,1,0,0
4834501706_2264456435_0,2,3,3,3
442540242_5264394426_0,4,3,4,4
30554511_30553978_0,2,3,3,3
8529334834_1233754603_0,4,3,4,4
1652627158_30243352_0,3,3,3,3
2665264314_2706190196_0,3,3,3,3
4485281938_30556151_0,2,3,3,3
387130477_387127656_0,2,3,2,2
30238023_30243365_0,3,3,4,4
376805027_364670900_0,2,3,2,2
977657487_432510056_0,3,3,3,3
218906723_30227196_0,3,3,3,3
3587720087_4584724811_0,3,3,3,3
30343275_1401841446_0,2,2,2,2
3752208202_312891599_0,3,3,3,3
126800081_126800097_0,4,4,3,4
762466173_30313439_0,3,3,3,3
1708943363_9424968296_0,3,3,3,3
1806041195_1684908534_0,3,3,3,3
6100210204_6100210202_0,3,3,3,3
126690092_30554971_0,2,3,3,3
365287928_359235509_0,3,3,3,3
5678341335_8119755207_0,2,3,3,3
387127708_848241511_0,4,4,3,4
4834501656_4834501659_0,3,3,3,3
30238197_905811222_0,3,3,3,3
481122049_1312339746_0,2,3,3,3
30558573_2294043882_0,3,3,3,3
556431628_574969005_0,3,3,3,3
1086926772_1299613770_0,2,3,3,3
30243163_30242872_0,4,4,4,4
11282472012_11282472015_0,4,4,4,4
30242874_30242965_0,4,4,3,4
7078045305_420058174_0,3,3,3,3
30254082_30254083_0,4,4,4,4
10177414029_10181609603_0,3,3,4,3
30332761_30332760_0,3,3,2,3
2119602754_2119602792_0,3,2,2,2
561521685_12952468147_0,2,3,2,3
1736660281_1736660240_0,2,3,2,2
2984928288_9425426928_0,4,3,3,3
126657992_3824437288_0,2,3,3,3
30254022_1860569743_0,3,3,3,3
506223414_1305741255_0,3,3,2,3
1695282559_1695282555_0,3,3,3,3
408908799_651878676_0,3,3,3,3
30298959_30264232_0,3,3,3,3
535228365_288026717_0,2,3,2,3
3856010099_412437295_0,3,3,3,3
30295334_30295333_0,2,3,2,3
240940059_30254231_0,4,3,3,3
4475428025_4475428027_0,1,2,2,2
415402216_482511496_0,4,4,3,3
30617900_903833766_0,3,3,3,3
320857512_30296305_0,3,3,3,3
30884377_21638868_0,2,2,3,2
2704433482_30556794_0,3,3,3,3
866954660_30343455_0,3,3,3,3
30252170_30252171_0,3,2,3,3
30295888_30295890_0,2,3,2,3
4174360690_4174370011_0,1,2,1,1
10135472427_10135472431_0,3,3,3,3
323169610_4554543618_0,3,3,3,3
30297369_30243355_0,3,3,3,3
622350679_1933546246_0,2,3,3,3
30555408_30555407_0,3,3,3,3
288023677_330417668_0,2,3,2,2
30914370_30686353_0,3,3,3,3
30237612_30237613_0,4,4,4,4
462641371_30296599_0,2,2,2,2
412436525_412437296_0,3,3,3,3
10782483583_6148227547_0,3,3,3,2
359234340_359234339_0,2,3,3,2
1654368576_797407458_0,3,4,3,3
30617813_30617814_0,3,3,3,3
1297744704_30246711_0,3,3,4,3
209064954_209062724_0,2,2,2,2
190943216_190949833_0,4,3,3,3
30313376_30313377_0,2,2,3,3
1856466849_1856466862_0,3,3,3,3
366065844_338936274_0,2,2,2,2
815062993_604937943_0,4,3,3,3
30297273_1313997603_0,3,3,3,3
1357271853_1357271773_0,1,1,1,1
10796996597_364719512_0,3,3,3,3
26198833_26198831_0,4,4,4,4
1852768629_1852768623_0,2,3,3,3
1043905685_1207612394_0,2,2,2,3
2984928320_192284952_0,4,3,4,4
955374525_168499059_0,4,3,3,3
692247878_692247877_0,2,3,3,3
535233455_412547375_0,3,3,3,3
1117832735_1117832690_0,4,3,3,3
290060008_8140250872_0,3,3,3,3
3005325705_597933805_0,3,3,2,2
3976600095_3976600097_0,2,3,2,2
30686210_30625896_0,3,3,3,3
1374370024_566450878_0,3,2,3,3
30617552_30617577_0,3,3,3,2
168529440_168526166_0,1,3,1,1
71709881_253795578_0,3,3,3,3
1695282547_3889234274_0,3,4,3,4
30253395_4192143113_0,3,3,2,2
4212111672_4212111673_0,3,3,3,3
347353579_243341157_0,3,3,3,3
1075648439_6103772408_0,1,1,2,2
415716575_2983305742_0,3,3,3,3
1852768637_1852768638_0,2,2,2,2
692807383_692807380_0,3,3,3,2
364989976_687897152_0,3,3,3,3
30617801_30618051_0,2,3,3,3
11466476299_11466476297_0,3,4,3,3
415716566_415716564_0,3,3,3,3
4307026177_4307026176_0,2,2,3,2
2249980329_575827094_0,3,3,3,3
30295808_598225121_0,3,3,3,3
2671247018_30308051_0,3,2,3,3
2264150807_2264150813_0,3,3,3,3
12643382282_4395509060_0,4,3,4,4
1860569741_30253978_0,3,3,4,4
395287462_30295496_0,2,2,3,3
534332125_1431153130_0,2,3,2,2
692807356_692247917_0,3,3,3,3
1377806827_364718311_0,4,4,4,4
30295712_2687171805_0,2,3,3,2
2473393894_2473393899_0,2,3,3,3
252850941_1139082295_0,4,4,4,4
412464271_1454439253_0,4,3,4,4
381897080_30312831_0,3,3,3,3
1716858625_30294569_0,3,3,3,3
256484332_387127599_0,3,3,3,3
30313135_30248582_0,3,3,3,3
1479334726_4850174878_0,4,3,3,3
2868282080_30295274_0,3,3,3,3
30243344_30556066_0,3,3,3,3
4697774017_420060603_0,3,2,3,3
960996561_960996562_0,3,2,2,2
363877276_598224997_0,3,3,3,3
30960819_30960810_0,4,3,3,3
629306908_2126597892_0,2,3,3,3
30556794_30556801_0,3,3,3,3
13308485110_3871616985_0,3,3,3,3
30246824_905811222_0,3,3,3,3
30254057_30243333_0,4,4,4,4
30251173_30251175_0,4,3,3,3
535228359_7223673630_0,3,3,4,3
6932324368_629306966_0,3,3,3,3
1710746464_4112911211_0,3,3,3,3
30253589_30253457_0,3,3,3,3
30246862_10182331319_0,4,3,4,4
1857472184_4635141742_0,3,2,2,2
30313537_359236005_0,3,3,3,3
634519964_634519971_0,3,2,3,3
30314630_416523700_0,3,3,3,3
856906186_100409764_0,3,3,3,3
30555002_30243112_0,4,3,4,4
30242871_30242872_0,4,3,4,4
951016296_1588281327_0,4,3,4,4
30294531_30313439_0,3,3,3,3
6943220502_412451338_0,2,2,2,2
904490178_3817759786_0,1,1,1,1
559424462_30243349_0,3,4,4,3
30253204_506223339_0,3,3,3,3
5264614128_7223680633_0,4,4,4,4
409505321_412398660_0,3,3,4,4
30294334_533954387_0,2,3,3,2
553047553_553047564_0,3,2,3,3
30264319_30264316_0,3,2,2,2
323191074_323191073_0,3,4,4,4
532408943_30294333_0,2,2,2,2
1376141876_1376141830_0,3,3,3,3
30294683_1233754561_0,2,3,2,2
790034782_790034783_0,3,3,3,3
425635744_320857511_0,3,3,3,3
8246157429_1400723038_0,4,4,4,4
1225009010_364670900_0,2,3,2,2
30558258_30558257_0,3,3,3,3
3005325693_3005325687_0,3,3,3,3
11009796679_11009796691_0,3,3,3,3
442540249_12884439770_0,3,4,4,4
412466900_412465396_0,3,3,3,3
30312955_247637683_0,3,3,3,3
5387890125_1121909773_0,4,3,4,4
4850174878_750591202_0,3,3,3,3
30313252_30313254_0,3,3,3,3
412398656_412398657_0,4,4,4,4
2810558868_401795296_0,2,3,3,3
8990275789_552884692_0,4,3,3,3
2943846077_416116590_0,2,2,1,1
30296293_30296290_0,3,2,3,3
420553134_420553180_0,2,2,2,2
534361466_30294436_0,3,3,2,2
2943846078_319775252_0,2,2,2,2
598220574_30295491_0,3,3,3,3
30294654_392359251_0,3,3,3,3
30248585_30237694_0,4,4,3,3
30617542_30617541_0,3,3,2,3
30558449_30254052_0,4,3,4,4
359240124_7234883292_0,2,2,2,2
1297521235_5952574455_0,3,3,3,3
415935180_30554509_0,3,3,2,2
572064532_1437748533_0,3,3,3,3
225859994_4485344001_0,2,3,3,3
829313370_390057400_0,2,3,3,3
974384688_364670546_0,4,3,3,3
312680292_365565833_0,3,3,3,3
30253432_30253435_0,3,3,3,3
430759494_430759503_0,2,3,2,2
31285267_667387223_0,3,3,3,3
2077484253_627782770_0,3,3,3,3
312682307_168330671_0,3,3,3,3
30343616_30343528_0,2,2,2,2
6985462306_457361177_0,3,3,3,3
366065819_323190133_0,3,3,3,3
1303440728_1303440737_0,4,3,3,3
568847327_381015582_0,3,3,3,2
1350466978_1350465990_0,3,1,1,1
30254228_11178765233_0,4,4,3,3
30296015_30296016_0,3,3,2,3
30558556_30558546_0,3,3,2,3
600466272_600466273_0,2,3,3,3
30297360_1622039330_0,3,3,2,2
330418569_30294526_0,3,3,3,3
4472994804_4472994807_0,3,2,2,3
30242970_3752208202_0,3,3,3,3
553047564_553047582_0,3,2,3,3
561521686_8267495882_0,3,3,3,3
687897133_251543436_0,3,3,3,3
770847795_790024597_0,3,3,3,3
1378060299_1378060258_0,3,3,3,3
30242877_4436976528_0,4,4,4,4
4130763475_4416582832_0,4,3,3,3
4385157798_262251754_0,3,3,3,3
415402221_449385473_0,3,3,3,3
30237586_30246820_0,3,3,3,3
8119424292_8119424266_0,2,3,3,3
2128042605_947196775_0,3,3,4,4
30294526_330418569_0,3,3,3,3
190987748_533662733_0,3,3,3,3
1350466674_1071339525_0,2,1,2,2
1297521224_1261315828_0,3,3,3,3
319774339_808007297_0,3,1,3,3
30243048_8173071606_0,4,3,4,4
417978162_417978156_0,2,3,2,2
765910378_293407667_0,3,2,3,3
979755128_1374369999_0,1,0,1,1
11283057024_568847329_0,2,3,2,2
961893235_961894044_0,2,2,2,2
1375291089_8972734658_0,3,3,3,3
2111498899_919495993_0,3,2,3,3
412398660_409505321_0,3,3,4,4
449383069_1017920208_0,4,4,4,4
30689140_30689179_0,3,3,3,3
30294783_30294784_0,3,3,3,3
30236753_4834501701_0,3,3,2,3
316877763_316877767_0,3,3,3,3
30884329_30884299_0,3,3,3,3
481146953_363877276_0,4,3,3,3
429350330_30960821_0,4,3,4,4
8816467872_669900460_0,3,3,3,3
30960653_412464587_0,2,3,2,2
431100342_30247406_0,3,4,3,3
1374370519_534683861_0,1,1,1,0
50099103_30295293_0,3,4,4,3
10182331320_750591201_0,4,3,3,4
31285430_535228378_0,3,3,3,3
490941837_258565857_0,2,3,3,3
30294443_166211432_0,3,3,3,3
10174522837_5711742102_0,3,2,3,3
30689524_30689525_0,3,3,3,3
1126998928_2606686567_0,3,3,3,3
5856759989_600466300_0,3,2,2,2
6831747707_2111498724_0,3,2,3,3
30253572_30253573_0,4,3,3,3
412454890_412454889_0,3,3,3,3
376805027_7217119091_0,3,3,3,2
457394433_457361210_0,3,3,3,3
12950167734_30333329_0,4,4,4,4
412464271_9420716633_0,3,3,3,3
3976600103_3976600109_0,1,2,1,1
8454360490_1933546299_0,2,2,2,2
1645362844_59850118_0,4,3,4,3
209094329_209093243_0,2,3,2,2
13508611893_1947682000_0,3,3,3,3
1624364336_30264590_0,2,2,2,3
11269496449_1940905185_0,2,2,2,2
1043925401_30312485_0,3,2,3,3
13005233334_2540121387_0,2,3,2,2
1312053315_420892537_0,4,3,3,4
569768102_303618685_0,2,3,2,2
2473393954_2473393938_0,4,3,3,3
30254080_30254081_0,3,3,3,3
2264456451_4834501656_0,3,3,3,3
417972407_387127454_0,2,3,2,2
30294444_30264599_0,2,3,2,2
2326000392_559764755_0,4,4,4,4
4470467234_4470467235_0,3,3,2,2
30254248_30254251_0,2,3,2,2
9507066653_6742307805_0,2,2,2,2
30313143_30313144_0,4,3,3,3
324230922_324230925_0,4,4,4,3
1798593894_1798593916_0,2,1,2,2
30617602_390878338_0,3,3,3,3
1303465752_1303465757_0,3,3,3,3
416012211_1043850002_0,3,3,3,3
2123195997_2123195985_0,2,2,2,2
256484352_619005043_0,3,3,3,3
598224523_598224521_0,2,3,3,3
1350465987_417329463_0,2,2,2,2
2869959981_2331122654_0,3,4,3,3
30297198_598221318_0,3,3,3,3
1349534577_1349534767_0,2,2,2,2
359241321_358505152_0,3,3,3,3
955030102_2665264307_0,3,3,3,3
30314631_60591465_0,3,3,3,3
3643971041_30343460_0,3,3,2,2
1350169980_1350170150_0,1,2,2,2
262251752_262251530_0,3,3,3,3
950161659_323169605_0,4,3,4,4
30295487_769906819_0,3,3,3,3
1349534663_1349534848_0,3,2,2,2
10174522837_1044510638_0,3,3,3,3
553098845_30264597_0,3,3,2,3
30294765_30294709_0,3,3,3,3
2063950788_30332577_0,3,3,3,3
3822859924_387130532_0,2,3,2,2
30246669_6833338776_0,2,3,3,3
2495598155_1375310919_0,4,4,4,3
6376850717_3762069417_0,3,3,3,3
560025958_4431660097_0,2,3,2,3
2087205017_31285424_0,3,3,3,3
359235500_359235499_0,3,3,3,3
30254242_30252163_0,3,3,3,3
30554608_126697585_0,4,3,3,3
1363598881_2956932683_0,2,2,2,2
1350170931_1350170218_0,2,2,2,2
412426589_178616216_0,2,2,2,2
30294667_567478392_0,3,3,3,2
783747960_790028539_0,2,3,2,3
30254390_30554608_0,3,3,3,3
1346281723_762466071_0,2,3,2,2
4708182435_8473849046_0,2,2,2,2
359236956_1374757842_0,2,3,2,2
30554803_415941159_0,4,3,3,3
60591464_30314632_0,3,3,3,3
13199461400_30244000_0,3,3,3,3
6939468887_1365781145_0,2,3,2,2
126734703_31285674_0,3,3,3,3
4214539536_575826921_0,2,2,2,2
2264456435_30248295_0,3,3,3,3
7160352329_506236259_0,3,3,3,3
30553973_30553974_0,3,3,3,3
11258759944_3880549731_0,3,2,3,3
30243361_4840145821_0,3,3,3,4
598223919_598223927_0,2,3,2,3
1303440697_30253448_0,3,3,3,3
364720256_30294512_0,2,2,2,2
364680272_1233754585_0,3,3,3,3
420058186_2111252106_0,3,3,3,3
242284801_21638891_1,3,3,3,3
30314651_700938101_0,2,3,3,3
30295101_30295100_0,3,3,3,3
4592704399_4592704409_0,3,3,4,4
30294776_30617599_0,2,3,3,3
10177414047_10182338471_0,3,3,3,3
1012330330_554183143_0,3,3,4,4
5519535022_1695282603_0,3,3,3,3
347712540_3956071721_0,3,3,3,3
553047710_553047564_0,3,2,3,3
30237696_30237772_0,4,3,4,4
30343490_1403075656_0,2,3,3,3
269375412_1375265179_0,2,3,2,2
2665264314_2665264315_0,4,3,3,3
30237645_11053219722_0,4,4,4,4
30296013_30296142_0,2,3,3,3
412446052_30617347_0,3,3,3,3
190971704_243345600_0,4,3,3,3
668511317_6852935862_0,2,3,2,2
30296616_8302792056_0,3,3,3,3
8162667556_10135472424_0,3,3,3,3
26198844_30243042_0,4,3,4,4
30295627_598225223_0,2,2,2,2
478875473_415994535_0,3,3,3,3
194589435_3868361514_0,3,3,3,3
2264456443_2264456436_0,3,3,3,3
4485344001_247638056_0,3,3,3,3
2111498636_2111498904_0,2,1,1,2
82762458_30554658_0,3,3,3,3
30313440_30294527_0,3,3,3,2
30314632_60591485_0,3,3,3,3
1012343432_1013128133_0,2,3,3,3
319774339_1350466742_0,3,2,3,3
30254600_30254599_0,3,3,3,3
126547387_30243156_0,3,3,4,3
366213487_366213481_0,3,3,2,2
358505149_727619602_0,2,3,3,3
585245862_585250803_0,3,3,3,3
1375272376_2087204997_0,3,3,3,3
30960628_1198354157_0,1,1,1,1
30296131_30296145_0,3,3,3,3
3306168427_11881496140_0,3,3,3,3
30243264_559787233_0,4,4,3,3
430767511_9507066653_0,2,2,2,2
1312339742_30617900_0,2,2,2,2
3144669232_10042808608_0,3,4,3,3
12644016479_256484325_0,3,3,4,3
2709095336_4436378470_0,3,3,3,3
434423018_434423048_0,2,3,2,2
30914373_30914390_0,3,3,3,3
30314492_359238037_0,2,3,2,2
425657914_425648709_0,3,3,3,3
30248550_30247088_0,3,3,4,4
30960786_390878435_0,3,3,2,3
30242977_4171977906_0,3,3,3,3
1375310919_1400442249_0,3,4,3,3
6042820380_409506336_0,2,3,3,3
6825291523_359100661_0,3,3,3,3
5012384660_3951678282_0,2,2,2,2
1700930631_1017920088_0,2,3,3,3
1350465990_1350466978_0,3,1,1,1
262251757_30312951_0,2,3,3,3
1751329345_771231929_0,2,2,2,2
30686179_5943146523_0,2,3,3,3
1716858620_30294565_0,3,3,3,2
4234151123_4263046378_0,3,3,4,3
30227068_5306386384_0,3,3,3,3
482511832_1316679293_0,3,3,3,3
30295304_30295310_0,4,3,4,4
303618685_303618686_0,3,3,2,3
30558458_308729529_0,4,3,4,3
432509964_432509963_0,3,3,3,3
126803361_250793737_0,3,4,4,4
598223996_1299414785_0,3,3,3,3
30618056_481122345_0,2,3,3,2
1297445118_30689532_0,4,4,4,4
1744038716_537861932_0,3,1,2,2
2760236007_30243338_0,4,3,4,4
30242962_1307271989_0,4,4,4,4
30264258_30264251_0,3,3,3,3
1622039317_30297360_0,3,2,2,2
416885093_2473421347_1,3,3,3,3
690796131_3007591791_0,3,3,3,3
9446738720_553047568_0,3,2,3,3
359234311_1374757788_0,3,3,3,3
12643326925_7663721759_0,4,3,4,4
627782764_376748008_0,4,3,4,4
30243335_30243336_0,4,4,4,3
420553137_1374317043_0,2,2,2,2
1421429965_1421429967_0,3,3,4,1
2473393839_2197824480_0,3,3,3,3
553098856_532408985_0,3,3,3,3
598222759_600466245_0,2,3,2,2
319428309_1298458116_0,3,3,2,3
30294710_30294711_0,3,3,3,3
30237698_30237873_0,4,3,4,4
30227195_30227157_0,2,3,2,3
387127642_387127632_0,2,3,3,2
2264591838_2264591826_0,3,3,3,3
412451014_1365367738_0,4,2,4,4
30254228_211608571_0,4,4,4,4
7039662345_1404850802_0,2,3,2,3
1298769734_1484829178_0,2,2,2,2
1303465780_364670492_0,4,3,3,3
1350171072_3067636560_0,2,1,2,2
9769855904_689444888_0,2,3,2,2
1930253996_5678341335_0,2,3,3,3
11268972991_11268972992_0,3,3,3,3
8119755195_1930254000_0,3,3,3,3
30237479_998567760_0,3,2,3,3
401795297_319429058_0,3,3,3,3
1311773901_30237770_0,4,3,4,3
1374370568_1374370845_0,0,0,0,0
960619341_30617814_0,3,3,3,3
30243212_30243251_0,3,3,3,3
689430534_4587765907_0,2,3,2,2
535228382_288022712_0,3,3,3,3
1599256248_1599256170_0,3,2,3,3
2128041192_947196731_0,2,2,2,2
3857584858_6985462317_0,3,3,3,3
30313135_30313134_0,3,3,3,3
568648969_7217119091_0,2,2,2,2
4592704411_4592704409_0,3,3,3,3
4538123412_4538123409_0,3,3,3,3
1374370845_1374370568_0,0,0,0,0
432510056_977657487_0,3,3,3,3
262251807_247637650_0,3,3,3,3
5275865099_974261549_0,3,3,3,3
2968123724_535228366_0,2,3,2,2
366062058_366213461_0,3,2,3,3
495105018_790034785_0,3,3,3,3
687897083_401870894_0,2,3,3,3
603995035_603995028_0,3,3,4,3
2767355572_30295410_0,4,3,3,3
12955884764_559911564_0,3,3,3,3
4558542629_4558542631_0,3,3,3,3
1938243778_994062452_0,2,3,2,2
1116623801_2914411511_0,4,4,4,4
4395495454_960625586_0,3,2,2,2
1303407075_2810558864_0,2,2,2,2
418137491_418137494_0,3,3,3,3
1125511774_10045031263_0,3,3,3,3
550587950_550588071_0,0,2,0,0
30254584_417976041_0,4,3,4,4
575781196_1119994499_0,3,3,3,3
1297710569_30243344_0,4,3,3,3
30243125_219026483_0,3,3,3,3
998592677_30237541_0,3,3,3,3
168529461_3976600105_0,2,2,2,2
340193179_30238015_0,3,4,3,3
1002675944_30558214_0,4,3,3,3
2059755031_1043849998_0,2,3,3,3
30294548_2466611019_0,2,3,2,2
1840720998_1377806816_0,4,4,4,4
541061803_30237481_0,3,3,3,3
1017920188_2059751742_0,3,3,3,3
30238026_30243367_0,4,4,4,4
9429582930_9442064201_0,2,2,2,2
50099103_5402582937_0,4,3,4,4
30618071_598224514_0,3,3,3,3
1193548784_2264456452_0,4,4,3,4
540312571_938093313_0,4,3,4,4
6833338776_1092685773_0,3,3,3,3
395272168_30295037_0,3,2,2,3
247637117_247637636_0,3,3,3,3
2676998917_1299373048_0,4,3,4,4
539147486_530924818_0,3,3,3,3
760332207_2891400538_0,4,3,4,4
30686338_30264320_0,3,3,3,3
4307026178_4307026177_0,2,2,3,3
523781576_1622482873_0,3,3,3,3
30558453_30243114_0,3,3,3,3
904487807_2123196012_0,2,2,2,2
1401857363_1402845495_0,2,3,4,3
10182331327_10177367826_0,4,3,3,3
253707075_431481362_0,4,3,3,3
1912611164_1912611181_0,3,2,3,3
1860569742_30254023_0,3,3,3,3
1496385013_1496385006_0,2,3,3,2
4538123409_905811221_0,4,3,4,3
1382873591_1382873554_0,3,3,3,4
423831232_423831234_0,3,3,3,3
448700503_30558464_0,4,4,3,4
2408251360_5316471788_0,2,2,2,2
1771982095_568847323_0,4,4,4,4
2344314663_2344314667_0,3,3,3,3
3184350843_219011804_0,2,3,3,3
12947788312_6898609742_0,3,3,4,4
530924810_530924804_0,3,3,3,3
771231929_1751329357_0,2,2,2,2
11061736176_10181609591_0,4,3,4,4
1043834195_769906822_0,3,3,3,3
559026424_30237705_0,4,3,4,4
960625627_960625630_0,3,3,2,3
30554658_30556625_0,4,3,3,3
2869959985_314899334_0,3,3,3,3
597933816_559424462_0,4,3,4,4
416523700_30294473_0,3,3,3,3
387127664_387127660_0,1,2,1,1
1555628857_35120259_0,3,3,3,2
30295133_30617409_0,3,3,3,3
13737340254_4575453078_0,3,3,3,3
190878380_30248343_0,3,2,3,3
30254192_30555005_0,4,3,4,4
31285428_31285427_0,3,3,3,3
7037843960_243336646_0,3,3,3,3
3618456746_30237104_0,3,3,3,3
2691107011_30294326_0,3,3,3,4
598224001_2687171810_0,3,3,3,3
30554849_30554850_0,2,3,2,2
1751329357_168529698_0,3,2,2,2
1297790702_1297790778_0,3,2,3,3
30343487_876277535_0,4,3,4,3
168491391_168491368_0,3,3,3,3
243339566_4554375438_0,3,3,3,3
416115190_658169102_0,2,2,1,2
919495993_2111498899_0,3,2,3,3
8529268154_818710821_0,3,3,3,3
904490207_2111498636_0,2,1,2,2
31286311_30295336_0,2,3,3,3
30227391_30227390_0,3,3,3,3
598224744_598224742_0,3,3,3,3
30294529_417808247_0,2,3,3,3
387127537_387127536_0,3,3,3,3
1350466016_1350466688_0,2,1,2,3
412446734_412446735_0,2,3,2,2
553098845_530676956_0,4,3,3,4
1046607407_1046613006_0,4,3,4,4
30294521_30313444_0,2,2,2,2
30554037_30554039_0,3,3,3,3
442540255_442540257_0,4,4,4,4
8267865177_597933817_0,1,2,2,2
8119767440_8119767442_0,2,3,2,2
415402209_293302298_0,2,3,3,3
30313375_692807356_0,2,3,2,3
1303363167_30295800_0,3,3,3,3
30558256_30558255_0,3,3,3,3
359234345_364720393_0,3,3,3,3
1044543192_3048077340_0,3,3,3,3
687897181_30314637_0,3,3,3,3
30295628_2019690679_0,2,2,2,3
2293736615_2293731604_0,4,4,3,3
7305839386_904490207_0,2,1,1,1
1856466545_166211429_0,3,3,3,3
2670313178_2671070787_0,3,3,3,3
178542900_5225442151_0,3,3,3,3
5275865099_974261545_0,3,3,3,3
30295217_30295165_0,4,3,4,3
10253033785_3888894773_0,4,4,4,4
30343595_30343615_0,2,3,2,2
364669545_412458358_0,4,3,4,4
30264201_533665304_0,2,3,3,2
30295216_30295217_0,4,3,3,3
30558551_1477718847_0,3,3,3,3
359236696_359236956_0,2,3,2,2
30313178_30313177_0,3,3,4,3
30294515_30313440_0,1,3,3,3
478855185_415994538_0,3,3,3,3
3088674065_2191189340_0,1,1,1,1
30254569_30254568_0,3,3,3,3
30617337_3007591790_0,3,3,2,2
2558969940_30343617_0,2,3,2,2
417976089_8286877334_0,4,3,4,4
30227198_30884331_0,3,3,3,3
3129196076_3129196082_0,3,3,3,3
30617606_8286877334_0,3,3,4,3
6766631070_5726734752_0,2,2,3,2
190985739_30343411_0,3,3,3,3
2128039898_2128039881_0,1,3,1,1
30554044_30556539_0,3,3,3,3
9788449184_1400465774_0,4,4,4,4
30243127_30253375_0,3,3,3,3
30248281_30236760_0,3,3,3,2
359238714_359238324_0,3,3,3,2
4237804310_4237804314_0,2,3,3,3
359234345_359234346_0,3,3,3,3
417976246_417976319_0,2,3,2,2
863733312_863733294_0,4,3,3,3
269381077_1840720995_0,4,4,4,4
815047541_4251794054_0,4,3,4,4
30251179_30251178_0,3,3,3,3
4587763084_347344150_0,2,3,3,2
251543446_2077949595_0,3,3,3,3
7217119091_364670896_0,2,3,3,2
319427657_30618092_0,3,3,3,3
30555407_769906824_0,3,3,3,3
30313142_30313143_0,3,3,3,3
478855374_30617918_0,3,3,3,3
7234883287_3196795880_0,2,3,2,2
769906822_1043834195_0,3,3,3,3
168330709_168330707_0,3,3,3,3
30556416_3193312157_0,4,4,4,4
417976319_417976347_0,1,3,2,2
4111795672_3577569658_0,2,2,2,2
430763600_5767709820_0,4,3,3,3
1381889414_1313793458_0,2,3,2,2
1374319503_1374317025_0,2,2,2,2
1303430180_1303430145_0,3,3,3,3
2677447201_2677447194_0,3,3,4,3
535657125_530676956_0,3,3,3,3
4549690551_2473393700_0,2,3,3,3
430757395_364670907_0,2,2,2,2
2650585626_770847878_0,2,2,2,2
4826990970_30243449_0,4,3,3,3
251543450_687897181_0,3,3,3,3
3976600109_1912611164_0,3,2,3,3
412398663_1889932481_0,4,4,4,4
30242957_30242958_0,4,3,4,4
359241321_1297818677_0,4,3,3,3
947908716_415718635_0,2,3,3,3
536418264_559794889_0,3,4,3,3
429742245_1363606986_0,3,2,3,3
30318191_30315480_0,3,3,3,3
359234364_359234370_0,3,3,3,3
387127682_1520865918_0,2,3,2,2
30264245_7038308651_0,4,3,4,4
30914405_1121909724_0,3,3,4,4
30296580_30296564_0,3,3,3,3
412437304_168521958_0,3,3,3,3
30556411_412442324_0,3,3,3,3
537823729_426652636_0,4,3,4,3
30343461_1403050970_0,2,3,2,2
30295496_30295493_0,3,3,3,3
2781080535_7515360156_0,4,4,4,4
359236301_359238153_0,2,3,2,2
1374370574_979754866_0,0,1,0,0
30332652_30332761_0,3,3,3,3
542641437_4269412937_0,2,3,2,3
423434621_30332577_0,3,3,3,3
2146914032_667379829_0,3,4,3,3
995424000_995424069_0,3,2,2,3
30686355_30686354_0,3,3,3,3
7416008674_30556818_0,3,3,4,4
561526841_13114926544_0,3,3,3,3
30254288_208960819_0,2,3,2,2
331355857_366996302_0,4,4,4,4
30960653_30254569_0,3,3,3,3
366065824_420064842_0,3,3,3,3
1695343442_319600517_0,3,3,3,3
30313358_3402623393_0,3,3,3,3
1307297617_416885092_0,3,3,3,3
4397169306_30884329_0,3,3,4,4
1483794695_1483794627_0,3,3,3,3
769906814_1303440695_0,2,3,3,3
31285555_30294674_0,3,3,3,3
1233754573_364670660_0,3,3,3,3
30617622_30617617_0,3,3,2,2
417976041_417976047_0,3,3,3,3
3053899379_3053899384_0,3,3,3,3
30558241_30558240_0,3,3,2,3
1551112026_1551112035_0,4,3,4,4
30332756_1759662344_0,4,4,3,3
417976041_417976089_0,3,3,3,3
429742245_30689253_0,2,2,2,2
30689119_387130494_0,3,4,3,3
3407038839_543552912_0,3,3,3,3
1588285136_2708786214_0,4,3,4,4
415994563_478867151_0,3,3,3,3
9850467919_509262928_0,3,3,3,3
598224742_363878511_0,4,3,3,3
980160376_3055187868_0,3,3,3,3
559415593_559419000_0,4,4,3,3
4472994804_432467115_0,4,3,3,3
366065846_366223121_0,3,3,3,3
30247167_30247433_0,4,4,4,4
30555975_30254029_0,3,3,4,4
356295237_258359282_0,3,3,3,3
30294668_1233754562_0,2,3,3,2
506242739_619423078_0,3,3,3,3
417978156_417978162_0,2,3,2,2
1017920208_1312339728_0,4,4,4,4
30689095_30689094_0,2,3,3,3
387127740_387127746_0,2,3,3,3
30237677_30237678_0,4,3,3,3
359099730_359099649_0,3,3,3,3
2473393641_2473393628_0,3,3,3,3
1666958604_1666958583_0,3,2,4,4
1299373042_2677000058_0,3,3,3,3
539147487_539147484_0,3,3,3,3
1551112026_6064789701_0,3,3,3,3
2501701155_2501773162_0,4,3,3,3
366062092_8176699632_0,2,2,3,2
30243203_30554511_0,3,3,3,3
30295416_618404476_0,3,3,3,3
1374370258_1374370568_0,0,0,0,0
359234346_359236004_0,3,3,3,3
30242809_506236271_0,3,4,3,3
412414651_412415110_0,2,3,2,2
2473393781_30297530_0,3,3,3,3
30296599_1852044988_0,2,3,2,2
598221107_3855178234_0,3,3,3,3
2468906564_387127747_0,3,4,4,4
1377806827_1377806846_0,4,3,4,4
30298891_30248281_0,3,3,3,3
620148198_619422387_0,4,3,3,3
10893766826_10893766824_0,4,4,4,4
2692588225_30294498_0,4,3,4,4
432467107_364670496_0,4,4,4,4
8473849046_8473846976_0,3,3,3,3
30243891_3214268719_0,4,3,3,3
364670546_30294674_0,3,3,3,3
30343490_1404124266_0,3,3,3,3
1695228276_561249971_0,2,3,2,2
8310685651_8310685647_0,2,3,2,2
30313182_30313163_0,4,3,3,3
30248296_30248295_0,2,3,3,2
30558252_30247395_0,4,3,3,4
2128036087_2128036141_0,1,2,1,2
112409083_112399403_0,3,3,3,3
387127696_417972224_0,4,3,3,3
4834502029_30252069_0,3,2,3,3
3577569667_3577569670_0,2,2,2,2
30227133_2264151290_0,3,3,3,3
392351069_1261315828_0,3,3,3,3
2344314669_2344314670_0,3,3,3,3
4697774026_4697774023_0,3,2,3,3
2510614172_1418737335_0,3,4,3,3
30295815_30295820_0,2,3,2,2
3835613870_1860575762_0,4,3,3,3
1043834249_448786042_0,3,3,3,3
30248580_430535694_0,3,4,4,4
1938243778_30243358_0,2,3,2,2
1362899971_1311619488_0,4,4,4,4
938093312_938093311_0,4,3,3,3
1374800951_4174370011_0,1,2,1,1
30297252_30297219_0,3,3,3,3
11306272016_30307945_0,4,3,4,3
30247390_30247395_0,4,4,4,4
442540269_30247088_0,4,3,4,4
3577569669_574969090_0,3,2,3,3
30333334_30554037_0,2,3,3,3
1313793453_1381889414_0,3,2,2,2
1207612390_4373522803_0,2,3,3,2
552884596_552884601_0,4,3,3,3
1303430329_1303430343_0,3,3,3,3
30295264_30295271_0,3,3,3,3
4931851569_30295385_0,2,3,3,3
1225051373_556335003_0,2,3,3,2
9429582959_9429582992_0,3,3,3,3
376744330_1292128461_1,4,3,4,4
30243333_30243392_0,4,4,4,4
363881327_1086926772_0,3,3,3,3
240982102_219009535_0,3,3,3,3
30558458_30558459_0,4,3,4,3
11283414720_3976600078_0,2,3,2,2
30332758_30332757_0,3,3,3,3
364718834_359234327_0,3,3,3,3
1860569742_1860569743_0,3,3,3,3
412449343_412449344_0,2,2,2,2
31286313_31286311_0,2,3,3,3
359235500_359238892_0,3,3,3,3
1001228543_1001228541_0,3,2,3,2
1621899821_1621899834_0,3,3,2,3
1861908440_1861908434_0,1,3,1,1
257048006_948980794_0,2,3,2,2
10896052335_12516839218_0,3,3,4,3
411290662_1496385013_0,2,3,3,3
30227196_30227153_0,3,3,2,3
9441752654_1075627801_0,3,3,3,3
627782752_627782750_0,3,3,3,3
574969058_574969056_0,3,2,3,2
30295406_3860517847_0,3,4,4,4
1377806846_364719897_0,4,3,3,3
392351456_392351451_0,3,3,3,3
30553971_30553972_0,3,3,3,3
30248584_30248585_0,3,4,3,3
30296039_462635537_0,2,3,3,3
1374370319_1374370348_0,1,1,1,1
30295387_30295396_0,2,3,3,3
1695282667_1695282673_0,3,3,3,3
1947682000_178514528_0,3,3,2,3
574969052_9429582959_0,3,3,3,3
2681819413_974384683_0,3,3,3,3
462635529_462635542_0,3,3,3,3
168526134_312682308_0,3,3,3,3
2408251360_4139421839_0,2,2,2,2
30254026_1860569741_0,4,3,4,3
2486143412_430758304_0,2,2,2,2
574969140_574969130_0,3,2,3,3
490941580_1046612989_0,3,3,3,3
2606686492_415718630_0,3,3,3,3
522579129_13119458932_0,3,3,3,3
30243356_30243357_0,3,3,3,3
495106009_1695282662_0,3,2,2,3
30313171_3055187869_0,3,3,3,3
559052401_559052405_0,4,3,3,3
585250803_2473421338_0,3,3,3,3
6333903842_583323362_0,1,1,1,1
243339109_4454226363_0,3,3,3,3
1357271773_412452564_0,1,1,1,1
330416987_324230636_0,3,3,3,3
21638920_21638918_0,4,4,3,4
535228364_535228377_0,3,3,3,3
30625851_7037105577_0,2,3,3,3
7039662348_7039662345_0,3,3,3,3
416886809_597263757_0,3,3,3,3
30960642_8530189630_0,4,4,4,3
1695282604_30689095_0,3,3,3,3
4174384541_4174384549_0,2,2,2,2
30294854_2681819413_0,3,3,3,3
2706190138_951016291_0,3,3,3,3
30332979_506223330_0,3,3,3,3
415718635_415718637_0,2,3,2,3
30343666_30343654_0,2,2,3,3
30242760_30243212_0,4,3,3,3
30243944_30254257_0,4,3,2,2
30297011_30297037_0,4,2,2,2
692807421_692807384_0,3,3,3,3
30295312_847727783_0,3,3,3,3
432510028_1233754603_0,3,3,3,3
1378060258_1378060301_0,4,3,2,3
8086245576_8086245577_0,2,3,2,2
1601776162_30297377_0,3,3,3,3
430766071_430768374_0,3,3,3,3
4111370382_898791655_0,2,3,2,2
30343269_1636238526_0,3,2,3,3
30296370_30295855_0,2,2,2,2
9782230123_9782230121_0,4,4,4,4
2238485645_365565044_0,2,2,3,3
1840721018_1840720978_0,3,3,3,3
30237768_30248584_0,4,4,3,3
535563200_535563205_0,2,3,3,3
457394433_457394426_0,3,3,3,3
178616217_178616216_0,2,3,3,2
269369082_442540235_0,4,3,3,3
1636238525_1636238526_0,3,2,3,3
572064577_572064543_0,3,2,2,2
1551112040_692807367_0,4,3,3,3
449385488_30254627_0,3,3,3,3
387127757_30254671_0,3,3,3,3
30294180_511123419_0,2,3,3,3
30243245_30243205_0,3,4,4,4
1904455769_535563205_0,3,3,3,3
415994560_415994563_0,3,3,3,3
269376044_6099715637_0,3,4,3,3
4307026176_4307016147_0,2,2,3,3
30254051_30254050_0,3,4,3,3
7223680627_511123411_0,4,3,4,4
30297383_30312839_0,4,3,3,3
3601249498_3601250399_0,4,3,4,4
434431814_598224644_0,2,2,2,2
359240326_359240371_0,2,3,2,2
30296789_2954961669_0,3,3,3,3
30556738_30254466_0,3,3,3,3
412398695_412398689_0,4,4,4,4
1912611172_1912611163_0,3,3,3,3
30264650_30264649_0,3,2,3,2
168497402_1912198618_0,2,3,2,2
126699974_1445340186_0,3,3,3,3
3577569664_4111795672_0,2,2,2,2
8269583404_2965670786_0,2,2,2,2
269381078_269381077_0,4,4,4,4
3976600094_412436259_0,2,3,2,3
366065841_366065830_0,3,2,2,2
430765606_430766071_0,3,3,3,3
30227495_240936353_0,4,4,4,3
3945316920_1623835963_0,2,3,3,2
30296145_30296016_0,3,3,3,3
30960867_30960868_0,2,3,2,2
30689117_30295380_0,3,3,3,3
30295508_434471890_0,3,3,3,3
420064842_572064583_0,3,3,3,3
126658000_11256490151_0,3,3,3,3
30313538_359237984_0,2,3,2,2
3976600113_168529461_0,2,3,2,2
30686209_178523527_0,3,2,3,3
30343621_30343623_0,1,2,2,2
442540256_30238032_0,4,4,4,4
30618092_1624143902_0,3,3,3,3
168529461_3976600122_0,2,2,2,2
30294570_330417406_0,3,3,3,3
330414714_330414541_0,3,3,4,4
30253211_253795218_0,2,3,3,3
412398663_412398661_0,4,4,4,4
412451761_412451511_0,3,3,3,3
60969474_30313367_0,2,3,3,3
30295098_30295097_0,3,3,3,3
1940905183_1940905182_0,3,2,3,2
690803431_30254013_0,3,4,3,3
2473393632_2473393628_0,3,3,3,3
540312592_4174241500_0,3,2,3,3
2123195985_6831747715_0,2,2,2,2
82760174_60969468_0,3,3,3,3
1532984392_387127584_0,3,3,3,3
2936643037_415994538_0,3,3,3,3
324230922_568847323_0,4,4,4,4
8302879824_420061795_0,2,3,2,2
30253991_30333310_0,4,3,3,3
30264315_30264316_0,2,2,3,2
30253494_30238030_0,4,4,4,4
627782715_629306903_0,3,3,3,3
2650585633_2650585631_0,1,2,1,1
30227192_112409083_0,3,3,3,3
1303465744_30254193_0,4,3,3,3
13134439125_431107481_0,4,3,3,3
1374370255_1374370789_0,1,0,1,1
1016384550_1362642915_0,2,3,2,2
431100338_30558244_0,2,3,4,3
2020374114_598224642_0,2,2,2,2
2458217839_402894803_0,2,3,3,2
420892540_448700503_0,4,3,4,4
4111370891_4111370384_0,1,3,1,1
30227050_30227049_0,3,2,3,3
11239790234_11242746353_0,3,3,3,3
30553753_126502156_0,3,3,3,3
7217119091_568648969_0,3,2,2,2
4212111673_4212111675_0,3,3,3,3
209084274_190993191_0,3,3,3,3
3994496055_387127467_0,3,3,3,3
1365781180_8463439353_0,3,3,2,2
1528732109_690679209_0,4,3,3,3
31286334_31286333_0,3,3,3,3
10001393038_8302879830_0,2,3,2,2
288022361_568847327_0,2,3,2,2
30243206_442540293_0,3,4,4,3
412549129_30960821_0,4,3,4,4
430535725_30243330_0,4,4,4,4
541643980_541643982_0,2,2,2,2
3822804384_30617833_0,4,3,4,4
30295406_1043855098_0,3,4,3,3
30294177_998567794_0,3,3,3,3
33098963_30254224_0,4,4,4,4
979754866_1374370574_0,0,1,0,0
6238824734_30558447_0,3,3,3,3
30333391_1375812340_0,4,3,4,2
535228394_535228390_0,2,3,3,3
960625593_960625606_0,3,2,2,2
2473393700_2473393679_0,3,3,3,3
30295825_30295824_0,2,2,2,2
243339101_243339102_0,4,4,4,4
30618096_769906819_0,3,3,3,3
30296542_30296543_0,2,2,2,2
30312481_30312482_0,3,3,3,3
364670492_1303465780_0,4,3,3,3
2869959984_2153062756_0,3,3,3,3
30242764_30242810_0,3,3,3,3
366065840_366065824_0,3,3,3,2
1297744704_1382873567_0,3,4,4,4
1374319492_1374319498_0,1,2,2,2
5225442151_178542900_0,3,3,3,3
30243959_208974064_0,3,2,2,3
1771982085_1595524645_0,4,4,4,4
3825223113_387130473_0,3,3,3,3
4538123437_1009334217_0,3,3,4,3
178542900_539186002_0,3,3,3,3
629306774_949285357_0,3,3,4,4
1599256602_1869120887_0,3,2,3,3
5936863414_1526542622_0,3,3,3,3
30294510_30294511_0,3,2,2,2
30243953_30254245_0,3,3,3,3
331356237_1369500099_0,4,3,3,3
323169605_2606686566_0,3,3,3,3
1477718847_1904455769_0,4,3,4,4
387127517_387127515_0,3,3,2,3
417974462_417976045_0,2,3,2,2
33098964_30243120_0,4,3,4,4
30254672_1043834183_0,2,3,3,3
800172185_2815411494_0,2,2,2,2
506223330_30253204_0,3,3,3,3
240936350_240940059_0,3,3,3,3
359236005_841867107_0,3,3,3,3
11178752184_430984237_0,2,3,3,3
30618075_30618076_0,3,3,3,3
2119602869_2119602792_0,2,2,2,2
126657995_1363702666_0,3,3,2,3
4990469757_4990469756_0,3,3,3,3
1748629933_6227506599_0,3,3,3,2
556051729_556051468_0,2,3,3,3
390057406_1315972380_0,3,3,3,3
243338876_243338877_0,3,3,3,3
535228349_535228378_0,2,3,3,3
1748098698_30295890_0,3,2,3,2
365566117_30312836_0,3,3,3,3
7580972991_6842012554_0,3,3,4,4
1075648459_1365367852_0,3,3,3,3
1350466688_256680583_0,3,3,3,3
30689530_30689531_0,3,3,3,3
559410529_30297363_0,2,3,3,2
387127462_387127597_0,3,3,3,3
1374370789_1374370255_0,1,0,1,1
12945625939_950190540_0,3,3,3,4
4436287114_1298461682_0,3,3,3,3
6126749211_2677447194_0,4,3,3,3
689442435_1938218690_0,2,3,2,2
6223865358_1299373042_0,3,3,3,3
359234717_3285483283_0,2,3,3,3
30264558_30264557_0,3,3,3,3
6853945872_359099426_0,3,3,3,3
903833789_416012192_0,4,3,3,3
178508430_4834501688_0,2,3,3,2
8930700694_554162147_0,3,2,3,3
12961323927_12961323926_0,4,3,4,4
431484966_126812841_0,3,4,3,3
30313178_30237689_0,4,3,3,3
4417346835_4416582771_0,3,3,3,3
11992098841_13456238293_0,3,3,3,3
269382534_30313256_0,3,3,3,3
597933744_4318426016_0,3,3,3,3
478867470_415994560_0,3,3,3,3
30689276_995424000_0,3,2,3,3
21638917_190985498_0,4,3,3,3
629306823_1261306780_0,3,3,3,3
6219170978_366062092_0,2,2,2,2
30296151_8172065144_0,2,3,3,3
4112026236_3333594462_0,3,3,3,3
30243118_30243117_0,4,3,3,4
30243373_30254227_0,4,4,4,4
30253730_1860575765_0,3,3,4,4
979755015_979754922_0,0,1,0,0
1622039347_559410532_0,3,3,3,3
30247093_30243883_0,4,3,3,4
30313368_60969501_0,3,3,3,3
30556803_30556818_0,3,3,4,4
863733600_863733388_0,2,3,3,3
2579362585_30243156_0,4,3,4,3
6219058269_2687171808_0,3,2,3,3
30960628_412446735_0,1,1,1,1
481122563_481122282_0,3,3,3,3
6073196939_415950289_0,4,4,4,4
30617787_30617789_0,2,3,2,3
26057312_269369082_0,4,4,4,3
533961430_30294337_0,3,2,2,2
4207637744_1857472160_0,3,3,3,3
30295841_319428309_0,3,3,3,3
30554505_30333334_0,3,3,3,3
448786029_448786034_0,4,3,3,3
30295477_30295480_0,3,2,3,3
30227132_30227153_0,2,3,2,2
430767908_1292134747_0,3,2,3,3
30960828_30617385_0,3,3,3,3
6100210191_6100210206_0,2,3,2,2
583321739_1795369343_0,1,1,1,1
30333337_30333338_0,2,3,3,3
2505262744_462694080_0,3,3,3,3
30294769_30294765_0,3,3,3,3
416116788_416116777_0,1,2,1,1
12945292491_9794914007_0,4,4,4,4
1307272002_30555009_0,4,3,3,3
30237694_3434285993_0,4,4,3,3
1316679287_30296152_0,2,3,3,2
2655293351_30312489_0,3,3,3,3
959409822_576583031_0,3,3,3,3
4192143112_2578612979_0,3,3,3,3
168529420_1751329398_0,2,3,2,2
556364134_1225051325_0,3,3,2,3
2891400538_2888259002_0,4,3,4,4
425612294_35120262_0,2,3,2,3
11363307239_10177321808_0,3,3,3,3
30247097_1374636407_0,3,3,3,3
1303465752_1303465750_0,3,3,3,3
13307330505_30558444_0,3,3,4,3
8166004731_4471971376_0,3,3,3,3
430535703_430535725_0,4,4,4,4
574969094_30251870_0,3,2,3,3
3951678282_5952574456_0,1,2,1,1
578369832_30251181_0,4,3,4,4
359238892_359235504_0,2,3,3,2
11264541277_3827694228_0,4,3,4,4
6148206388_3761326803_0,3,3,3,3
30555745_30333330_0,3,3,3,3
698899859_3154064258_0,1,2,1,1
2704433482_412398689_0,3,3,4,3
10092003377_899314388_0,3,4,3,3
243345437_243345458_0,2,2,2,2
9195988091_9195988092_0,2,2,2,2
544223009_5726734751_0,3,2,3,3
30243325_442540251_0,4,4,4,4
359234327_359237515_0,3,3,3,3
30251873_4111795685_0,2,2,2,2
1310620176_412451010_0,4,3,3,3
387130524_387130522_0,3,3,3,3
687897100_687897144_0,3,3,3,3
390057404_390057402_0,3,3,3,3
426884331_30556734_0,3,3,3,3
1622039335_1622039331_0,2,3,3,3
1404124266_2558969940_0,2,2,3,3
30332649_30332650_0,3,3,2,3
356295240_356295209_0,3,3,3,3
421265634_2293731702_0,3,3,3,3
125935921_31286309_0,4,4,4,4
2914602299_2914607801_0,3,3,2,3
2606686560_30617807_0,2,3,2,2
5995662050_1935827804_0,2,2,1,2
30227450_2327729212_0,4,3,3,3
434423056_598224750_0,2,3,2,2
387127535_387127537_0,3,3,3,4
30237682_3055187871_0,3,3,3,3
2191189341_2191189346_0,1,1,1,1
3005856816_1506156402_0,3,3,3,3
1312053315_2767355572_0,3,3,4,3
30298829_30297199_0,3,2,2,3
319775252_550588156_0,2,3,3,3
30237642_30243322_0,3,4,4,4
347353583_243343113_0,3,3,3,3
252825017_30246824_0,3,3,3,3
168497415_1912198609_0,3,3,2,2
415956312_2480495525_0,4,4,4,3
30247411_6042820380_0,3,3,3,3
1624948207_1624948210_0,3,3,3,3
420763042_1727171543_0,3,3,3,3
30343260_21638882_0,3,2,3,2
5402582931_5402582936_0,3,3,3,3
940883640_689442437_0,2,3,2,3
30960764_30295037_0,3,3,3,3
9233468280_243339207_0,4,3,4,4
364829686_1469158191_0,4,4,4,4
1312053315_1312053375_0,4,3,4,4
30251176_30251175_0,3,3,3,3
82040267_82040343_0,3,3,3,3
4834501699_4688436066_0,3,3,3,3
412398667_1889932481_0,4,4,4,4
30264559_303635779_0,1,2,2,1
30332577_363885077_0,2,3,3,3
30558576_569768103_0,3,3,2,3
3369034783_3369034791_0,3,2,2,3
30558465_30555019_0,3,3,3,3
30688906_849592995_0,3,3,3,3
1350466674_1071339487_0,2,1,2,2
598217461_12952468149_0,2,3,2,2
2264150813_10266016765_0,3,3,3,3
2119602792_2111504965_0,2,2,3,3
26057131_1362899977_0,4,4,4,3
750591202_750591204_0,3,3,3,3
1695282555_1695282559_0,3,3,3,3
3209362421_3209362420_0,1,2,2,2
603995066_603995035_0,3,3,3,3
359235508_1483860745_0,3,3,3,3
1699441362_1699441361_0,3,3,3,3
1311770053_30243371_0,4,4,4,4
815063096_462635549_0,3,3,4,3
427955477_427955469_0,3,3,3,3
382063644_30689524_0,3,3,3,3
30294674_31285555_0,3,3,3,3
30243262_10182303357_0,3,4,4,4
13228605049_11053219723_0,4,3,4,4
9632863111_2087900206_0,4,3,4,4
11843575697_11843575691_0,3,3,3,2
1001441903_4127392698_0,3,3,3,3
1298783033_30294515_0,1,3,3,3
8302792055_30296616_0,3,3,3,3
60962871_8177465454_0,2,2,2,2
30554039_30554037_0,3,3,3,3
30295399_387130533_0,3,3,3,3
412370995_8530156354_0,3,3,3,3
425635738_30296294_0,3,3,2,3
442540257_30243260_0,4,4,4,4
1299373048_1299373047_0,3,3,3,3
2686522116_1379023475_0,4,4,4,4
30264242_30298941_0,3,3,3,3
30238030_30243373_0,4,4,4,4
366213481_366062092_0,3,2,3,2
425612130_1610134946_0,3,3,3,3
576583112_576583053_0,3,2,3,3
262251530_619410240_0,3,3,3,3
402875805_690803404_0,3,4,4,4
417978151_417978022_0,2,2,2,2
4834501691_4834501695_0,3,3,3,3
7233634031_690679239_0,3,3,3,3
434423009_1303363172_0,3,3,3,3
30554042_30333336_0,3,3,2,3
1736660283_1736660242_0,2,3,2,2
243342790_243342791_0,3,3,3,3
347353579_30242977_0,3,3,4,3
30343269_30343265_0,3,2,3,3
4635141742_1853174728_0,3,2,2,2
359234359_417813658_0,3,3,3,3
1312053384_1312053372_0,3,3,4,4
30254087_879356690_0,4,4,4,4
11725085705_11725085710_0,4,3,4,4
7037105630_30686214_0,3,3,3,3
1312053315_769906822_0,3,4,3,3
30298833_30296142_0,2,3,3,3
269380670_1856466849_0,3,3,3,3
4471652114_4471652093_0,3,0,3,3
8930700703_553047540_0,3,3,3,3
30315480_7243531434_0,2,3,2,2
523781538_528811398_0,3,3,3,3
528804976_528811398_0,3,3,3,3
366213461_30296580_0,3,3,3,3
13307330505_30247401_0,3,4,4,3
750591202_1479334897_0,3,3,3,3
387127688_3772706344_0,2,3,2,2
2650585632_2650585634_0,2,2,2,2
30960653_412415483_0,3,3,3,3
4230940846_4230940844_0,1,1,1,1
30554843_126763485_0,4,4,3,3
1315972380_356295204_0,3,3,3,3
359238242_358505134_0,2,3,3,3
30254369_30333443_0,3,3,3,3
1282870801_3218700096_0,4,4,4,4
3059542903_598224997_0,3,3,3,3
30343473_30343646_0,2,2,2,2
1012815286_1012815266_0,2,3,3,3
1207612390_1044543169_0,3,2,2,2
2407326945_2264456429_0,3,3,3,3
1303363172_11843222077_0,2,3,2,2
808007399_1003235963_0,2,2,2,2
769906809_30332606_0,4,3,3,3
30313134_30248583_0,3,3,4,3
359238598_359235505_0,3,3,3,3
338936194_2456874969_0,3,3,3,3
30297377_262250647_0,4,3,3,3
30295163_1363702659_0,3,3,2,3
31285424_2087205021_0,3,3,3,3
30689037_273101950_0,3,3,3,3
364680673_567478392_0,3,3,3,3
412466900_1224389897_0,3,3,3,3
4192143115_4192143113_0,2,2,2,2
434437210_1948047755_0,3,3,3,3
364719098_364719280_0,3,3,3,3
253788453_2480520707_0,2,3,3,3
561521683_598220048_0,3,3,3,3
2810558868_401795297_0,2,3,2,2
1684889825_898791655_0,2,3,2,3
358505141_7234883292_0,2,3,2,2
168526135_168526134_0,2,3,2,2
243345458_243345437_0,2,2,2,2
30553973_30553741_0,3,3,3,3
30243116_30243115_0,4,3,3,4
262250645_4880337146_0,3,3,3,3
2511679138_2511679139_0,4,3,4,4
2022888132_30248274_0,3,3,3,3
30254245_30252167_0,2,3,3,3
4922624387_5313720234_0,4,4,3,4
1374370258_1374370845_0,0,0,0,0
600061448_598222623_0,3,3,3,3
8119755202_418737419_0,2,3,2,2
541644027_4431636962_0,3,3,3,3
2560087403_30294489_0,3,3,3,3
416012205_416012204_0,4,3,3,3
344992884_1400442248_0,3,4,3,3
535228352_324231741_0,2,3,3,3
1376141879_1376141876_0,3,3,3,3
416012206_416012205_0,2,3,3,3
1789415226_1816394964_0,2,1,2,2
30254671_6952516640_0,3,3,3,3
1017920131_478861422_0,2,3,3,3
364716641_359234330_0,3,3,3,3
416115397_416115380_0,0,1,1,1
2650585637_770847814_0,1,2,2,1
442540239_30243371_0,3,4,4,4
448700549_448786030_0,4,4,3,3
30227232_30227160_0,3,3,3,3
619005043_2655765587_0,3,3,3,3
30242952_412442324_0,3,3,3,3
1940573413_1940880049_0,3,3,3,3
30555972_30242962_0,3,4,3,4
30247429_412398695_0,4,3,4,4
30313177_30313159_0,3,3,4,3
10177414030_30243048_0,4,3,3,3
390878338_30617602_0,3,3,3,3
1303430202_30295416_0,2,3,2,3
2880318074_974261559_0,2,2,3,3
12643382751_482511502_0,3,4,3,3
30237643_30237642_0,4,4,4,4
269376045_6099715638_0,3,4,3,3
30312951_30253390_0,3,3,3,3
4269412922_30914307_0,2,2,3,3
600466293_600466273_0,3,3,2,3
6960234560_1375697911_0,3,4,3,3
626570848_1230701490_0,4,3,4,4
293526303_30296310_0,3,3,3,3
30243335_30243395_0,3,3,4,4
30247416_30248590_0,4,3,4,4
30237540_269383243_0,3,3,3,3
427955469_427955470_0,3,3,3,3
364828082_364719899_0,3,3,3,3
30294439_30294448_0,2,3,3,2
4834501645_10140262450_0,4,3,3,3
26057342_26057341_0,4,4,4,4
1772825227_583319840_0,2,1,2,2
534332100_1291717169_0,2,3,4,4
4189406778_3822859920_0,3,4,3,3
449385488_770847840_0,3,3,3,3
30253579_30253728_0,4,3,3,3
1350170466_1350170511_0,1,3,1,1
359236960_1374757842_0,3,3,3,3
3835613870_30253982_0,4,4,4,4
393144498_126763470_0,3,3,3,3
1350466290_1350466812_0,0,1,0,0
30242817_30242816_0,4,3,4,4
837485708_4436353872_0,3,3,3,3
30313436_30313434_0,4,3,3,3
8176699632_366062058_0,3,2,2,2
627782732_2126597892_0,3,3,3,3
30686210_178519633_0,3,3,3,3
390227104_390227105_0,4,4,4,4
1357271829_1357271791_0,2,3,2,3
319774964_319774960_0,2,2,3,3
4635141742_4635141743_0,3,2,3,3
566450878_1374370416_0,4,3,3,3
960625627_790034785_0,3,3,3,3
2708786214_257747681_0,4,3,3,3
3055187867_3055187866_0,3,3,2,2
82026109_60969463_0,4,3,4,4
11556041912_11556041911_0,3,4,3,3
71709940_575781196_0,3,3,3,3
1297790802_3170270487_0,3,2,3,3
4990469758_30297198_0,3,3,3,3
834395618_4251653386_0,2,2,3,3
6788605473_12955884765_0,3,3,3,3
427959730_168491368_0,3,3,3,3
364669544_364669545_0,4,3,4,4
30264593_573420810_0,3,3,3,3
30558214_30558218_0,3,2,3,3
4309638843_974261559_0,3,2,3,2
1751118891_168523377_0,3,3,3,3
243338885_30312830_0,3,3,3,3
3976600124_3976600130_0,2,2,2,2
690679298_690679274_0,3,3,4,4
30313123_30313144_0,3,3,3,3
420051108_947196720_0,3,3,3,3
425611912_1425252289_0,3,2,3,3
552884809_9520553515_0,4,3,3,3
13175411896_4931844351_0,2,2,2,2
1311619488_1362899971_0,4,4,4,4
2891400538_760332202_0,3,3,4,4
30295531_30295530_0,2,2,2,2
8930700701_558752232_0,3,3,3,3
3743057429_30227068_0,3,3,3,3
535657125_30294437_0,4,3,4,4
365565833_415989799_0,3,3,3,3
1363598891_429742264_0,2,2,2,2
301572306_301572399_0,4,3,4,4
3085906940_1575396667_0,1,2,1,1
1292134749_430769491_0,2,2,2,2
2123195985_5927245626_0,2,2,2,2
598221306_598221311_0,3,3,3,3
1350169980_1350170848_0,1,2,2,2
539147484_539147483_0,2,3,2,2
2665264315_258565861_0,3,3,3,3
30264549_30314635_0,3,3,3,3
530924814_532408969_0,3,3,3,2
430767908_430769491_0,2,2,2,2
387127719_417972197_0,2,3,2,2
30686356_30625851_0,3,3,3,3
1374800911_690679215_0,3,3,3,3
30294529_30294528_0,2,2,2,2
1303465780_974384688_0,3,3,3,3
30294515_30294516_0,1,3,2,2
258359387_356295228_0,2,3,2,2
4174394695_1374800938_0,1,2,2,1
3208632836_364670660_0,3,3,3,3
30295870_30296367_0,3,3,3,2
1374317026_1374317034_0,1,2,2,2
363877263_319428307_0,3,3,3,3
30237640_30237698_0,4,3,4,4
3306168419_993061632_0,3,3,3,3
1297521224_629334371_0,3,3,3,3
30246860_30246859_0,3,3,3,3
578369832_573420847_0,3,3,3,3
430769829_430767913_0,3,2,3,3
598225121_598224012_0,3,3,3,3
30960666_30960667_0,3,3,3,3
168521180_1912611186_0,3,2,3,3
462635549_30296620_0,4,3,3,4
415994535_415402216_0,3,3,3,3
412435888_412436260_0,3,3,3,3
1169009518_2063950768_0,4,3,3,3
30247429_359104405_0,4,4,4,4
534684915_979754866_0,1,1,1,1
1479334886_1479334819_0,3,3,3,3
2013654038_30237081_0,3,3,3,3
11236573946_11215517493_0,3,3,4,3
364716641_364716778_0,3,3,3,3
30243262_30243263_0,3,4,4,4
12194900303_13308485110_0,3,3,3,3
387127536_30617697_0,2,3,3,3
387127660_387127662_0,1,1,1,1
30243047_10182338470_0,4,3,4,4
30555005_126545684_0,4,3,4,3
30295410_30295411_0,3,3,3,3
30253446_30253444_0,2,3,2,2
3209362420_3209362421_0,1,2,2,2
269383243_1856468570_0,3,3,4,3
30243883_2326000392_0,4,3,4,4
30294326_2691107011_0,3,3,3,4
2620772655_418161846_0,2,2,3,3
190989415_4260777637_0,3,3,3,3
30558391_60969501_0,3,4,3,3
12405205104_9127835473_0,2,3,2,2
390227138_416523685_0,3,3,3,3
168330638_168330642_0,3,3,3,3
30251873_9429582924_0,2,2,2,2
818710843_1716858613_0,3,3,3,3
688393808_411290662_0,2,3,2,2
1378060284_692263343_0,3,3,3,3
423434658_423434626_0,3,3,3,3
288028794_31285427_0,2,3,3,3
30251175_30294469_0,3,3,3,3
366995867_412465396_0,3,3,3,3
30243877_30243876_0,4,3,3,3
30689100_30689098_0,4,3,3,3
364716778_364716820_0,3,3,3,3
541644008_541644011_0,3,3,3,3
2129606046_2129606034_0,4,2,3,3
3306168427_3306168428_0,3,3,2,2
30296789_425768614_0,3,3,3,3
30617811_30617761_0,3,3,3,3
391084122_391084147_0,3,3,3,3
359979755_219019305_0,3,4,3,3
430764953_1935831401_0,3,3,3,3
597212246_597218414_0,2,2,2,2
258565857_490941837_0,2,3,3,3
30688829_30688837_0,2,3,2,2
2128039887_947196720_0,2,3,2,2
3762069452_253790691_0,3,3,3,3
1311935438_30242968_0,3,3,3,3
209059231_209062724_0,3,3,2,2
426624021_426624022_0,2,2,2,2
243345653_243345439_0,3,3,3,3
430757951_430758157_0,1,2,1,1
818710821_818710835_0,4,3,4,4
243346367_3592009292_0,3,3,3,3
11283057021_568847331_0,2,3,2,2
364829686_1479390211_0,4,4,4,4
415994560_323190145_0,3,3,3,3
430766937_430767083_0,2,2,2,2
5794183354_951467903_0,3,3,3,3
8132079775_8132079776_0,2,2,2,2
3521929671_2456928107_0,2,2,2,2
556334957_1233754575_0,2,3,2,2
30294437_30294443_0,3,3,3,3
4263046378_262251752_0,2,3,3,3
420058201_4697774030_0,4,2,3,3
2473421343_416886809_0,3,3,3,3
7233634031_359235499_0,3,3,3,3
364670896_376805027_0,2,3,3,2
541644011_541644008_0,3,3,3,3
30343615_30343489_0,2,3,2,2
3872371635_30264201_0,2,3,2,2
417978597_412451336_0,4,3,3,3
427959729_1912571839_0,3,3,3,3
30294569_533615996_0,3,3,3,3
30248549_30238020_0,4,3,3,3
366223036_366223023_0,1,2,1,1
30264420_30264419_0,3,3,3,3
1043855100_1043834183_0,2,3,2,2
30297215_30297213_0,3,2,2,2
359100087_30295054_0,3,3,3,3
598223793_316877767_0,3,3,3,3
2869959989_2869959995_0,3,3,3,3
667380524_667380511_0,3,3,4,4
250794421_431481322_0,4,4,4,4
30553742_30553741_0,2,3,2,3
2650585630_2650585628_0,2,2,2,2
30688883_30689040_0,3,3,3,3
3120231148_30960653_0,3,3,3,3
429459477_8253104586_0,3,3,3,3
387127514_9272385499_0,3,3,4,3
30689140_125935921_0,3,4,4,4
30343651_30343649_0,2,2,3,3
363888331_30243447_0,4,4,4,4
30689552_347353583_0,3,3,3,3
559911564_553061209_0,3,3,3,3
126734703_30553753_0,3,3,3,3
430535694_269381314_0,4,4,4,4
537861932_1744038716_0,3,1,2,2
534684915_1374370258_0,1,1,1,1
8637567268_431481321_0,3,4,3,4
1043834195_448786043_0,3,3,3,3
30343414_30343548_0,2,3,2,2
30554972_30554971_0,3,3,3,3
347712502_347712540_0,3,2,3,3
770847824_790025749_0,2,2,2,2
30296367_1316077963_1,3,3,3,2
30689524_365565046_0,3,3,3,3
5998091078_598224982_0,2,3,3,3
30237696_30237697_0,4,4,4,4
30556818_442540298_0,3,4,4,4
1454439246_11239790234_0,4,3,4,4
30555503_30555979_0,3,3,3,3
30243392_30254056_0,4,4,3,4
30554850_567448762_0,2,3,3,3
2578612975_597218424_0,3,3,3,3
1374370827_1374371016_0,2,2,2,2
2334441925_30914373_0,3,3,3,3
847716886_847715523_0,3,3,2,2
30253450_30253449_0,3,3,3,3
1207612392_243342775_0,3,2,2,3
415955413_415955414_0,3,4,3,4
366065830_364916464_0,2,3,3,2
430764953_1533311123_0,3,3,3,3
30558557_30294335_0,2,3,2,2
358505133_6100210204_0,3,3,3,3
535228385_535228352_0,2,3,3,3
289658891_30313142_0,3,3,3,3
1483794627_364669872_0,3,3,3,3
30253375_30253376_0,3,3,3,3
493241896_1305741256_0,4,3,3,3
1381852561_863144004_0,3,3,3,3
692807367_30313375_0,3,3,3,3
178514518_533665304_0,2,3,2,2
30294503_30294176_0,3,3,3,3
2965670793_2965670790_0,3,2,2,2
30253992_1861908448_0,3,3,3,3
30295259_1695059619_0,4,3,3,3
30555980_30555502_0,3,3,3,3
247637113_4192143112_0,3,3,3,3
4592704400_823753846_0,3,3,3,3
30332979_2407371630_0,3,3,3,3
8166004745_8166004731_0,3,3,3,3
30242975_30242976_0,3,3,3,3
5331033627_543552982_0,3,3,3,3
60969501_535233407_0,3,4,3,3
30254253_30252171_0,3,2,3,3
1382873591_2510614164_0,3,3,3,4
3976600095_3976600094_0,2,3,2,2
1948047755_434437210_0,3,3,3,3
30294703_3196072505_0,2,3,3,2
2576838582_256484320_0,2,3,3,3
1396408887_30253569_0,4,3,4,4
412450368_30617622_0,3,3,3,3
598221316_4990469758_0,3,3,3,3
13175411896_21638845_0,3,2,2,3
219009557_219009535_0,3,3,3,3
30618078_30618089_0,2,3,2,2
1350171186_1350170931_0,2,2,2,2
3055187871_3055187870_0,3,3,3,3
4326986880_689430452_0,2,2,2,2
30294176_30294177_0,3,3,3,3
30298941_3049188208_0,3,3,3,3
1400693886_194583692_0,3,3,3,3
1374319503_1374319495_0,2,2,2,2
2123196012_904487807_0,2,2,2,2
30253436_30253446_0,2,3,2,2
2625927687_30617585_0,3,3,3,3
4470467226_3807075709_0,3,3,3,3
3956071721_1621904464_0,3,3,3,3
412461954_30960786_0,3,3,3,3
457361177_412437788_0,3,3,3,3
338936675_338936194_0,3,3,3,3
416885095_416885093_0,2,3,3,2
253795221_71709881_0,3,3,3,3
1935827759_6002052354_0,3,3,3,3
30294854_974384683_0,2,3,3,3
4569473793_1484829198_0,3,3,3,3
604937943_425768614_0,3,3,3,3
1299613796_1299430501_0,3,3,3,3
30243350_597933816_0,3,3,3,3
1043786431_30247097_0,4,3,3,3
634519965_462693526_0,4,3,4,4
364720256_364720250_0,2,3,3,3
387127535_12644016474_0,4,3,4,4
219018794_30243212_0,3,3,3,3
4554626933_2264150807_0,3,3,3,3
1723184949_1551112035_0,4,3,4,4
554200803_456868906_0,3,3,3,3
4111370896_30264201_0,2,3,2,2
536418264_359977822_0,3,4,3,3
2264150798_104459413_0,3,3,3,3
30558219_30558292_0,3,3,3,3
6143316522_1852768637_0,2,2,2,2
30254467_30254466_0,3,3,3,3
432467107_977641429_0,3,4,4,4
7254110670_243346367_0,3,3,3,3
430764785_430764639_0,3,3,3,3
4309994552_7038308651_0,3,3,3,3
430767913_430767950_0,2,2,3,2
1695282604_1695282562_0,3,3,3,3
31285283_31285282_0,2,3,3,3
6853738185_2676998918_0,3,3,3,3
258359282_356295214_0,3,3,2,2
1374370616_1374370794_0,1,0,1,0
7507211481_33098965_0,4,4,4,4
30294696_3055187868_0,3,3,3,3
30294784_432509967_0,3,3,3,3
7233634026_356295211_0,3,3,3,3
1479334879_1479334886_0,3,3,3,3
30243058_11012409286_0,3,3,4,3
559410532_559410527_0,3,3,3,3
434487433_319630104_0,3,4,3,3
5643458633_1695219620_0,2,3,3,3
30555744_30554859_0,2,3,3,3
10182235280_3047640925_0,4,3,4,4
1716102034_30243389_0,4,3,3,4
690679298_359238327_0,2,3,3,2
30914370_30307932_0,4,3,4,4
359240326_358505142_0,3,3,3,3
955030275_790024598_0,2,3,3,3
559410524_30297371_0,3,3,3,3
2473393709_2473393679_0,3,2,3,3
938093311_4541533775_0,4,3,4,4
1299414785_598223996_0,3,3,3,3
30558246_3055187877_0,3,3,3,3
247637636_30312922_0,3,3,3,3
387130493_387130491_0,4,3,3,3
760332221_760332212_0,3,3,3,3
269386336_359234327_0,3,3,3,3
30252173_194580864_0,3,2,3,3
190986445_190985498_0,4,4,4,4
412437310_412437304_0,3,3,3,3
301572399_301572459_0,4,3,3,3
2463014352_415956313_0,4,4,3,3
430757824_430757838_0,1,2,2,2
1479422584_950190651_0,4,3,4,4
561521656_1297490058_0,3,3,3,3
30884408_240882893_0,3,3,3,3
30294568_418161846_0,1,3,3,3
30294778_30294779_0,3,3,3,3
557187269_2510614172_0,4,4,4,4
30343459_30343458_0,3,3,2,2
30252069_30252066_0,3,2,3,3
2020393224_8199319784_0,2,3,2,2
4192143112_247638056_0,3,3,3,3
5916226396_412370995_0,3,3,3,3
2111240489_420058174_0,3,2,3,3
2706990676_770847807_0,2,2,2,2
760332202_2891400538_0,3,3,4,4
8246056358_30227136_0,2,3,3,3
30242768_536418296_0,3,3,3,3
1621904452_30312837_0,3,3,3,3
30294448_30264597_0,2,3,2,2
30297372_1307277321_0,3,3,3,3
30312978_30253205_0,4,3,3,3
1001228568_9608382461_0,3,3,3,3
2650585633_2650585635_0,1,2,1,1
30254511_30617385_0,2,3,2,2
395272168_30554840_0,3,3,3,3
30227136_8246056358_0,2,3,3,3
536418253_3193317991_0,3,4,4,4
387127639_12644016479_0,3,3,4,3
1795369274_1795369343_0,1,1,1,1
269379907_59850120_0,4,4,4,4
790024600_790024603_0,3,3,3,3
10778099644_1930253996_0,2,3,2,2
30238025_30243366_0,4,3,4,4
1046613006_1046607396_0,4,3,4,4
1311619517_1311619514_0,4,4,3,4
6099715638_667387213_0,3,3,3,3
30295341_30689140_0,4,3,3,3
2956932678_1381889435_0,3,2,3,3
26057346_26057345_0,4,4,3,3
30689242_387130529_0,2,2,2,2
376744232_634519965_0,4,3,4,4
2087205021_535228364_0,3,2,3,3
482505199_478867327_0,3,3,3,3
11887554791_30253399_0,3,3,3,3
30242759_30242758_0,3,3,3,3
559410531_559052405_0,3,3,3,3
2111268464_2111268461_0,3,1,3,3
506223345_30689536_0,3,3,3,3
30556620_30556621_0,3,3,4,3
168521958_412437304_0,3,3,3,3
13114926555_561526841_0,3,3,3,3
3761510949_219029423_0,4,4,4,3
4538123416_4834501649_0,4,3,3,3
1341400287_387127513_0,2,3,3,3
7252331255_414683100_0,4,4,4,4
1363598881_1363598895_0,2,2,2,2
4992937068_482511496_0,3,3,4,3
534390740_269745660_0,2,1,0,0
442540298_412398689_0,3,4,4,3
390227092_390227095_0,4,4,4,4
30554851_30554955_0,3,3,3,3
553061171_558752232_0,3,2,3,3
30295510_319427657_0,3,3,3,3
1849781082_2936643049_0,3,3,4,3
13228605046_30237703_0,4,4,4,4
478867470_8530300628_0,4,3,3,3
30294527_30294528_0,2,2,2,2
1736660242_1736660251_0,2,2,2,2
30227157_30227134_0,3,3,2,2
506223417_618300957_0,3,4,3,3
574969130_574969140_0,3,2,3,3
347353580_253795579_0,3,3,3,3
429742245_995424000_0,3,2,3,3
9090670832_7540811513_0,1,3,1,1
692807383_692247902_0,3,3,3,3
818710843_818710835_0,3,3,3,3
30254225_2781080535_0,4,4,4,4
1312339730_1312339742_0,2,3,2,2
30253375_7866434035_0,3,3,3,3
974261554_412436543_0,2,3,2,2
1774503381_5099106008_0,2,2,2,2
1695282624_5519535022_0,3,3,3,3
1303457341_30254087_0,4,4,4,4
598224750_434423055_0,2,3,2,2
1126998875_1126998867_0,2,2,2,2
688393885_30558243_0,3,3,3,3
30553974_30554976_0,3,3,3,3
1382873572_30558435_0,3,3,3,3
557237888_1926251010_0,3,3,3,3
35120242_1820633297_0,3,3,3,3
30227068_30227050_0,3,3,3,3
30689037_30689040_0,3,3,3,3
9090670832_3994528973_0,2,3,2,2
12351352586_30227229_0,3,3,3,3
2087205003_2087205004_0,3,3,3,3
30617636_387127521_0,3,3,3,3
10140262450_4538123412_0,3,3,3,3
359238892_359238890_0,3,3,3,3
4470467231_4470467235_0,3,2,3,2
430764639_568117156_0,4,3,4,3
2294050457_540312590_0,3,3,3,3
1599256331_9378519453_0,2,2,2,2
1374801002_5983130784_0,1,2,2,2
4538123400_4538123399_0,4,4,4,4
4476005036_687897100_0,3,3,3,3
2869959976_3517445007_0,3,3,2,2
4237804314_441668045_0,3,3,3,3
30253435_30253444_0,2,3,3,3
418737418_3275080331_0,3,3,3,3
904641331_12856608727_0,3,3,3,3
4990469756_4625701820_0,3,3,3,3
30617611_412450367_0,3,3,3,3
3577569667_574969090_0,2,2,2,2
915702743_30253992_0,3,3,3,3
30295304_125930808_0,4,3,4,4
1889932481_30313158_0,4,3,4,4
30243210_10893766826_0,4,4,4,4
323162210_318317456_0,3,3,4,4
426624022_567453739_0,2,2,2,2
30295137_31285675_0,3,3,3,3
490941485_490941580_0,3,3,3,3
598223793_598223783_0,3,3,3,3
408908799_431101858_0,3,3,3,3
30253380_30253206_0,4,3,3,3
1551112026_364719280_0,4,3,3,3
4111220659_4111220654_0,0,1,0,0
815047541_815063096_0,4,3,4,4
1479334879_30243313_0,4,3,3,3
30313132_30237693_0,4,3,4,3
3857584858_631831509_0,3,3,3,3
457394454_457394503_0,2,3,2,2
60591485_30314631_0,2,3,3,3
550588156_319775252_0,2,3,3,3
1299430518_1299427202_0,3,2,2,2
4214539520_366223023_0,2,2,2,2
1798593916_1798593894_0,2,1,2,2
598223867_598223793_0,3,3,3,3
257047981_30254610_0,3,3,3,3
30264320_1088518829_0,3,3,3,3
30243363_30243362_0,4,3,4,4
258562666_258562674_0,3,3,3,3
1116318691_1118502246_0,2,3,2,2
269381073_1840720982_0,4,4,4,4
30236749_30236779_0,3,3,3,3
2191189340_427959760_0,1,1,1,1
541643982_541643980_0,2,2,2,2
2128036141_2128036115_0,2,2,2,2
13117171034_13117171043_0,1,2,1,1
30555976_2749938625_0,3,3,3,3
557230386_557230481_0,3,3,3,3
420060599_420060601_0,3,2,3,3
1116318602_258562666_0,3,3,3,4
1774503368_1774503381_0,2,2,2,2
430769319_6718358695_0,2,2,2,2
30689244_30295341_0,3,3,3,3
6833338778_4538123419_0,3,3,3,3
30254593_412451335_0,2,3,3,3
9429582962_9429582963_0,2,2,3,2
417604839_30960813_0,4,3,3,3
30238009_10181609602_0,3,3,3,3
1623835968_423434652_0,2,3,3,3
13406594113_8529268154_0,4,3,4,4
1860575767_30253725_0,4,3,4,3
2706253140_1306211551_0,3,3,3,3
30617577_30237678_0,2,3,3,3
30884371_30343621_0,2,2,2,1
797407458_2677447201_0,3,3,3,3
11283057024_11283057021_0,2,3,2,2
30295215_30295216_0,3,3,3,3
1912561741_410301867_0,2,2,2,2
2267446342_2267446258_1,2,2,2,2
364827699_364718898_0,3,3,3,3
30617918_1017920205_0,3,3,3,3
30294433_30558555_0,3,3,3,3
1479422538_690803431_0,4,4,4,4
30294183_998567840_0,1,3,3,3
178518958_4908316180_0,3,3,4,4
1001237059_1001237057_0,2,2,2,2
961905051_961905066_1,2,2,2,2
1116623912_30558218_0,3,3,3,3
5769607638_5769607634_0,2,2,2,2
1303363169_1303363168_0,3,2,2,2
998592654_269383883_0,3,4,3,4
219018792_3134509198_0,3,3,3,3
1904455769_1477718847_0,4,3,4,4
30295245_126656743_0,3,3,3,3
950161652_950161659_0,3,3,4,4
1378060258_1378060299_0,3,3,3,3
30254603_12644016474_0,4,2,3,3
4475428027_4475428025_0,1,2,2,2
9350842927_770847823_0,2,3,2,2
1912611181_3976600107_0,3,2,3,3
3053899384_1043834183_0,2,3,3,2
30343262_30343261_0,3,3,3,3
312682309_312682302_0,3,3,3,3
423434626_423434621_0,3,3,3,3
359234340_359234345_0,3,3,3,3
387130480_8441782211_0,2,3,2,2
1156424413_395285930_0,3,3,3,3
30243365_30243321_0,4,4,4,4
8930700698_553047600_0,3,2,3,3
30243062_30243061_0,3,3,3,3
359236300_8119424289_0,3,3,3,3
269379908_364829686_0,4,4,4,4
11012442310_2819073400_0,4,4,4,4
11053280241_301572279_0,4,3,4,4
320857511_392353660_0,3,3,3,3
541644008_541644027_0,3,3,3,3
12856608727_904641331_0,3,3,3,3
30617420_30617357_0,3,3,3,3
323190146_415994563_0,3,3,3,3
168330707_168330709_0,3,3,3,3
330414226_330414111_0,4,4,4,4
30307948_4541533775_0,4,3,4,4
6137493691_1857472181_0,2,2,3,3
30333343_30254393_0,3,3,3,3
1230701452_1291715885_0,3,3,4,4
30960624_429352243_0,2,2,2,2
30558433_30558429_0,3,3,3,3
30297363_541643994_0,3,3,3,3
381897080_381897075_0,3,3,3,3
420061795_415991021_0,3,3,3,3
1376141879_1375265216_0,3,3,3,3
30248318_30248310_0,4,3,3,3
6833338778_89148866_0,3,3,3,3
790024601_955030280_0,2,3,3,3
1374619186_412451710_0,2,3,2,3
412451338_412451684_0,3,3,3,2
126604074_30553752_0,3,3,3,3
216350784_9788449184_0,3,4,4,4
250793733_126812839_0,3,4,4,4
1369500099_331356237_0,4,3,3,3
30554813_30554853_0,3,3,3,3
618431743_312894014_0,3,3,3,3
1374370379_1374370024_0,3,2,3,3
2706990674_790024590_0,2,3,2,2
30688883_1503027493_0,3,3,3,3
6780590097_12278745938_0,3,2,2,3
619410240_312894015_0,3,3,3,3
543552903_543552907_0,3,3,3,3
1856466576_364829704_0,4,4,4,4
1126385606_1736660281_0,3,3,3,3
441668045_4237804314_0,3,3,3,3
412452565_412452567_0,0,2,0,0
528811398_523781538_0,3,3,3,3
60969463_60969464_0,3,3,4,4
387127664_417972407_0,1,3,1,2
1043834187_1043834249_0,3,3,3,3
8043162354_1311770051_0,4,4,3,4
1479334626_1479334690_0,3,3,3,3
3497472682_194551073_0,3,3,3,3
1298461690_1299427207_0,2,2,2,2
30689058_387127774_0,2,3,2,2
11158624378_30556159_0,3,3,4,3
8302792056_462641371_0,3,3,3,3
2650585637_2650585635_0,1,2,1,1
30688824_30688837_0,3,3,3,3
449385485_2706190138_0,3,3,3,3
30556625_82026109_0,4,4,3,3
4251794889_420061783_0,3,3,3,3
30253438_30332760_0,3,3,3,3
1457780109_412398704_0,4,3,4,3
1708943375_557237888_0,3,3,3,3
30297371_30297372_0,3,3,3,3
30296142_30298833_0,2,3,3,3
412444593_412444488_0,3,3,3,3
7294793970_6103772408_0,1,3,1,1
1292128461_4127392690_0,4,3,4,4
30243319_30243363_0,3,3,4,4
260723606_415956316_0,4,3,4,4
4591013624_2665264314_0,3,3,3,3
359236627_359236628_0,2,3,4,4
3805966095_30243253_0,3,2,3,3
823753846_8172065150_0,3,3,3,3
387127706_387127705_0,4,3,4,4
402899818_434437194_0,3,3,3,3
2869959982_2869959981_0,3,4,4,4
13453304520_429459477_0,3,3,3,4
2630581373_1532984315_0,2,3,2,2
1381889435_30689173_0,3,2,3,3
3748616600_256484485_0,3,3,3,3
412449353_1349265459_0,2,3,2,2
30237481_30237482_0,3,3,3,3
3109205926_3109205928_0,3,3,3,3
1086926705_1299427207_0,3,2,2,3
1695282614_1695282592_0,2,2,3,2
8172065150_462635537_0,3,3,3,3
4309883397_1933546304_0,3,3,3,3
8221931732_612363409_0,3,2,2,2
30618058_481147019_0,3,3,3,3
572064559_572064543_0,2,2,2,2
1001228531_506223393_0,2,3,2,2
30243129_2264591839_0,4,3,3,3
30914404_30914405_0,3,3,3,3
126769416_681936376_0,4,4,4,4
30295529_598224643_0,2,2,2,2
560559159_567474429_0,4,3,3,3
1623835961_1623838327_0,3,3,4,3
2344314674_2344314663_0,3,3,3,3
2238485645_2655293351_0,3,2,3,3
30247433_30238026_0,4,4,4,4
790034790_790034788_0,2,3,3,2
7233634026_7233634023_0,3,3,3,3
426881065_430764421_0,3,2,3,3
2501773162_13228605046_0,4,3,4,4
1614010928_1614010934_0,4,4,4,4
2650585635_2650585637_0,1,2,1,1
4834501706_168491440_0,3,3,2,2
3044253138_6988326935_0,2,2,2,2
412451014_412451010_0,4,3,3,3
2529520245_30227487_0,3,2,2,3
30254511_30254509_0,3,2,3,3
4554543618_2983305215_0,3,3,3,3
6031323975_1933546307_0,0,2,0,0
559424462_559424463_0,3,3,4,4
506236259_506236271_0,3,3,3,3
364669537_904641358_0,3,3,3,3
30558547_30294492_0,3,3,3,3
344992884_1400442249_0,3,4,3,3
959498845_376744330_0,4,3,4,4
1298742841_1350170152_0,3,3,3,3
2334441924_2334441925_0,3,3,3,3
1307297616_814239845_0,4,3,3,3
30248550_30685341_0,3,4,4,4
30558244_30313171_0,3,3,3,3
12923224032_604943437_0,4,3,4,4
1457780109_568847350_0,4,3,4,4
30243124_30242762_0,3,3,3,3
903233293_30243887_0,4,3,3,3
690424479_690431146_0,2,3,2,2
416115380_416115397_0,0,1,1,1
5678341335_1930254000_0,3,3,3,3
790024590_770847807_0,2,2,2,2
2704791825_1371719281_0,3,2,2,3
412362700_1889882325_0,2,3,3,3
7021902544_30264647_0,3,3,3,3
4151671157_392351136_0,3,3,3,3
2111504965_2111504966_0,3,2,3,3
790034780_783747960_0,2,3,3,3
1001107275_1001107281_0,3,3,3,3
30254286_194580864_0,3,2,3,3
543552915_312894381_0,3,3,3,3
2128049628_2129531619_0,2,2,2,2
390057402_356295312_0,3,3,3,3
8302792055_1852045009_0,2,3,2,2
2128049628_2128049622_0,2,2,2,2
553047540_11750142227_0,3,2,3,3
320857509_425635744_0,3,3,3,3
30294853_288024526_0,3,3,3,3
856946804_858024531_0,3,3,3,3
825340622_253788453_0,3,3,3,3
30647906_30647878_0,3,3,2,2
1306211567_2473393632_0,2,3,3,3
30247431_30237617_0,4,4,4,4
412437304_3976600078_0,4,3,3,3
567451703_359097332_0,3,4,3,3
960619343_960619341_0,3,3,3,3
1840720990_30313252_0,3,3,3,3
9195988099_9195988092_0,3,2,2,2
30686355_9939580063_0,3,3,3,3
416012194_457887476_0,3,3,3,3
30243946_4029816820_0,4,3,3,2
575781202_536428062_0,2,3,3,3
429459477_667379829_0,4,3,4,4
30960622_402894803_0,2,3,3,2
364718834_364718898_0,3,3,3,3
5951673146_5951673145_0,4,3,3,3
430761699_430761706_0,0,1,0,0
541644006_765910378_0,3,3,3,3
376805027_364670896_0,2,3,3,2
412446059_30295131_0,3,3,3,3
30248592_412398683_0,4,3,3,4
30558251_30558246_0,3,3,3,3
600061448_1086926758_0,3,3,3,3
6326164170_2473393788_0,4,3,4,4
558752232_9444287955_0,3,2,3,3
1624143902_319630027_0,3,3,2,2
9481011177_426624021_0,2,2,2,2
364811900_12884134295_0,4,4,4,4
2407371630_243339109_0,3,3,3,3
3214268719_3214268717_0,3,3,3,3
2650585634_2650585632_0,2,2,2,2
423831234_430757826_0,2,3,2,2
1298740483_1350170848_0,1,2,2,1
30295105_30617356_0,3,3,3,3
30618112_4758438067_0,3,3,3,3
1350170152_1350171186_0,3,3,3,3
1748098646_1316679286_0,3,3,3,3
790024599_790024602_0,2,3,3,3
30558255_412370062_0,3,2,3,3
9429582929_4111795685_0,2,2,2,2
30236752_30248272_0,2,2,2,2
692263333_692263345_0,2,3,3,3
262251807_312894381_0,3,3,3,3
30251593_30251623_0,2,2,2,2
1377933441_1377933417_0,3,3,3,3
30243124_219018793_0,3,3,3,3
1695282636_1695282604_0,3,3,2,2
481122282_30618052_0,2,3,3,2
1930253996_364989976_0,2,3,3,3
178616216_178615588_0,2,3,2,2
2115356972_412451016_0,4,3,4,4
30294331_530671039_0,2,2,3,2
1710758987_30253208_0,4,3,3,3
318318081_318318094_0,3,3,4,4
387130505_417972224_0,3,3,3,3
1374319507_359238618_0,1,2,1,1
1225083268_1225083265_0,1,2,2,2
30555009_30558456_0,4,3,3,3
126803324_30243210_0,4,4,4,4
627782751_6932324368_0,3,3,3,3
2707017764_616880477_0,3,3,3,3
1043834246_6227506611_0,3,3,3,3
30960627_690812143_0,3,4,3,3
1940908213_5711742102_0,3,3,3,3
426673039_426622591_0,3,3,3,3
243756418_559794893_0,4,4,4,4
30343572_30343571_0,3,2,2,2
3643971045_21638874_0,3,3,3,3
1751118823_168330678_0,3,3,3,3
387130486_387127731_0,2,3,2,3
13859746870_13859746860_0,3,3,3,3
416116590_2943846077_0,2,2,1,1
534685040_1374370845_0,0,0,0,0
2129627791_7078045379_0,3,2,3,3
408908795_30558292_0,4,4,4,4
2293731604_4922624387_0,4,4,3,3
430759324_423831232_0,3,3,3,3
825340484_30689042_0,2,3,3,3
434471890_434471880_0,3,3,3,3
2153062749_2869959983_0,3,3,3,3
598223783_1299430501_0,4,3,3,3
598225219_4406268869_0,2,3,2,2
30558547_30294190_0,3,3,3,2
582942236_575781202_0,3,2,3,3
8930700699_9446689099_0,3,2,3,3
30617734_30617733_0,3,3,3,3
1350466688_1350466016_0,2,1,2,3
6213879857_4327379292_0,3,3,4,4
536418296_11559713266_0,3,4,3,3
10182235275_10893712431_0,3,3,4,4
1374370839_1374370061_0,1,1,1,1
430766071_430765606_0,3,3,3,3
30555976_915702746_0,3,3,3,3
4253067749_8302792056_0,3,3,3,3
359237515_359234327_0,3,3,3,3
30333333_126697585_0,3,3,3,3
366061976_338936274_0,2,2,2,2
30237643_30237701_0,4,4,4,4
7382807803_30248594_0,3,4,3,3
243338881_30312835_0,4,3,3,3
10858526497_30297454_0,3,3,3,3
30686337_30307974_0,3,3,3,3
30253377_30253380_0,3,3,3,3
448786033_448700605_0,3,4,3,4
26057388_30238009_0,4,3,4,4
21638874_3643971045_0,3,3,3,3
4397169294_192071165_0,3,3,3,3
841867132_359234292_0,3,3,4,4
30312484_30253210_0,3,3,3,3
30558208_30558212_0,2,3,3,3
1400544022_30227154_0,4,3,3,3
30556159_4485281938_0,2,3,3,3
979671206_979671154_0,0,1,0,0
269745625_319774339_0,2,2,2,2
330413164_4592704400_0,3,3,4,3
1708943494_1708943540_0,3,3,3,3
288028794_535228349_0,2,3,3,3
1684889804_178616217_0,2,3,2,2
434487433_598224596_0,3,3,3,3
30243202_30243203_0,3,3,3,4
387127649_387127657_0,2,3,2,2
30237703_2501701155_0,4,3,4,4
818710821_324230636_0,3,4,3,3
948980793_948980790_0,3,3,3,2
30553749_82748657_0,3,3,3,3
387130473_3825223113_0,3,3,3,3
30243356_559410528_0,3,3,3,3
30313349_30313348_0,3,3,3,3
554162143_554162142_0,3,3,3,3
320857511_320857512_0,3,3,3,3
1350171172_568648969_0,2,2,2,2
359237516_359237515_0,2,3,2,2
1584415322_692247917_0,3,3,3,3
10045031263_4454226365_0,4,3,3,3
960619358_960619373_0,3,3,3,3
366215465_366215463_0,1,2,1,1
126781137_1377806835_0,3,3,3,3
7721493556_556364134_0,2,3,2,2
4834501645_4834501648_0,4,3,3,3
30251188_12944711157_0,3,3,3,3
258359282_390227221_0,3,3,3,3
560025956_1297809323_0,3,3,3,3
430764785_1533311123_0,3,3,3,3
1046599575_30295392_0,2,3,4,3
30248594_7382807803_0,3,4,3,3
938093311_938093314_0,4,4,3,3
30251592_30251622_0,2,3,2,2
412451010_412451014_0,4,3,3,3
30343531_30343414_0,2,3,2,2
9433723474_4454226363_0,4,3,3,3
412446078_273102085_0,3,3,4,3
30558573_60591112_0,4,3,3,3
1375540269_1043849999_0,2,3,3,3
30313113_4470657984_0,4,4,4,4
8293362944_30254594_0,3,2,3,2
511123413_30237520_0,3,3,3,3
30554971_30554851_0,3,3,3,3
2449582964_1484829140_0,2,2,2,2
8119424282_358505133_0,2,3,3,2
30617607_30617608_0,3,3,3,3
412460039_390878435_0,3,3,3,3
790034782_790034786_0,2,3,2,2
191823363_82632464_0,3,2,2,2
1840720995_364811900_0,4,4,4,4
2119602792_2119602869_0,2,2,2,2
30254230_533663031_0,3,3,3,3
536838747_536838757_0,2,3,3,3
412451684_2630574142_0,4,3,3,3
1225083271_513342399_0,3,3,3,3
1431153131_5935529688_0,1,2,1,1
30294466_3754949353_0,3,3,3,3
30253978_308733542_0,3,3,4,4
30555687_30243335_0,3,4,3,4
1622039316_4338262500_0,2,3,2,2
126679135_126679137_0,3,3,3,3
30253395_4552362841_0,3,3,3,3
3193312157_10253033785_0,4,4,4,4
30313560_359236005_0,2,3,3,3
974261554_974261553_0,3,3,3,3
506223408_10712779365_0,2,3,3,3
4212111678_11298541576_0,3,3,3,3
1050231255_82762458_0,4,3,3,3
257048000_957075910_0,3,2,2,3
1613639964_1613639990_0,3,3,3,3
7515360144_559787230_0,4,3,4,4
998567840_30294180_0,2,3,3,3
243339102_600830525_0,4,4,4,3
30914440_30625895_0,3,3,3,3
30555005_2579362585_0,4,3,4,3
478867151_3687119664_0,2,3,3,3
363881327_1298458117_0,3,3,3,3
178520994_178520714_0,2,3,2,3
359547244_1482182626_0,4,3,3,3
5225442151_30914390_0,3,3,3,3
387130523_31286333_0,3,3,3,3
877366730_364670659_0,3,3,3,3
1403082237_30343548_0,3,2,3,3
431481328_250794421_0,4,4,4,4
30333339_30333341_0,2,3,3,3
2192116959_11158624378_0,3,3,3,3
31285435_31285283_0,3,3,3,3
387127526_2689711017_0,3,3,3,3
330417668_288022712_0,3,3,3,3
2535159267_1350466697_0,1,2,1,1
8132079773_543553059_0,2,2,2,2
1736660281_689444890_0,2,3,2,2
415956315_30553747_0,3,3,3,3
30254803_30254785_0,2,2,2,2
279148247_243343112_0,3,3,3,3
30343642_30343416_0,2,2,2,2
561249968_1374538810_0,2,2,2,2
2087205021_288026013_0,2,3,3,3
598224643_598224644_0,2,2,2,2
9429582962_566748387_0,2,2,3,2
2606686550_770847806_0,2,3,2,2
629306908_629306915_0,2,3,3,2
1457931649_30333392_0,3,3,3,3
604943427_12923224032_0,3,3,4,4
947908704_3702993013_0,2,3,3,3
416524161_537861932_0,3,2,3,3
1100295130_3109205926_0,3,4,3,3
359238037_359238036_0,3,3,3,3
30295274_30295312_0,3,3,3,3
30237606_30237607_0,4,4,3,3
30617934_30617933_0,4,2,3,3
323161614_600061447_0,3,3,3,3
30960867_60969513_0,2,3,2,2
572064583_572064577_0,2,3,2,2
3855178234_598221107_0,3,3,3,3
4471687469_391084147_0,2,3,3,2
4811094187_426883557_0,4,3,3,4
9429582963_574969052_0,3,2,2,2
1174647432_1496412815_0,3,3,3,3
9444642712_10218940989_0,3,3,3,3
293407668_347344104_0,3,3,3,3
3306168428_3306168426_0,3,3,2,2
387130529_387130531_0,2,2,2,2
412453391_412453359_0,2,3,2,2
8162667537_8162667553_0,3,3,3,3
2129591178_420061784_0,3,2,3,3
877366725_877366733_0,3,3,3,3
3643971041_3643971045_0,3,3,3,3
866954696_30343415_0,2,3,2,2
1124790711_442540255_0,4,4,4,4
166211429_630602352_0,3,3,3,3
2665243611_387127535_0,3,3,3,3
30295134_30295135_0,3,3,3,3
8441782211_387127737_0,2,3,2,3
412370064_412370061_0,3,3,3,3
30553741_30553740_0,2,3,3,3
429742254_429742259_0,3,2,2,2
30688819_1506156403_0,2,3,2,2
30553750_126604074_0,3,3,3,3
3120231147_412466900_0,3,3,3,3
30960818_7252331255_0,4,3,3,3
30343456_30343533_0,2,3,2,3
30243449_10926004932_0,3,3,3,3
30295304_3302278209_0,3,3,3,3
416116777_416116750_0,2,2,2,2
412371000_412549139_0,4,4,4,4
178526454_3324784405_0,3,3,3,3
6695182355_6695182355_0,2,3,3,3
4691418496_2687171805_0,2,2,2,3
448786029_769906806_0,4,3,3,3
30297370_3005325720_0,3,3,3,3
412398657_409506335_0,3,3,4,3
364720393_364720250_0,3,3,3,3
4697774017_4697774019_0,2,2,3,3
30246668_30238197_0,3,3,3,3
30332601_1876385320_0,3,3,3,3
600061447_600061446_0,2,3,3,3
31286316_31286315_0,2,3,2,2
30237770_364811897_0,4,4,4,4
1012330330_178542532_0,3,4,3,4
1046599586_30689179_0,3,4,4,4
1403050970_30343398_0,1,3,2,3
387127596_30254603_0,3,3,3,3
1374801052_1374800938_0,2,2,2,2
209093243_30297911_0,1,3,1,1
1297790734_947196775_0,3,3,3,3
2129531619_2128049628_0,2,2,2,2
30332577_3945318375_0,2,3,2,2
540312592_8121510021_0,3,3,2,2
30333329_30243244_0,4,3,4,4
253795218_381897082_0,3,3,3,3
2292708327_2593809553_0,4,3,3,3
301573130_301572132_0,4,4,4,4
30254437_30556744_0,4,3,3,3
30296015_462635529_0,2,3,3,3
3439181959_209057502_0,2,1,2,2
30558557_30558558_0,3,2,3,3
30689533_4435194975_0,2,3,2,2
1695282594_3825223114_0,3,3,3,3
30313159_30313140_0,3,3,4,3
1043849999_416012204_0,3,3,3,3
30914408_1500032695_0,3,3,3,3
30247409_412398706_0,3,3,3,3
1116318687_387127614_0,4,3,4,3
829252510_573420842_0,3,3,2,2
30243312_1012330342_0,3,3,3,3
12945292492_269380178_0,3,3,4,3
253707475_536838760_0,3,3,3,3
11843222077_1303363172_0,2,3,2,2
1233754576_1233754563_0,2,3,3,2
30555979_30332652_0,3,3,3,3
506242644_506242639_0,3,3,2,2
1601776177_1601776198_0,3,3,3,3
8119755195_8119755196_0,3,3,3,3
412436535_168499059_0,4,3,4,4
955341729_8957765000_0,3,3,4,4
1046599575_31286344_0,4,4,4,4
11246122387_11246122385_0,4,3,3,4
559410529_559410527_0,4,3,4,4
1312053372_1312053384_0,3,3,4,4
30227032_30227052_0,3,3,3,3
30295106_260723606_0,3,3,3,3
552884581_552884596_0,3,3,3,3
2111252106_420058186_0,3,3,3,3
600466286_6260834970_0,2,3,2,2
3055187871_30617580_0,3,3,3,3
30343460_30343531_0,2,3,2,2
425635743_1437748521_0,3,3,3,2
1313997603_1313997605_0,2,3,2,2
559424460_506223397_0,3,4,3,4
30227159_30227131_0,3,3,3,3
947196731_2119602902_0,2,1,2,2
1902553889_7198084790_0,4,3,3,3
30243061_2264591838_0,3,3,3,3
960625586_960625583_0,2,3,2,3
556335169_2456928107_0,3,2,2,2
30314491_30313538_0,2,3,2,2
800172179_783747960_0,2,3,3,3
30294331_30294329_0,3,3,3,3
30253863_559803319_0,3,3,4,3
1139082295_449383069_0,4,4,4,4
4327379292_316877744_0,4,3,4,4
340193179_178542532_0,3,4,3,3
539147486_532408981_0,3,3,3,3
1601776177_1303457199_0,3,3,3,3
30296347_2250836595_0,2,3,2,2
434437196_402899818_0,3,3,4,3
1601776191_1303457269_0,3,3,3,3
331355857_366995867_0,4,3,4,4
126797986_12950167740_0,4,4,4,4
2128049636_2128049628_0,1,2,2,2
2589060116_319631390_0,3,4,3,3
1312053343_421265639_0,3,3,3,4
6960234560_260723993_0,4,3,4,4
30252078_168537019_0,3,3,3,3
556364163_30294669_0,3,3,2,2
533662733_7340701542_0,4,3,3,3
30254253_30254255_0,2,2,2,2
30254785_30254784_0,2,3,2,2
13859746865_13859746868_0,3,3,3,3
30313010_243338863_0,3,3,3,3
4214539546_366223121_0,2,2,2,2
30254220_442540258_0,4,4,4,4
632821157_632821186_0,2,3,2,2
688393877_412362689_0,3,4,4,3
8412738277_30688829_0,2,3,1,1
541644019_541644020_0,3,3,2,2
2408544346_2606686537_0,3,3,3,3
30227193_30227195_0,2,3,3,3
242317164_242318729_0,3,2,3,3
30343531_1636238503_0,3,2,2,2
598224749_598224741_0,2,2,2,2
597933805_30243350_0,3,3,3,3
806808402_770847836_0,3,3,3,3
30254231_30254230_0,3,3,3,3
30554849_64934032_0,3,3,2,3
1116623801_692247935_0,4,4,4,4
30295483_769906819_0,4,2,3,4
30554851_30554850_0,3,3,3,3
412464588_11242746353_0,3,3,3,3
8974093851_8974093830_0,3,3,3,3
7252348261_1377806835_0,3,3,3,3
1425252289_10782483583_0,3,2,2,2
30556093_30332653_0,3,3,3,3
979755215_1374371014_0,1,0,1,1
690679239_690679238_0,3,3,3,3
13845167536_847716886_0,2,3,3,3
1299427202_1298461690_0,3,2,2,2
30914307_30294315_0,2,3,3,3
30313348_415933868_0,3,3,3,3
30689522_30332979_0,3,3,3,3
10182331324_1532752078_0,4,4,4,4
364670521_2146914032_0,4,3,4,4
30243129_773324530_0,4,3,4,4
9794914007_269376402_0,4,4,4,4
12643425260_1312339728_0,4,4,4,4
952967440_693864923_0,4,3,3,3
13114926544_561526841_0,3,3,3,3
126679132_126785874_0,2,3,2,2
3005325687_597933816_0,3,3,3,3
364669539_364669543_0,3,3,3,3
30227158_30227134_0,3,3,2,3
3824437288_126545684_0,3,3,3,3
2505271505_8119594930_0,2,2,2,2
1312053337_1312053363_0,3,3,3,3
253790707_253790706_0,3,3,3,3
30238006_30237700_0,4,4,4,4
30294443_30294437_0,3,3,3,3
4635141743_4635141742_0,3,2,3,3
33098957_442540252_0,3,4,3,3
539147483_30294192_0,2,3,2,2
359236628_359236627_0,4,3,4,4
401798223_395305579_0,3,3,3,3
366065831_338936675_0,3,3,2,2
1852044990_420061795_0,3,3,3,3
10893712430_2819073400_0,4,3,4,4
319630104_1139082290_0,3,4,4,4
2264591782_250793737_0,4,4,4,4
30243112_260723600_0,3,3,3,3
1233754579_432510237_0,3,3,3,3
30343571_30343570_0,2,2,2,2
2188840521_7223673629_0,4,4,4,4
1947681324_930158568_0,3,3,3,3
30247434_11370726443_0,4,4,4,4
387127612_863733600_0,4,3,4,3
1933546287_376748008_0,4,3,4,4
30243058_559787238_0,4,3,4,4
30960627_9408480017_0,4,3,3,3
543552988_5331033627_0,3,3,3,3
4171977906_1401840805_0,3,3,3,3
7223680633_7223680627_0,3,3,4,3
566748388_9442009768_0,3,3,3,3
30556413_30254082_0,4,3,4,4
1621899820_1621899836_0,2,3,3,3
417979376_614623610_0,3,3,3,3
2128036141_2128036087_0,1,2,1,2
30556410_1695056491_0,3,3,3,3
431481362_431481389_0,3,3,3,3
829252500_829252510_0,3,3,3,3
30295336_30689244_0,2,3,2,3
2101902977_2101902977_1,3,3,2,2
30254593_30254592_0,2,3,2,3
30253278_30253296_0,3,3,3,3
30294709_1369500099_0,3,3,3,3
790024600_6008604431_0,3,3,3,3
251543436_687897145_0,3,3,3,3
30294339_30558560_0,3,3,2,3
2408251358_5316471787_0,2,2,2,2
2540149363_30294558_0,4,3,3,3
7040185431_30251873_0,2,2,2,2
1374370100_1818028655_0,3,2,3,3
30685341_30237630_0,4,4,4,4
30246752_559764755_0,3,3,3,3
1303363158_5163777212_0,3,2,3,3
448700549_6120152819_0,4,4,3,3
30333392_1375812340_0,4,4,3,3
4431636963_4431636973_0,3,3,3,3
2697516077_430764639_0,3,3,4,3
30236751_30248264_0,2,3,3,3
877366725_877366730_0,3,3,3,3
8530156354_4469389789_0,3,3,3,3
4323496660_5286242897_0,3,3,3,3
4834501720_30252078_0,3,3,3,3
2020393224_401795938_0,2,3,3,3
841837218_2540121387_0,3,3,3,3
30295719_30295628_0,2,2,2,2
30554043_30333338_0,3,3,2,2
1297521201_1365781116_0,3,3,3,3
30243212_30243213_0,3,4,3,3
402883140_412446052_0,3,3,3,3
506470212_330028856_0,3,3,3,3
2020393225_30618054_0,3,3,3,3
2920082947_600466286_0,2,3,2,2
30247416_30313240_0,3,3,3,3
8184529847_366213478_0,2,2,2,3
1350465987_1350466509_0,1,1,1,1
1116318859_13324378812_0,4,3,4,4
30243392_1859058465_0,4,4,3,4
30312838_30312839_0,3,3,3,3
416116731_3472804093_0,3,3,3,3
8162667556_1313997603_0,3,3,3,3
1207618829_2473393632_0,4,3,3,3
30295411_448786031_0,3,3,4,4
493241896_506242742_0,3,3,3,3
1857472201_1852768625_0,3,3,3,3
1695062667_1695059619_0,4,3,3,3
598223927_2914607832_0,2,3,3,3
530671039_532408967_0,3,3,3,3
30227153_30227158_0,2,3,3,3
1904455769_30251191_0,4,3,4,4
30689120_30295339_0,3,3,3,3
30554811_30556746_0,4,3,3,3
30558394_290025527_0,3,3,3,3
8213336141_1695282673_0,3,3,3,3
1912198609_1912198617_0,2,3,2,2
1043834102_1043834280_0,3,3,3,3
314899334_1474941218_0,3,3,3,3
1106505947_30253934_0,2,4,3,3
430764812_430764812_0,3,3,3,3
30294181_30294183_0,3,3,3,3
1044543165_1940910619_0,3,2,3,3
30312838_5711742102_0,3,3,3,3
559911553_2344314674_0,3,3,3,3
3934957717_323169030_0,3,3,3,3
30556740_30556741_0,3,3,2,3
30307934_1982155709_0,4,3,3,3
478855101_30296034_0,4,3,3,3
416116777_416116788_0,1,2,1,1
412453391_412453392_0,3,3,3,3
903833802_960625620_0,3,3,3,3
416116752_1350466761_0,1,2,1,1
30254784_690424476_0,2,2,2,2
6423993160_6423993161_0,2,2,2,2
8463439353_1365781180_0,3,3,2,2
1795369240_1795369269_0,2,1,2,2
1404124266_30343490_0,3,3,3,3
1771982095_324230925_0,4,4,4,4
30253212_30313063_0,3,3,3,3
30295247_30242955_0,3,3,3,3
420058159_2111273194_0,4,3,4,4
530676957_30294451_0,4,3,4,4
6219058269_598224982_0,3,2,3,3
2707017763_2657778372_0,3,3,3,3
904491774_904487807_0,2,2,2,2
30297381_30312841_0,2,3,3,3
30343651_30343666_0,2,2,2,2
903833763_903833764_0,3,3,3,3
13456238293_1400723087_0,3,3,3,3
30554976_30554974_0,3,3,3,3
30237615_30237616_0,3,4,4,4
30254608_957075899_0,2,2,2,2
1299373046_1299373044_0,4,3,4,4
3109574422_2560087403_0,3,3,3,3
416012198_416012206_0,3,3,3,3
5286242896_561521683_0,3,3,3,3
8473849036_3976600097_0,2,3,2,2
4111370384_4111370891_0,1,3,1,1
30295487_319429058_0,3,3,3,3
1043834102_448786043_0,3,3,4,4
690812102_690811951_0,3,3,3,3
30243329_126797989_0,4,4,4,4
689444890_9769855904_0,2,3,2,2
1307298337_390879715_0,3,2,3,3
