road_id,lden_db
206378333_6315715548_0,69.0
208568922_208568921_0,71.0
208568926_208568922_1,71.0
208595138_208595144_0,71.0
208595144_2332249073_0,71.0
211305820_211305823_0,65.0
211305823_1564374009_0,69.0
211305823_211305824_0,69.0
211305824_211305825_0,65.0
211305825_1131453368_0,69.0
211310173_211311619_0,69.0
211310173_1564374009_0,69.0
211310729_1885951241_0,69.0
211311619_211311623_0,69.0
211311623_211313493_0,69.0
211311623_1885951247_0,69.0
211313493_1885951247_0,69.0
211313493_1094296689_0,69.0
211317741_243495396_0,68.0
211317741_1187334109_0,69.0
211317741_1094296689_0,69.0
211318993_211318996_0,69.0
211318993_243494580_0,69.0
211318996_211319000_0,69.0
211318996_1843795432_0,63.0
211319000_1130841547_0,69.0
211319000_211320730_0,69.0
211320730_409137876_0,63.0
211320730_211320731_0,69.0
211320730_211319000_0,69.0
211320731_1129273462_0,69.0
211320731_211320730_0,69.0
211320732_1129273462_0,69.0
211320732_211321251_0,69.0
211321251_1763262440_0,69.0
211321253_211321896_0,69.0
211321253_728705258_0,69.0
211321256_211320732_0,69.0
211321256_211321251_0,69.0
211321896_10185494295_0,69.0
211321896_211321900_0,69.0
211321900_2187119246_0,69.0
211321900_1109639608_0,69.0
214922958_214922960_0,71.0
214922960_214922962_0,68.0
214922960_214922958_0,71.0
214922962_214922960_0,68.0
214922962_214923388_0,71.0
214923388_214924707_0,71.0
214923391_214925654_0,71.0
214923391_214924711_0,71.0
214923395_214922962_0,71.0
214923395_214923388_0,71.0
214924707_5772382726_0,71.0
214924707_214924708_0,71.0
214924708_214923391_0,71.0
214924711_214924714_0,71.0
214924714_214925862_0,71.0
214924714_214924716_0,71.0
214924716_214923395_0,71.0
214925654_4549490595_0,75.0
214925654_214924711_0,71.0
214925862_4353325945_0,71.0
214925862_214924716_0,71.0
242925411_242925494_0,71.0
242925494_11387988431_0,71.0
242925494_242925495_0,71.0
242925495_2221700186_0,71.0
242925500_242925411_0,71.0
242926973_5772382696_0,71.0
243494580_4223738581_0,69.0
243494580_211318993_0,69.0
243494580_1187722456_0,69.0
243494597_1672512429_0,68.0
243495392_243495422_0,68.0
243495392_1994627752_0,68.0
243495396_243495392_0,68.0
243495396_211317741_0,68.0
243495422_243495396_0,68.0
243495422_245491719_0,68.0
245491677_245491689_0,71.0
245491682_243494597_0,69.0
245491682_245491677_0,68.0
245491688_245491689_0,71.0
245491688_4568983477_0,68.0
245491689_245491716_0,68.0
245491689_245491688_0,71.0
245491689_245491677_0,71.0
245491716_4568983477_0,68.0
245491716_245491689_0,68.0
245491716_12180995971_0,68.0
245491716_245491719_0,68.0
245491717_245491717_0,68.0
245491717_4568983480_0,68.0
245491719_1672512207_0,68.0
245491719_245491716_0,68.0
245491719_243495422_0,68.0
245491719_1187334109_0,68.0
245491904_1693128085_0,54.0
245491904_245491906_0,63.0
245491904_1843795431_0,63.0
245491904_409137871_0,59.0
245491906_1843795432_0,63.0
245491906_245491904_0,63.0
245491906_1843795433_0,59.0
245491934_1672512178_0,59.0
245491934_11382810690_0,59.0
245935461_1562259338_0,61.0
245935861_1562259365_0,61.0
245936231_245936541_0,46.0
245936231_245936405_0,61.0
245936350_1180802572_0,61.0
245936350_245936514_0,61.0
245936353_245936513_0,46.0
245936353_245936350_0,61.0
245936370_245936371_0,61.0
245936370_245936514_0,61.0
245936370_245936393_0,46.0
245936371_245936370_0,61.0
245936371_246181265_0,61.0
245936393_245936514_0,46.0
245936393_245936395_0,46.0
245936395_245936457_0,46.0
245936395_245936513_0,46.0
245936399_245936456_0,46.0
245936399_245936401_0,46.0
245936401_245936453_0,46.0
245936401_245936405_0,46.0
245936405_245936453_0,61.0
245936453_245936456_0,61.0
245936456_10102980234_0,61.0
245936457_245936399_0,46.0
245936513_245936353_0,46.0
245936513_245936457_0,46.0
245936514_245936370_0,61.0
245936514_245936350_0,61.0
245936532_10102978858_0,46.0
245936541_245936558_0,52.0
245936541_245936532_0,46.0
245936558_245935461_0,61.0
245936609_245936532_0,52.0
245936609_245936558_0,61.0
246181265_245936371_0,61.0
246181265_246181267_0,61.0
246181267_245935861_0,63.0
246181267_246181268_0,61.0
246181268_1092263653_0,61.0
246181268_246181270_0,61.0
246181270_246181271_0,61.0
246181271_246181265_0,61.0
246181791_246181792_0,61.0
246181792_1086375812_0,54.0
246181792_2407138065_0,61.0
246182003_246181791_0,61.0
246182003_246182298_0,61.0
246182133_1091868516_0,61.0
246182298_4569344756_0,61.0
246182514_246182517_0,61.0
246182517_2407138071_0,61.0
246182517_2407138072_0,61.0
246182519_1609997967_0,63.0
246182519_246182520_0,61.0
246182520_246182522_0,63.0
246182522_1091842294_0,64.0
246182522_4560313023_0,63.0
246182757_1693797759_0,61.0
246182757_1177157014_0,61.0
246811462_246811482_0,63.0
246811464_1086375812_0,61.0
246811482_1243851790_0,63.0
246811482_4570126146_0,61.0
246811887_246811462_0,65.0
246811978_246811887_0,55.0
409128578_409137868_0,59.0
409128578_409128580_0,63.0
409128580_2143335965_0,59.0
409131078_409128578_0,59.0
409131078_2143335965_0,60.0
409131078_1512564830_0,59.0
409131078_409292136_0,60.0
409137868_1200554673_0,59.0
409137868_7839120968_0,63.0
409137869_409128580_0,59.0
409137869_409137868_0,63.0
409137871_409137869_0,63.0
409137871_245491904_0,59.0
409137876_1843795433_0,63.0
409137876_1843795432_0,59.0
409292135_1200000512_0,61.0
409292135_1109639584_0,61.0
409292136_1200005269_0,61.0
409292136_409131078_0,60.0
470891194_473480022_0,75.0
470891208_470891212_0,75.0
470891212_473476285_0,75.0
470891212_473480356_0,75.0
472447898_4556222967_0,74.0
472447898_472447916_0,74.0
472447916_473480356_0,75.0
473475862_473476286_0,75.0
473476285_4556222967_0,74.0
473479961_473480378_0,75.0
473480022_4271743735_0,75.0
473480356_473480374_0,75.0
473480374_473479961_0,75.0
473480374_473481308_0,75.0
473480378_470891208_0,75.0
473481292_473481295_0,75.0
473481292_11387988431_0,71.0
473481295_473481298_0,75.0
473481298_473481308_0,75.0
473481298_473481292_0,75.0
473481308_473479961_0,75.0
473481308_473481298_0,75.0
473593916_473593917_0,74.0
473593916_4549490595_0,74.0
473593917_4549490596_0,74.0
473593917_473593916_0,74.0
607644062_1131686638_0,56.0
607644080_1119093874_0,67.0
607644080_607644081_0,67.0
607644081_1130898039_0,57.0
607644081_607644080_0,67.0
607644081_1472993474_0,67.0
607644089_607644091_0,67.0
607644091_1134264314_0,63.0
607644091_1105149728_0,67.0
728705249_10108109102_0,60.0
728705250_728705253_0,60.0
728705250_10108109103_0,60.0
728705251_728705250_0,69.0
728705253_1200000513_0,60.0
728705256_1109639584_0,61.0
728705256_1200000512_0,61.0
728705258_728705264_0,60.0
728705258_10207349882_0,69.0
728705259_1200059348_0,68.0
728705259_1189660061_0,68.0
728705262_728705251_0,69.0
728705264_1512564830_0,60.0
728705264_2143335964_0,59.0
728705264_10108109106_0,60.0
728705271_2987193095_0,60.0
728705278_10108109105_0,60.0
728705278_728705271_0,60.0
1084139051_2404830460_0,55.0
1084139051_1094296578_0,55.0
1084139081_1084139051_0,55.0
1085377805_1177157058_0,61.0
1085377805_1609997995_0,61.0
1085377812_1094360581_0,57.0
1085377812_1609998009_0,63.0
1086361193_246181791_0,54.0
1086361193_1305278134_0,61.0
1086375812_1086361193_0,61.0
1086375875_1512110629_0,59.0
1086375875_1249875748_0,63.0
1091826692_1177183161_0,54.0
1091826692_1177183150_0,64.0
1091826692_1091842307_0,64.0
1091842257_6447291071_0,57.0
1091842257_1091842307_0,57.0
1091842276_1609997967_0,63.0
1091842276_1512110522_0,54.0
1091842276_1177120060_0,63.0
1091842279_1383136506_0,55.0
1091842279_1096513772_0,55.0
1091842279_1177157058_0,61.0
1091842279_1104969800_0,61.0
1091842294_1177120050_0,64.0
1091842294_2407138065_0,61.0
1091842307_1091842257_0,57.0
1091842307_1091826692_0,64.0
1091842307_1091842327_0,64.0
1091842327_1095440376_0,54.0
1091842327_1094237241_0,64.0
1091842327_1091842307_0,64.0
1091868516_1091868533_0,61.0
1091868516_4620449099_0,61.0
1091868517_4584610471_0,61.0
1091868533_1091868517_0,61.0
1091868533_1091868517_1,54.0
1091868583_1113674840_0,46.0
1092205604_1094077893_0,56.0
1092219000_1169035416_0,46.0
1092219000_1092219016_0,59.0
1092219005_1092472096_0,59.0
1092219005_1624926347_0,63.0
1092219005_1092219019_0,63.0
1092219016_1113674854_0,59.0
1092219016_1169035403_0,46.0
1092219016_1180833970_0,59.0
1092219019_1092219005_0,63.0
1092219019_1086375875_0,63.0
1092219034_1180833970_0,46.0
1092219034_1113674842_0,46.0
1092219071_1169035390_0,59.0
1092247422_1092247431_0,46.0
1092247422_1113674857_0,46.0
1092247431_1113674859_0,46.0
1092247444_1113674836_0,59.0
1092247444_1092247422_0,46.0
1092247454_1094296530_0,59.0
1092247454_1180833967_0,46.0
1092247454_1092247444_0,46.0
1092247492_1113674820_0,59.0
1092247492_6289097043_0,46.0
1092247501_1113674833_0,59.0
1092247501_1092247492_0,46.0
1092247529_1092219071_0,46.0
1092247529_1113674842_0,46.0
1092247552_1095439448_0,59.0
1092263653_246182133_0,61.0
1092263653_1562259326_0,54.0
1092263787_1092263800_0,46.0
1092263787_1113674852_0,59.0
1092263800_1512110633_0,46.0
1092472096_1092247552_0,59.0
1092472096_1094296489_0,62.0
1092472112_1512110745_0,46.0
1092472112_1145637534_0,59.0
1094077853_1512110633_0,46.0
1094077853_6289097043_0,59.0
1094077886_1095439849_0,61.0
1094077886_1092205604_0,61.0
1094077893_1094077886_0,56.0
1094077893_1094077905_0,56.0
1094077905_1092247501_0,59.0
1094077905_4087742279_0,56.0
1094077912_1094077905_0,56.0
1094077933_6447291071_0,57.0
1094077933_1094077936_0,57.0
1094077933_1177120124_0,54.0
1094077936_1177120079_0,57.0
1094077936_1177120124_0,57.0
1094077936_1094077933_0,57.0
1094077940_1094237195_0,57.0
1094077940_1094360581_0,57.0
1094237192_1128236277_0,54.0
1094237195_1094077940_0,57.0
1094237195_1094237192_0,54.0
1094237195_1177120124_0,57.0
1094237241_1094237264_0,64.0
1094237264_1094237297_0,64.0
1094237264_1128236277_0,63.0
1094237291_1091842327_0,64.0
1094237291_1094237241_0,64.0
1094237297_1624926347_0,63.0
1094296489_4087742266_0,62.0
1094296524_1094296530_0,46.0
1094296530_1113674838_0,59.0
1094296530_1094296524_0,46.0
1094296578_1383136506_0,55.0
1094296578_1084139051_0,55.0
1094296604_1116354114_0,55.0
1094296604_1094296578_0,55.0
1094296689_211313493_0,69.0
1094296689_211317741_0,69.0
1094296777_1094296854_0,54.0
1094296777_1094296777_0,54.0
1094296854_1094296777_0,54.0
1094296854_1091842327_0,54.0
1094360098_1094360174_0,62.0
1094360098_1609997963_0,62.0
1094360109_1094360098_0,58.0
1094360111_1094360109_0,58.0
1094360143_1609997988_0,63.0
1094360174_1094360207_0,62.0
1094360174_1609997963_0,62.0
1094360207_1094360224_0,62.0
1094360207_1094360174_0,62.0
1094360224_1094360531_0,62.0
1094360277_1134266124_0,62.0
1094360277_1094360283_0,62.0
1094360283_1094360537_0,61.0
1094360316_1094360320_0,57.0
1094360316_1094360371_0,57.0
1094360320_1094360316_0,57.0
1094360320_1094360592_0,57.0
1094360355_1094360316_0,57.0
1094360355_1094360371_0,57.0
1094360371_1094360207_0,57.0
1094360371_1094360224_0,57.0
1094360498_1094360355_0,63.0
1094360498_1095440291_0,63.0
1094360531_1094360277_0,62.0
1094360531_1094360283_0,62.0
1094360537_5346948499_0,62.0
1094360537_1094360498_0,63.0
1094360581_1085377812_0,57.0
1094360581_1094360320_0,57.0
1094360592_1095440240_0,57.0
1094360592_1094077940_0,57.0
1095439352_1095439863_0,62.0
1095439366_1095439352_0,56.0
1095439366_1095439659_0,56.0
1095439377_1095439435_0,56.0
1095439377_1095439366_0,56.0
1095439387_1095439377_0,56.0
1095439387_1095439470_0,56.0
1095439392_1095439387_0,56.0
1095439392_1095439401_0,62.0
1095439401_1113674835_0,56.0
1095439401_4087742266_0,62.0
1095439435_1094077912_0,56.0
1095439448_1092247501_0,59.0
1095439448_4087742279_0,56.0
1095439470_1095440086_0,56.0
1095439489_1131141541_0,62.0
1095439489_1243851855_0,56.0
1095439501_1188131659_0,62.0
1095439501_1095440068_0,62.0
1095439505_1116623956_0,59.0
1095439505_1512110718_0,63.0
1095439556_1095440068_0,62.0
1095439556_4087692906_0,62.0
1095439603_1095439377_0,56.0
1095439603_1095439556_0,56.0
1095439629_1188085598_0,62.0
1095439629_1672512265_0,62.0
1095439659_1095439629_0,62.0
1095439681_1095439863_0,62.0
1095439681_1095439702_0,62.0
1095439702_1096529613_0,62.0
1095439702_4087692913_0,62.0
1095439849_1094077886_0,61.0
1095439849_1095439352_0,56.0
1095439863_1095439681_0,62.0
1095439863_1095439882_0,62.0
1095439882_1145610668_0,56.0
1095439882_1095439849_0,56.0
1095440068_1095439556_0,62.0
1095440068_1095439470_0,56.0
1095440086_1095440188_0,62.0
1095440086_1095439501_0,62.0
1095440170_1095440188_0,62.0
1095440188_1095439489_0,62.0
1095440188_1095440086_0,62.0
1095440240_1094360592_0,57.0
1095440240_1095440295_0,63.0
1095440291_1095440295_0,63.0
1095440291_1131141534_0,56.0
1095440291_1094360498_0,63.0
1095440295_1095440291_0,63.0
1095440295_1096529573_0,63.0
1095440376_1095440543_0,54.0
1095440425_1128236277_0,63.0
1095440425_1095440240_0,57.0
1095440543_1095440376_0,54.0
1095440543_1094237192_0,54.0
1096507243_2404830460_0,62.0
1096507245_1116354100_0,55.0
1096507245_246182757_0,55.0
1096513760_1096513772_0,55.0
1096513772_1177157024_0,55.0
1096529573_1095440425_0,63.0
1096529577_1096529573_0,56.0
1096529577_1131141534_0,62.0
1096529607_1672512265_0,62.0
1096529607_1095439603_0,56.0
1096529613_1095439659_0,56.0
1096529613_1095439702_0,62.0
1104961855_1084139081_0,62.0
1104961855_1119033380_0,62.0
1105037070_4087692901_0,63.0
1105037070_1105149745_0,62.0
1105037086_1131141538_0,59.0
1105149728_1130882694_0,63.0
1105149728_1134264310_0,65.0
1105149745_1105037070_0,62.0
1105149745_5401631423_0,62.0
1105149764_1187706670_0,61.0
1105149764_5345118961_0,61.0
1105149764_1130882703_0,59.0
1105149775_1116623956_0,61.0
1105149775_1512110718_0,59.0
1105149778_1512110711_0,61.0
1105149778_1116623855_0,59.0
1108381682_1108381685_0,59.0
1108381682_1105149745_0,63.0
1108381685_4087692901_0,63.0
1108381685_1095439505_0,59.0
1108381695_5401629314_0,59.0
1108381701_1119065594_0,59.0
1109639584_409292136_0,61.0
1109639597_10093451978_0,69.0
1109639597_1109639608_0,69.0
1109639608_4558538598_0,69.0
1113674820_1092247552_0,46.0
1113674820_1092219019_0,59.0
1113674833_1092205604_0,61.0
1113674833_1092247454_0,59.0
1113674835_1095439435_0,56.0
1113674835_1095439387_0,56.0
1113674836_1092247492_0,59.0
1113674836_1113674833_0,61.0
1113674838_1092219000_0,59.0
1113674838_1180833968_0,46.0
1113674839_1094296489_0,56.0
1113674839_1094077912_0,56.0
1113674839_1113674835_0,56.0
1113674840_1092247529_0,46.0
1113674840_1113674859_0,61.0
1113674840_1180802572_0,61.0
1113674842_1113674857_0,46.0
1113674842_1092247431_0,46.0
1113674852_1113674836_0,61.0
1113674852_1092247422_0,46.0
1113674854_1113674838_0,46.0
1113674854_1092247444_0,59.0
1113674856_1096529577_0,62.0
1113674856_1131141541_0,56.0
1113674857_1113674854_0,46.0
1113674857_1092219034_0,46.0
1113674859_1092263800_0,59.0
1113674859_1113674852_0,61.0
1116354114_1094296604_0,55.0
1116623855_1105037086_0,59.0
1116623855_1095439505_0,63.0
1116623956_1105149778_0,61.0
1116623956_1512110733_0,59.0
1119033360_1104961855_0,62.0
1119033368_1134264331_0,58.0
1119033368_1119033371_0,58.0
1119033371_1186101444_0,58.0
1119033371_1134264331_0,58.0
1119033371_1094360109_0,58.0
1119033380_1119033368_0,58.0
1119033380_1094360111_0,62.0
1119033381_1187722477_0,58.0
1119065594_1119065601_0,62.0
1119065594_1119065624_0,62.0
1119065601_1134266148_0,62.0
1119065619_1119065624_0,62.0
1119065619_1119065601_0,62.0
1119065624_1119065718_0,62.0
1119065628_1119104444_0,57.0
1119065633_4569285099_0,62.0
1119065633_1119065641_0,62.0
1119065641_1119065648_0,46.0
1119065648_1119065698_0,62.0
1119065648_1119065628_0,62.0
1119065698_1119065780_0,62.0
1119065718_1140034971_0,57.0
1119065718_1119065734_0,62.0
1119065732_1108381701_0,62.0
1119065734_10095475579_0,62.0
1119065734_1119065732_0,62.0
1119065774_1119065628_0,62.0
1119065774_1119065698_0,62.0
1119065780_1119065619_0,62.0
1119093840_1119065641_0,62.0
1119093840_4569285099_0,62.0
1119093872_1119093874_0,67.0
1119093874_1119093895_0,62.0
1119093874_607644080_0,67.0
1119093895_1124981438_0,64.0
1119093895_1119093896_0,62.0
1119093896_1119093915_0,57.0
1119093915_1119093920_0,57.0
1119093915_4358780505_0,57.0
1119093920_4358780493_0,62.0
1119093920_1119093872_0,62.0
1119093947_1119093840_0,62.0
1119104426_1119104440_0,57.0
1119104427_1119104426_0,57.0
1119104427_607644080_0,57.0
1119104440_1119104444_0,57.0
1119104443_1119104440_0,57.0
1119104443_1187702159_0,61.0
1119104444_1119065633_0,57.0
1119106283_1119106285_0,57.0
1119106283_4358780505_0,57.0
1119106285_4358780513_0,57.0
1119106285_4358780524_0,57.0
1119106285_1119106283_0,57.0
1119106303_1131137281_0,57.0
1119106303_4358780516_0,54.0
1119694752_1512110725_0,59.0
1119694752_1119065732_0,62.0
1124937218_1119093947_0,62.0
1124981404_1124981406_0,59.0
1124981404_2142861448_0,59.0
1124981406_1512110789_0,61.0
1124981406_1124981410_0,64.0
1124981410_1124981411_0,64.0
1124981410_1124981413_0,64.0
1124981411_1243851740_0,64.0
1124981413_607644081_0,64.0
1124981413_1124981438_0,64.0
1124981427_1134264311_0,64.0
1124981427_1676387272_0,63.0
1124981438_1124981460_0,64.0
1124981460_1124981411_0,64.0
1124981481_1119093896_0,64.0
1124981481_1124981460_0,64.0
1128236277_1095440425_0,63.0
1128236277_1113674856_0,56.0
1128236277_1094237264_0,63.0
1129273455_1134266124_0,62.0
1129273455_1186077444_0,62.0
1129273455_1186101430_0,58.0
1129273459_1672512394_0,59.0
1129273462_4558538601_0,69.0
1129273462_1134251269_0,69.0
1129273462_211320731_0,69.0
1129273462_211320732_0,69.0
1129276619_1134264331_0,62.0
1129276619_1119033360_0,62.0
1129276619_1186538320_0,62.0
1129276631_1186538320_0,62.0
1130841540_1134264295_0,64.0
1130841540_1130841542_0,72.0
1130841542_1130841543_0,72.0
1130841543_1130841546_0,72.0
1130841546_211318993_0,69.0
1130841547_1130841546_0,65.0
1130841547_1130841550_0,65.0
1130841550_1131425395_0,65.0
1130841550_1134264320_0,69.0
1130841552_1130841555_0,65.0
1130841552_1130841542_0,65.0
1130841555_1134264311_0,64.0
1130841555_1676387272_0,64.0
1130841563_1134264315_0,62.0
1130841563_1130841567_0,64.0
1130841567_1124981404_0,64.0
1130882691_1134264314_0,59.0
1130882691_607644089_0,63.0
1130882694_1130882708_0,63.0
1130882703_1130882691_0,63.0
1130882703_1130882706_0,59.0
1130882706_1134264292_0,63.0
1130882706_1130882708_0,59.0
1130882708_1134264305_0,63.0
1130882708_1130882711_0,59.0
1130882711_1134264306_0,55.0
1130882711_1472990982_0,63.0
1130898034_1134264316_0,63.0
1130898034_1130898075_0,57.0
1130898039_1119104426_0,57.0
1130898039_1512110783_0,57.0
1130898043_607644080_0,64.0
1130898047_1134264316_0,57.0
1130898057_1130882703_0,63.0
1130898057_1134264332_0,59.0
1130898069_1134264324_0,63.0
1130898069_1134264318_0,59.0
1130898075_1130898047_0,64.0
1130908708_1134264324_0,59.0
1130908709_1187702159_0,56.0
1130908710_1187402195_0,55.0
1130908717_1512110668_0,62.0
1130908717_1130908719_0,57.0
1130908719_1130908720_0,57.0
1130908720_1130898034_0,63.0
1130908720_1134266155_0,59.0
1131137281_4358780510_0,57.0
1131137281_4358780504_0,57.0
1131141534_1131141543_0,56.0
1131141538_1131141543_0,62.0
1131141538_1105037070_0,62.0
1131141541_1095439392_0,62.0
1131141543_1095440170_0,62.0
1131425389_1134264326_0,69.0
1131425393_1134264326_0,69.0
1131425393_1131425395_0,69.0
1131425395_1130841552_0,65.0
1131425423_1134251269_0,69.0
1131453368_1885951239_0,65.0
1131686638_1473068231_0,64.0
1131686638_1130841543_0,56.0
1131686685_1472990981_0,55.0
1131686685_1134264304_0,65.0
1134251269_1131425389_0,59.0
1134264292_1130898069_0,63.0
1134264292_1130898057_0,59.0
1134264295_1512110722_0,64.0
1134264304_1130841540_0,65.0
1134264304_1131686685_0,65.0
1134264305_1134264318_0,63.0
1134264305_1134264292_0,59.0
1134264306_1130898047_0,55.0
1134264309_1130908719_0,62.0
1134264309_5401629306_0,59.0
1134264310_1134264304_0,65.0
1134264310_1124981427_0,63.0
1134264311_1130841540_0,64.0
1134264312_1130898057_0,63.0
1134264312_1130898069_0,59.0
1134264314_1130882706_0,63.0
1134264314_1130882694_0,59.0
1134264315_1124981427_0,64.0
1134264315_1105149728_0,62.0
1134264316_1130882711_0,63.0
1134264316_1134264305_0,59.0
1134264318_1134266155_0,63.0
1134264318_1130898034_0,59.0
1134264320_1131425389_0,69.0
1134264320_211320731_0,59.0
1134264324_1134264333_0,59.0
1134264324_1512110713_0,63.0
1134264326_1131425393_0,69.0
1134264326_1109639597_0,69.0
1134264326_1131425423_0,69.0
1134264330_1130908709_0,59.0
1134264331_1648826945_0,58.0
1134264331_1129276619_0,62.0
1134264332_1134264312_0,59.0
1134264332_1134264330_0,61.0
1134264333_1134264312_0,63.0
1134264333_1134264330_0,59.0
1134266124_1094360277_0,62.0
1134266124_1108381695_0,59.0
1134266124_1129273455_0,62.0
1134266148_1119065774_0,61.0
1134266148_1153010098_0,59.0
1134266155_1134266158_0,63.0
1134266158_1130908708_0,63.0
1134266158_5401629306_0,59.0
1140034957_1140076085_0,57.0
1140034970_1140034971_0,57.0
1140034970_1143654568_0,57.0
1140034970_1243851685_0,57.0
1140034971_1143654563_0,57.0
1140034971_1140034957_0,57.0
1140034972_1140034975_0,46.0
1140034972_1140057812_0,46.0
1140034975_1140035000_0,46.0
1140034975_1140035000_1,46.0
1140035000_1140057812_0,46.0
1140035000_1140057797_0,46.0
1140057797_1140057800_0,46.0
1140057800_1141178073_0,46.0
1140057812_1140057797_0,46.0
1140076085_1140034972_0,46.0
1140076090_1140057800_0,46.0
1140076090_1140076103_0,46.0
1140076103_1143654563_0,57.0
1140076103_1140076106_0,57.0
1140076106_1140034957_0,57.0
1140076106_1140076085_0,57.0
1141178073_1141178094_0,46.0
1141178073_1141178123_0,46.0
1141178073_1145245224_0,46.0
1141178094_1141178104_0,46.0
1141178104_1141178116_0,46.0
1141178104_1512110781_0,54.0
1141178116_1140076090_0,46.0
1141178123_1141178134_0,46.0
1141178123_1141178073_0,46.0
1141178123_1145245219_0,46.0
1141178134_1141178123_0,46.0
1141178134_1141178136_0,46.0
1141178136_1141178134_0,46.0
1141178136_1141191818_0,46.0
1141191817_1145304334_0,46.0
1141191817_1512110760_0,46.0
1141191818_1512110760_0,46.0
1141191818_1141178136_0,46.0
1143654563_1143654564_0,57.0
1143654563_1145592667_0,57.0
1143654564_1512110781_0,54.0
1143654564_1141178116_0,46.0
1143654568_1140034970_0,57.0
1143654568_1141191816_0,57.0
1143654568_1145245213_0,46.0
1145245213_1145245214_0,46.0
1145245213_1145304351_0,54.0
1145245213_1143654568_0,46.0
1145245214_1145264729_0,46.0
1145245214_1145245213_0,46.0
1145245214_1145245219_0,46.0
1145245219_1145245224_0,46.0
1145245219_1141178123_0,46.0
1145245219_1145264718_0,46.0
1145245219_1145245214_0,46.0
1145245224_1145304351_0,54.0
1145245224_1141178073_0,46.0
1145245224_1145245219_0,46.0
1145264718_1145245219_0,46.0
1145264718_1141191818_0,46.0
1145264719_1145264721_0,46.0
1145264721_1145264719_0,46.0
1145264721_1145304336_0,46.0
1145264721_1141191818_0,46.0
1145264729_1145264718_0,46.0
1145304334_1141191816_0,57.0
1145304336_1145264721_0,46.0
1145304336_1512110745_0,46.0
1145304351_1145304362_0,54.0
1145304351_1145592665_0,54.0
1145304362_1141178094_0,54.0
1145592665_1145592667_0,54.0
1145592667_1143654568_0,57.0
1145592711_1092472112_0,46.0
1145592711_1145610668_0,59.0
1145610668_1095439882_0,56.0
1145610668_1092472112_0,59.0
1145610671_1145637542_0,46.0
1145610671_1145610672_0,46.0
1145610672_1145637561_0,46.0
1145637534_1512564831_0,59.0
1145637534_1145637535_0,46.0
1145637535_1145637561_0,46.0
1145637542_1145637552_0,46.0
1145637542_1145644758_0,46.0
1145637542_1145657870_0,46.0
1145637552_1145637567_0,46.0
1145637552_1145637535_0,46.0
1145637561_1512564831_0,46.0
1145637567_1145637552_0,46.0
1145637574_1145610672_0,46.0
1145637574_1145610671_0,46.0
1145644758_1145637542_0,46.0
1145657870_1169016378_0,46.0
1145657870_1169035414_0,46.0
1153010098_1672512313_0,56.0
1153010098_1512110748_0,59.0
1169016284_1169016298_0,46.0
1169016284_1169016378_0,46.0
1169016298_1169016284_0,46.0
1169016298_1169016353_0,46.0
1169016353_1169016298_0,46.0
1169016378_8706350395_0,46.0
1169035368_1169035371_0,46.0
1169035368_1169035433_0,46.0
1169035371_1169035384_0,46.0
1169035371_1169035376_0,46.0
1169035376_1169035388_0,46.0
1169035376_1092219071_0,46.0
1169035384_1169035371_0,46.0
1169035388_1169035376_0,46.0
1169035390_1180833970_0,59.0
1169035390_1169035376_0,46.0
1169035403_1092219016_0,46.0
1169035403_1169035368_0,46.0
1169035414_1169035416_0,46.0
1169035414_1169035403_0,46.0
1169035416_1145637574_0,46.0
1169035433_1169035368_0,46.0
1177120041_10106993225_0,54.0
1177120044_1177120041_0,54.0
1177120044_1177120047_0,54.0
1177120047_1177120059_0,54.0
1177120050_1177183156_0,64.0
1177120050_1512110522_0,54.0
1177120050_1091842294_0,64.0
1177120059_1177120060_0,54.0
1177120060_1177157005_0,63.0
1177120060_1091842276_0,63.0
1177120071_1177157005_0,63.0
1177120071_1177120059_0,54.0
1177120071_1177120098_0,63.0
1177120079_1094077936_0,57.0
1177120079_1177120041_0,54.0
1177120079_1177120094_0,54.0
1177120094_1177120079_0,54.0
1177120098_1177120044_0,54.0
1177120098_10106993225_0,63.0
1177120098_1177120071_0,63.0
1177120124_1094237195_0,57.0
1177120124_1094077936_0,57.0
1177156992_1177156995_0,54.0
1177156992_1177157035_0,54.0
1177156995_1177157005_0,54.0
1177156995_1177157016_0,54.0
1177157005_1177156995_0,54.0
1177157005_1177120071_0,63.0
1177157005_1177120060_0,63.0
1177157014_2407138071_0,61.0
1177157014_246182757_0,61.0
1177157014_1177157016_0,54.0
1177157016_1177156992_0,54.0
1177157016_1177157014_0,54.0
1177157024_12181435188_0,54.0
1177157024_12181435186_0,55.0
1177157035_1177156992_0,54.0
1177157035_12181435188_0,54.0
1177157035_1177157058_0,54.0
1177157058_1085377805_0,61.0
1177157058_1091842279_0,61.0
1177183150_1091826692_0,64.0
1177183150_1177183156_0,64.0
1177183150_1177183156_1,64.0
1177183156_1177120050_0,64.0
1177183156_1177183150_0,64.0
1177183161_1180750433_0,54.0
1177183161_246182003_0,54.0
1180686279_1180686283_0,54.0
1180686279_1512564829_0,54.0
1180686283_1180686279_0,54.0
1180727051_1180686279_0,54.0
1180727051_1512110572_0,54.0
1180750433_1512564829_0,54.0
1180750433_4569344752_0,54.0
1180750434_1180727051_0,54.0
1180750443_1091868583_0,46.0
1180750443_1512110622_0,46.0
1180802572_1113674840_0,61.0
1180802572_1243851768_0,61.0
1180833967_1092247454_0,46.0
1180833968_1113674838_0,46.0
1180833970_1092219034_0,46.0
1180833970_1092219016_0,59.0
1186060828_1108381682_0,63.0
1186060828_5401629305_0,54.0
1186077444_1129273455_0,62.0
1186101430_1512110646_0,58.0
1186101444_1512110646_0,54.0
1186101444_1186101445_0,58.0
1186101444_1186538328_0,58.0
1186101445_1186538328_0,58.0
1186101445_1186101459_0,58.0
1186101445_1119033381_0,58.0
1186101459_1187402076_0,62.0
1186538320_1129276631_0,62.0
1186538320_1186538333_0,54.0
1186538320_1129276619_0,62.0
1186538328_1186101430_0,58.0
1186538328_1186538346_0,54.0
1186538333_1186538320_0,54.0
1186538346_1186538328_0,54.0
1187334109_1512110626_0,69.0
1187334109_211317741_0,69.0
1187402076_1187402139_0,62.0
1187402076_1187402195_0,62.0
1187672560_1187706670_0,61.0
1187672560_1119104443_0,61.0
1187672580_1187672560_0,61.0
1187672580_1134264332_0,59.0
1187702147_1188131652_0,56.0
1187702147_1512110715_0,56.0
1187702159_1187672580_0,61.0
1187706670_1187672560_0,61.0
1187706670_1105149764_0,61.0
1187722456_243494580_0,69.0
1187722456_1512110626_0,69.0
1187722477_1129276619_0,62.0
1187722477_2404853941_0,62.0
1187722485_1187722456_0,58.0
1187722485_10098682767_0,58.0
1188085576_1512110715_0,56.0
1188085576_1188131642_0,56.0
1188085598_1096529613_0,56.0
1188085605_1512110737_0,56.0
1188131630_1512110748_0,56.0
1188131635_1188131638_0,54.0
1188131635_1512110725_0,54.0
1188131638_1119694752_0,62.0
1188131642_1188131652_0,56.0
1188131642_1188131635_0,54.0
1188131652_1188085598_0,56.0
1188131655_1187702147_0,56.0
1188131659_1512110711_0,56.0
1188131659_1116623855_0,63.0
1189660030_1200015496_0,60.0
1189660030_1200015481_0,60.0
1189660045_4353325940_0,75.0
1189660045_1192963700_0,74.0
1189660061_728705262_0,68.0
1189660062_1189660061_0,68.0
1190021712_1512110651_0,68.0
1190021712_1189660062_0,68.0
1190021724_12463364889_0,74.0
1190021724_1190021755_0,74.0
1190021755_1189660030_0,60.0
1192963700_1190021724_0,74.0
1200000507_1258265825_0,61.0
1200000507_1200000508_0,60.0
1200000508_1200000510_0,61.0
1200000510_728705256_0,61.0
1200000512_1200059344_0,60.0
1200000513_1200000508_0,61.0
1200000513_1258265825_0,61.0
1200005204_1200038216_0,60.0
1200005269_1200015397_0,61.0
1200005269_1200005204_0,61.0
1200015397_1200015405_0,61.0
1200015397_7839120969_0,63.0
1200015405_1200015410_0,63.0
1200015410_1200024385_0,61.0
1200015416_1200005204_0,61.0
1200015416_1200015405_0,61.0
1200015419_1200015472_0,60.0
1200015472_1200015481_0,60.0
1200015472_1200015496_0,60.0
1200015481_1189660045_0,74.0
1200015496_1200015416_0,60.0
1200024335_1200015419_0,61.0
1200024335_1200024387_0,61.0
1200024345_1200024335_0,61.0
1200024385_1200024387_0,61.0
1200024385_1200015419_0,61.0
1200024387_1200024627_0,61.0
1200024396_1200024345_0,61.0
1200024396_1200024401_0,61.0
1200024401_1672512252_0,61.0
1200024627_2143335953_0,63.0
1200024627_1200024396_0,61.0
1200028693_1200038211_0,74.0
1200038211_1512110648_0,60.0
1200038211_1200059342_0,68.0
1200038216_1200059347_0,60.0
1200038216_409292135_0,60.0
1200059342_1512110651_0,68.0
1200059342_1189660062_0,68.0
1200059344_1200000507_0,60.0
1200059345_1190021712_0,68.0
1200059346_1200059347_0,60.0
1200059346_1512110664_0,60.0
1200059346_1512110648_0,60.0
1200059347_1200059346_0,60.0
1200059347_1200038216_0,60.0
1200059348_1200059345_0,60.0
1200059348_1512110684_0,60.0
1200554673_1200554688_0,59.0
1200554673_2088186040_0,54.0
1200554688_1200554673_0,59.0
1200580244_1130898075_0,64.0
1200580244_1130908717_0,57.0
1243851685_1140034970_0,57.0
1243851685_1095439681_0,62.0
1243851740_10207374186_0,64.0
1243851740_1243851777_0,64.0
1243851768_245935463_0,61.0
1243851768_10102980234_0,61.0
1243851777_1124981481_0,64.0
1243851790_4570126146_0,63.0
1243851790_2407138066_0,63.0
1243851855_1096529577_0,56.0
1243851855_1095440170_0,56.0
1249875748_1512110572_0,63.0
1249875748_1180686279_0,54.0
1258265825_728705259_0,68.0
1305278134_4584610470_0,61.0
1383136506_1091842279_0,55.0
1383136506_1094296604_0,55.0
1416545434_1416545428_0,71.0
1472990981_1134264306_0,55.0
1472990982_1472990981_0,55.0
1472990982_1134264310_0,63.0
1472993474_5345118960_0,57.0
1472993474_607644081_0,67.0
1472993474_5346954184_0,67.0
1473068231_1473068233_0,56.0
1473068231_1134264295_0,64.0
1512110522_1091842257_0,54.0
1512110522_1177120047_0,54.0
1512110572_246181271_0,63.0
1512110572_1180750443_0,46.0
1512110622_1512110629_0,46.0
1512110622_1249875748_0,59.0
1512110626_1512110649_0,62.0
1512110626_1187334109_0,69.0
1512110626_1187722456_0,69.0
1512110629_1113674820_0,46.0
1512110629_1094077853_0,59.0
1512110633_1091868583_0,46.0
1512110633_1512110622_0,59.0
1512110646_1186101444_0,54.0
1512110646_1119033371_0,58.0
1512110648_1190021755_0,74.0
1512110648_1200059346_0,60.0
1512110649_1186101459_0,62.0
1512110649_1187722485_0,58.0
1512110649_1187722477_0,58.0
1512110651_1512110648_0,68.0
1512110651_1512110664_0,60.0
1512110655_1108381695_0,62.0
1512110655_1129273455_0,59.0
1512110664_1512110684_0,60.0
1512110664_1200059345_0,60.0
1512110668_1134264309_0,59.0
1512110668_1512110655_0,62.0
1512110681_1512110655_0,59.0
1512110681_1134264309_0,62.0
1512110684_1200059344_0,60.0
1512110684_1200059347_0,60.0
1512110711_4087692906_0,61.0
1512110711_1188131655_0,56.0
1512110713_1108381685_0,63.0
1512110713_1186060828_0,59.0
1512110715_1105149778_0,59.0
1512110715_1512110733_0,56.0
1512110718_1512110713_0,59.0
1512110718_1134264333_0,63.0
1512110722_1472990853_0,55.0
1512110722_1131686685_0,64.0
1512110725_1188085576_0,59.0
1512110725_1512110746_0,56.0
1512110733_1512110737_0,59.0
1512110733_1188131630_0,56.0
1512110737_1188085576_0,56.0
1512110737_1512110746_0,59.0
1512110745_1141191817_0,46.0
1512110745_1145304334_0,46.0
1512110746_1108381701_0,59.0
1512110746_1188131628_0,56.0
1512110748_1188131630_0,56.0
1512110748_1130908709_0,56.0
1512110760_1141191818_0,46.0
1512110760_1145304336_0,46.0
1512110760_1145264729_0,46.0
1512110760_1141191817_0,46.0
1512110781_1145304362_0,54.0
1512110781_1145592665_0,54.0
1512110783_1105149764_0,57.0
1512110783_1187706670_0,57.0
1512110786_1134264315_0,64.0
1512110786_1124981413_0,64.0
1512110786_5346954184_0,61.0
1512110786_1512110789_0,61.0
1512110789_1130841567_0,64.0
1512110789_1512110786_0,61.0
1512564829_1086375875_0,54.0
1512564829_1094296854_0,54.0
1512564830_1200000510_0,60.0
1512564831_1092219000_0,59.0
1512564831_1145592711_0,46.0
1562259320_288944159_0,61.0
1562259320_245936609_0,61.0
1562259326_1777427676_0,61.0
1562259338_245936231_0,61.0
1562259338_245935463_0,61.0
1562259365_8426609760_0,61.0
1562259365_10102978853_0,54.0
1564374009_211305824_0,69.0
1564374009_211310173_0,69.0
1609997963_2484613878_0,62.0
1609997967_1091842276_0,63.0
1609997967_246182520_0,63.0
1609997988_1094360111_0,62.0
1609997988_1084139081_0,62.0
1609997995_2484613875_0,63.0
1609997995_1085377812_0,57.0
1609998009_10106993225_0,63.0
1609998009_1085377805_0,63.0
1624926347_1092219005_0,63.0
1624926347_1094237291_0,63.0
1648826945_1119033381_0,58.0
1648826945_1186101444_0,58.0
1672512155_1672512452_0,60.0
1672512178_1200024401_0,59.0
1672512187_1672512245_0,65.0
1672512207_245491719_0,68.0
1672512207_1672512375_0,68.0
1672512233_11382810685_0,65.0
1672512233_2404835470_0,65.0
1672512245_1672512207_0,68.0
1672512245_11382810675_0,65.0
1672512252_1672512439_0,65.0
1672512265_1188131655_0,54.0
1672512265_1096529607_0,62.0
1672512265_1095439629_0,62.0
1672512276_4347724102_0,71.0
1672512313_1153010098_0,56.0
1672512320_1200024345_0,61.0
1672512320_1672512252_0,60.0
1672512342_1672512353_0,60.0
1672512342_4558577507_0,60.0
1672512344_4554626299_0,65.0
1672512353_12180995970_0,60.0
1672512375_1672512155_0,65.0
1672512375_1672512344_0,65.0
1672512394_1109639597_0,69.0
1672512394_1131425393_0,69.0
1672512406_2404835470_0,65.0
1672512406_1672512187_0,65.0
1672512429_1672512435_0,68.0
1672512429_1672512276_0,68.0
1672512435_1672512342_0,60.0
1672512439_1672512155_0,65.0
1672512439_1672512344_0,65.0
1672512452_1672512353_0,60.0
1672512452_4558577507_0,60.0
1676387272_1130841563_0,64.0
1693128085_245491904_0,54.0
1693797759_1693806116_0,61.0
1693797759_246811978_0,55.0
1693806115_246182757_0,61.0
1693806116_1693806115_0,61.0
1693806116_1885951244_0,61.0
1763262440_4558538601_0,60.0
1763262440_211321253_0,69.0
1777427676_245935861_0,61.0
1843795431_2088186040_0,59.0
1843795431_245491904_0,63.0
1843795431_2143335953_0,63.0
1843795432_245491934_0,59.0
1843795432_211318996_0,63.0
1843795432_245491906_0,63.0
1843795433_409137871_0,63.0
1885951239_246811978_0,55.0
1885951241_211310173_0,69.0
1885951241_211311619_0,69.0
1885951244_211310729_0,69.0
1885951247_1885951249_0,69.0
1885951249_1885951244_0,69.0
1994627752_1994627759_0,68.0
1994627752_243495392_0,68.0
1994627759_1994627752_0,68.0
1994627759_4353325969_0,68.0
1994627759_4568983480_0,68.0
2088186040_409137869_0,59.0
2142861448_1124981404_0,59.0
2142861448_2142861448_0,59.0
2143335939_2143335953_0,59.0
2143335953_1200024627_0,63.0
2143335953_2143335939_0,59.0
2143335953_1843795431_0,63.0
2143335963_2143335964_0,60.0
2143335963_4558538601_0,60.0
2143335964_2143335965_0,60.0
2143335964_2143335963_0,60.0
2143335965_409131078_0,60.0
2143335965_2143335964_0,60.0
2187119246_10093451978_0,69.0
2221700167_242925500_0,71.0
2221700186_5772382718_0,71.0
2221700186_2221700167_0,71.0
2221700286_5772382718_0,71.0
2221700286_5772382717_0,71.0
2221700312_5772382701_0,71.0
2332249073_2332249079_0,71.0
2332249079_1416545434_0,71.0
2338038473_1693806115_0,61.0
2383446335_206378333_0,69.0
2383446341_2383446364_0,69.0
2383446341_6315715531_0,71.0
2383446352_2383446355_0,69.0
2383446355_2383446341_0,69.0
2383446364_2383446335_0,69.0
2404830460_1119033360_0,62.0
2404830460_1096507243_0,62.0
2404835470_1672512233_0,65.0
2404835470_1672512187_0,65.0
2407138065_4560313023_0,61.0
2407138066_1243851790_0,63.0
2407138066_246182514_0,63.0
2407138071_2407138072_0,61.0
2407138071_1177157014_0,61.0
2407138072_246182519_0,61.0
2484613875_1609997995_0,63.0
2484613875_1094360143_0,63.0
2484613878_2484613875_0,63.0
2484613878_1094360143_0,63.0
2987193084_10840344519_0,59.0
2987193084_10840344511_0,69.0
2987193088_728705278_0,60.0
2987193095_2987196295_0,69.0
2987196295_9959380164_0,69.0
3088102812_3088105221_0,71.0
3088102817_5531281610_0,71.0
3088102827_3088102830_0,71.0
3088102827_4353309860_0,71.0
3088102830_3088102812_0,71.0
3088105135_3088102827_0,71.0
3088105221_2383446355_0,71.0
3088105224_8569349889_0,71.0
3088105224_4469422088_0,71.0
3783460876_4353309814_0,71.0
3783460876_3783460882_0,71.0
3783460882_4357570550_0,71.0
3783460882_4346548508_0,71.0
3783460895_3783460905_0,71.0
3783460895_3088102817_0,71.0
3783460905_3783460895_0,71.0
3783460905_4353309862_0,71.0
3783460937_4353325945_0,68.0
3783461459_4353309859_0,71.0
4087692901_1105037086_0,63.0
4087692906_1096529607_0,61.0
4087692913_1188131638_0,62.0
4087692913_10095475579_0,62.0
4087742266_1113674856_0,62.0
4087742266_1094237297_0,62.0
4087742279_1113674839_0,56.0
4087775578_246182133_0,61.0
4087775578_246181270_0,61.0
4223738578_11382810677_0,69.0
4223738578_11382810675_0,65.0
4223738581_11382810685_0,65.0
4223738581_243494580_0,69.0
4223738581_11382810677_0,69.0
4271743735_475572102_0,75.0
4271743735_4271749701_0,75.0
4271749701_475572103_0,75.0
4346548501_4353309859_0,71.0
4346548508_4353309837_0,71.0
4346548521_4357570567_0,71.0
4347724102_4357570568_0,68.0
4347724102_4353325946_0,71.0
4353309812_4353309814_0,71.0
4353309812_3783460937_0,68.0
4353309813_4353309814_0,71.0
4353309813_3783460937_0,71.0
4353309814_3783460895_0,71.0
4353309814_4353309813_0,71.0
4353309814_3783460876_0,71.0
4353309818_4357570568_0,71.0
4353309818_4353325944_0,68.0
4353309820_3783460876_0,71.0
4353309837_4353309820_0,71.0
4353309837_4353309858_0,71.0
4353309858_4346548501_0,71.0
4353309859_4353309861_0,71.0
4353309860_3783460905_0,71.0
4353309861_4353309860_0,71.0
4353309861_3088105224_0,71.0
4353309862_4353309858_0,71.0
4353309862_4353309820_0,71.0
4353325928_1672512276_0,68.0
4353325928_1672512435_0,68.0
4353325940_4353325928_0,68.0
4353325942_1192963700_0,75.0
4353325942_4353325940_0,71.0
4353325944_4353309812_0,68.0
4353325945_4357570569_0,68.0
4353325945_214925862_0,71.0
4353325946_9450392714_0,71.0
4353325946_4353325944_0,68.0
4353325969_1994627759_0,68.0
4357570550_12180995976_0,71.0
4357570567_3783461459_0,71.0
4357570567_4469422085_0,71.0
4357570568_4353325942_0,68.0
4357570569_4357587942_0,71.0
4357570569_4353309818_0,68.0
4357587942_4357570569_0,71.0
4358780493_1124937218_0,62.0
4358780493_4358780498_0,54.0
4358780494_4358780497_0,54.0
4358780494_1124937218_0,57.0
4358780497_4358780494_0,54.0
4358780497_4358780501_0,54.0
4358780497_4358780498_0,54.0
4358780498_4358780501_0,54.0
4358780498_4358780502_0,54.0
4358780498_4358780497_0,54.0
4358780498_4358780493_0,54.0
4358780501_4358780498_0,54.0
4358780501_4358780508_0,54.0
4358780501_4358780497_0,54.0
4358780501_4358780502_0,54.0
4358780502_4358780505_0,54.0
4358780502_4358780501_0,54.0
4358780502_4358780498_0,54.0
4358780504_4358780494_0,57.0
4358780504_4358780507_0,54.0
4358780505_4358780502_0,54.0
4358780505_1119106283_0,57.0
4358780505_1119093915_0,57.0
4358780507_4358780504_0,54.0
4358780507_4358780510_0,54.0
4358780507_4358780508_0,54.0
4358780508_4358780501_0,54.0
4358780508_4358780512_0,54.0
4358780508_4358780507_0,54.0
4358780510_4358780507_0,54.0
4358780510_4358780511_0,57.0
4358780511_4358780512_0,57.0
4358780511_4358780513_0,57.0
4358780512_1119106283_0,57.0
4358780512_4358780508_0,54.0
4358780513_1119106303_0,57.0
4358780513_4358780517_0,54.0
4358780513_4358780511_0,57.0
4358780516_4358780517_0,54.0
4358780516_1119106303_0,54.0
4358780516_4358780520_0,54.0
4358780517_4358780520_0,54.0
4358780517_4358780513_0,54.0
4358780517_4358780521_0,54.0
4358780517_4358780516_0,54.0
4358780520_4358780523_0,54.0
4358780520_4358780517_0,54.0
4358780520_4358780516_0,54.0
4358780520_4358780521_0,54.0
4358780521_4358780524_0,54.0
4358780521_4358780517_0,54.0
4358780521_4358780520_0,54.0
4358780523_4358780520_0,54.0
4358780524_4358780521_0,54.0
4358780524_1119106285_0,57.0
4469422084_6315715531_0,71.0
4469422084_6315715548_0,71.0
4469422085_4469422084_0,71.0
4469422088_4469422085_0,71.0
4549490595_473593916_0,74.0
4549490595_214925654_0,75.0
4549490596_473593917_0,74.0
4554626299_1672512178_0,59.0
4554626299_1672512406_0,65.0
4556222967_470891229_0,74.0
4558538598_211321256_0,69.0
4558538598_1131425423_0,69.0
4558538601_1763262440_0,60.0
4558538601_2143335963_0,60.0
4558577507_1672512320_0,60.0
4560313023_4560313024_0,63.0
4560313024_2407138066_0,63.0
4560313024_246182514_0,61.0
4568983477_245491716_0,68.0
4568983477_4568983480_0,68.0
4568983477_1994627752_0,68.0
4568983480_4568983477_0,68.0
4568983480_245491717_0,68.0
4568983480_245491688_0,68.0
4569265245_3088102817_0,71.0
4569265245_4353309813_0,71.0
4569285097_1119093872_0,62.0
4569285097_1119093947_0,62.0
4569285099_4569285100_0,57.0
4569285100_1119104427_0,57.0
4569285100_4569285097_0,57.0
4569318327_1562259326_0,61.0
4569344748_4620449099_0,61.0
4569344748_4587244525_0,61.0
4569344749_4587244525_0,61.0
4569344749_246182298_0,61.0
4569344752_1180750433_0,54.0
4569344752_4569344753_0,54.0
4569344753_4620449097_0,54.0
4569344753_1180750434_0,54.0
4569344756_4569344752_0,54.0
4569344756_4620449097_0,54.0
4570126146_246811464_0,61.0
4584610470_4584610471_0,61.0
4584610470_4569344748_0,61.0
4584610471_4569318327_0,61.0
4587244525_246181791_0,61.0
4587244527_1180750434_0,54.0
4587244527_4087775578_0,61.0
4620449097_4587244527_0,54.0
4620449099_4569344749_0,61.0
5345118960_1512110783_0,57.0
5345118960_5345118961_0,57.0
5345118961_1105149764_0,61.0
5345118961_5346954184_0,61.0
5345154771_1130841552_0,59.0
5345154771_1131425393_0,59.0
5346948498_5401629305_0,63.0
5346948498_1108381682_0,59.0
5346948499_5401631423_0,62.0
5346948499_1094360498_0,62.0
5346954184_5345118961_0,61.0
5346954184_1472993474_0,67.0
5346954184_607644089_0,67.0
5346954184_1512110786_0,61.0
5401629305_1512110681_0,59.0
5401629305_5401629306_0,63.0
5401629306_1130908720_0,63.0
5401629314_5346948498_0,59.0
5401629314_1512110681_0,62.0
5401629314_8665045217_0,54.0
5401631423_5346948499_0,62.0
5401631423_5346948498_0,63.0
5401631423_1105149745_0,62.0
5531281610_3088105135_0,71.0
5772379239_5772382726_0,71.0
5772379239_5772382686_0,71.0
5772382686_242926973_0,71.0
5772382696_5772382717_0,71.0
5772382696_2221700312_0,71.0
5772382701_5772379239_0,71.0
5772382701_5772382686_0,71.0
5772382717_2221700312_0,71.0
5772382717_2221700286_0,71.0
5772382718_2221700286_0,71.0
5772382718_2221700167_0,71.0
5772382726_214924708_0,71.0
5772382726_5772379239_0,71.0
6289097043_1092263787_0,59.0
6315715531_6315715532_0,71.0
6315715532_4469422088_0,71.0
6315715532_8569349879_0,71.0
6315715548_2383446364_0,71.0
6315715548_206378333_0,69.0
6447291071_1094077933_0,57.0
6447291071_1091842257_0,57.0
6447291071_6447291072_0,54.0
6447291072_6447291071_0,54.0
7839120968_7839120969_0,59.0
7839120968_1200015410_0,63.0
7839120969_409128578_0,63.0
8119286345_10207412148_0,59.0
8119286345_10207412150_0,59.0
8426609760_1562259320_0,61.0
8569349879_3088105221_0,71.0
8569349879_8569349889_0,71.0
8569349889_3088102830_0,71.0
8665045217_5401629314_0,54.0
8706350395_1145657870_0,46.0
9450392714_4353325946_0,71.0
9450392714_4346548521_0,71.0
9959380164_2987193084_0,69.0
10093451976_1672512394_0,59.0
10093451976_10093506076_0,59.0
10093451977_10093451976_0,59.0
10093451977_11423339058_0,59.0
10093451978_10093451977_0,69.0
10093506076_1129273459_0,59.0
10093506076_10207412150_0,59.0
10095475579_1243851685_0,57.0
10098682767_1187729184_0,55.0
10098682767_1187722485_0,58.0
10102978853_245936371_0,54.0
10102978858_8426609760_0,54.0
10102978858_10102978853_0,54.0
10102980234_245936353_0,61.0
10106993225_1609998009_0,63.0
10106993225_1177120098_0,63.0
10108109102_728705271_0,60.0
10108109102_10108109105_0,60.0
10108109103_728705249_0,60.0
10108109104_728705253_0,60.0
10108109104_10108109103_0,60.0
10108109105_10108109106_0,60.0
10108109106_728705264_0,60.0
10108109106_10108109104_0,60.0
10185494293_11382809945_0,69.0
10185494293_2987193088_0,69.0
10185494294_10185494295_0,69.0
10185494294_10207412156_0,59.0
10185494295_10207349882_0,69.0
10185494295_211321896_0,69.0
10207349882_2987193088_0,69.0
10207374170_10840344511_0,59.0
10207374174_10840344509_0,59.0
10207374174_12346156720_0,59.0
10207374186_10207374193_0,59.0
10207374193_10207412147_0,59.0
10207374193_10207374196_0,59.0
10207374196_10207412117_0,59.0
10207374196_10207412133_0,59.0
10207374206_1243851777_0,64.0
10207374206_10207374186_0,59.0
10207412117_10207412127_0,59.0
10207412127_10840344508_0,59.0
10207412127_10840344521_0,59.0
10207412133_10207374206_0,59.0
10207412137_10207412133_0,59.0
10207412137_10207412117_0,59.0
10207412147_12346112890_0,59.0
10207412147_10207412148_0,59.0
10207412147_10207374193_0,59.0
10207412147_12346156720_0,59.0
10207412148_8119286345_0,59.0
10207412148_10207412147_0,59.0
10207412150_11423339059_0,59.0
10207412150_10093506076_0,59.0
10207412151_10207374170_0,59.0
10207412153_12346156720_0,59.0
10207412154_12346156720_0,59.0
10207412154_10207412148_0,59.0
10207412156_11382809938_0,69.0
10207412160_10207374170_0,59.0
10840344508_10207374174_0,59.0
10840344509_13055947328_0,59.0
10840344509_10840344510_0,59.0
10840344510_10207412151_0,59.0
10840344510_10840344519_0,59.0
10840344511_10185494293_0,69.0
10840344519_10840344528_0,59.0
10840344521_10207412137_0,59.0
10840344525_11275922906_0,59.0
10840344528_10840344525_0,59.0
10840344528_10840344508_0,59.0
11275922906_10840344521_0,59.0
11382809938_2187119246_0,69.0
11382809938_11382809942_0,59.0
11382809941_10207412151_0,59.0
11382809941_13055947328_0,59.0
11382809942_12346156730_0,59.0
11382809942_11382809941_0,59.0
11382809945_10185494294_0,69.0
11382809945_10207412160_0,59.0
11382810675_1672512245_0,65.0
11382810675_11382810677_0,65.0
11382810677_4223738578_0,69.0
11382810677_4223738581_0,69.0
11382810685_1672512233_0,65.0
11382810685_4223738581_0,65.0
11382810685_11382810690_0,65.0
11382810690_1672512233_0,59.0
11387988431_242925495_0,71.0
11387988431_473481292_0,71.0
11423339058_11423339059_0,59.0
11423339058_11382809942_0,59.0
11423339059_11382809941_0,59.0
12180995969_12180995971_0,68.0
12180995969_245491682_0,69.0
12180995970_12180995969_0,69.0
12180995970_243494597_0,69.0
12180995971_245491682_0,68.0
12180995971_245491716_0,68.0
12180995976_4346548521_0,71.0
12180995976_9450392714_0,71.0
12181435186_1096507245_0,55.0
12181435188_1177157035_0,54.0
12181435188_12181435186_0,54.0
12346112890_12346112890_0,59.0
12346112890_12346112890_1,59.0
12346112890_10207412147_0,59.0
12346156720_10207412153_0,59.0
12346156720_10207374174_0,59.0
12346156720_10207412147_0,59.0
12346156730_10207412160_0,59.0
12346156730_10207412156_0,59.0
12463364889_1200028693_0,74.0
13055947328_10207412154_0,59.0
13055947328_8119286345_0,59.0
