road_id,lden_db_true,pred_linear,pred_xgboost,pred_random
206378333_6315715548_0,69.0,54.29,52.06,49.3
208568922_208568921_0,71.0,100.89,72.37,71.4
208568926_208568922_1,71.0,99.62,71.96,71.1
208595138_208595144_0,71.0,99.26,70.19,70.8
208595144_2332249073_0,71.0,100.71,71.15,71.4
211305820_211305823_0,65.0,66.27,53.98,58.9
211305823_1564374009_0,69.0,66.65,54.6,58.45
211305823_211305824_0,69.0,66.26,54.08,58.85
211305824_211305825_0,65.0,66.09,54.94,57.75
211305825_1131453368_0,69.0,65.62,54.5,57.95
211310173_211311619_0,69.0,68.25,57.02,61.8
211310173_1564374009_0,69.0,67.52,56.68,61.55
211310729_1885951241_0,69.0,68.71,60.63,61.1
211311619_211311623_0,69.0,67.91,58.53,58.5
211311623_211313493_0,69.0,68.28,61.37,59.45
211311623_1885951247_0,69.0,66.77,53.83,57.7
211313493_1885951247_0,69.0,68.06,61.28,59.4
211313493_1094296689_0,69.0,69.03,58.18,60.05
211317741_243495396_0,68.0,71.49,57.54,60.15
211317741_1187334109_0,69.0,71.55,65.53,63.5
211317741_1094296689_0,69.0,71.01,60.99,62.7
211318993_211318996_0,69.0,72.86,69.29,63.85
211318993_243494580_0,69.0,76.65,66.5,64.5
211318996_211319000_0,69.0,71.29,69.71,64.35
211318996_1843795432_0,63.0,70.3,66.72,63.95
211319000_1130841547_0,69.0,70.2,65.7,63.8
211319000_211320730_0,69.0,70.39,63.21,63.75
211320730_409137876_0,63.0,66.64,59.39,61.55
211320730_211320731_0,69.0,69.27,60.52,63.3
211320730_211319000_0,69.0,70.39,63.21,63.75
211320731_1129273462_0,69.0,69.12,61.73,62.7
211320731_211320730_0,69.0,69.27,60.52,63.3
211320732_1129273462_0,69.0,67.85,61.09,64.45
211320732_211321251_0,69.0,65.65,59.5,64.4
211321251_1763262440_0,69.0,65.79,59.69,64.25
211321253_211321896_0,69.0,65.04,59.77,63.8
211321253_728705258_0,69.0,62.11,59.43,64.2
211321256_211320732_0,69.0,64.8,61.63,64.25
211321256_211321251_0,69.0,64.15,59.68,64.25
211321896_10185494295_0,69.0,63.05,59.2,63.65
211321896_211321900_0,69.0,64.67,61.35,64.2
211321900_2187119246_0,69.0,64.33,59.69,63.25
211321900_1109639608_0,69.0,65.83,60.19,64.15
214922958_214922960_0,71.0,63.39,63.58,64.3
214922960_214922962_0,68.0,67.28,61.25,61.9
214922960_214922958_0,71.0,63.39,63.58,64.3
214922962_214922960_0,68.0,67.28,61.25,61.9
214922962_214923388_0,71.0,67.29,55.89,57.8
214923388_214924707_0,71.0,67.29,57.55,58.7
214923391_214925654_0,71.0,68.64,55.03,58.25
214923391_214924711_0,71.0,71.15,55.95,60.2
214923395_214922962_0,71.0,67.56,55.42,59.25
214923395_214923388_0,71.0,67.27,56.75,59.25
214924707_5772382726_0,71.0,67.83,56.81,57.55
214924707_214924708_0,71.0,67.34,54.74,57.4
214924708_214923391_0,71.0,70.37,54.22,59.85
214924711_214924714_0,71.0,71.64,55.95,60.2
214924714_214925862_0,71.0,71.89,56.15,60.2
214924714_214924716_0,71.0,67.25,55.75,57.95
214924716_214923395_0,71.0,67.66,56.57,59.15
214925654_4549490595_0,75.0,69.59,61.68,61.65
214925654_214924711_0,71.0,68.98,55.25,59.5
214925862_4353325945_0,71.0,70.7,57.67,61.7
214925862_214924716_0,71.0,68.94,56.66,59.55
242925411_242925494_0,71.0,98.95,62.99,63.4
242925494_11387988431_0,71.0,97.21,63.74,63.35
242925494_242925495_0,71.0,99.54,64.1,63.1
242925495_2221700186_0,71.0,101.02,63.91,63.0
242925500_242925411_0,71.0,98.48,58.25,54.9
242926973_5772382696_0,71.0,98.14,61.3,52.35
243494580_4223738581_0,69.0,74.02,61.94,64.65
243494580_211318993_0,69.0,76.65,66.5,64.5
243494580_1187722456_0,69.0,75.98,62.71,63.25
243494597_1672512429_0,68.0,74.94,51.7,58.7
243495392_243495422_0,68.0,70.6,59.44,58.15
243495392_1994627752_0,68.0,69.95,58.2,57.9
243495396_243495392_0,68.0,70.11,58.14,56.85
243495396_211317741_0,68.0,71.49,57.54,60.15
243495422_243495396_0,68.0,71.26,59.6,58.05
243495422_245491719_0,68.0,70.43,57.89,55.0
245491677_245491689_0,71.0,68.55,58.36,55.95
245491682_243494597_0,69.0,72.33,54.13,58.05
245491682_245491677_0,68.0,67.44,60.23,58.0
245491688_245491689_0,71.0,68.15,58.4,53.1
245491688_4568983477_0,68.0,67.54,57.65,54.1
245491689_245491716_0,68.0,69.02,56.86,56.35
245491689_245491688_0,71.0,68.15,58.4,53.1
245491689_245491677_0,71.0,68.55,58.36,55.95
245491716_4568983477_0,68.0,69.31,56.45,56.1
245491716_245491689_0,68.0,69.02,56.86,56.35
245491716_12180995971_0,68.0,74.4,60.18,58.15
245491716_245491719_0,68.0,75.17,55.44,56.75
245491717_245491717_0,68.0,65.06,53.03,52.1
245491717_4568983480_0,68.0,67.27,56.87,54.2
245491719_1672512207_0,68.0,70.39,62.94,58.35
245491719_245491716_0,68.0,75.17,55.44,56.75
245491719_243495422_0,68.0,70.43,57.89,55.0
245491719_1187334109_0,68.0,76.77,62.44,62.7
245491904_1693128085_0,54.0,63.15,56.2,63.15
245491904_245491906_0,63.0,65.3,57.02,64.3
245491904_1843795431_0,63.0,64.48,58.69,63.7
245491904_409137871_0,59.0,61.75,52.02,59.1
245491906_1843795432_0,63.0,66.96,61.93,63.7
245491906_245491904_0,63.0,65.3,57.02,64.3
245491906_1843795433_0,59.0,64.31,57.35,58.95
245491934_1672512178_0,59.0,65.02,54.21,55.65
245491934_11382810690_0,59.0,66.83,60.42,56.7
245935461_1562259338_0,61.0,52.68,56.3,60.15
245935861_1562259365_0,61.0,55.14,57.8,59.2
245936231_245936541_0,46.0,51.49,55.07,59.55
245936231_245936405_0,61.0,52.04,54.9,59.55
245936350_1180802572_0,61.0,54.68,57.58,60.85
245936350_245936514_0,61.0,54.2,54.75,60.4
245936353_245936513_0,46.0,53.88,56.19,59.9
245936353_245936350_0,61.0,54.59,56.27,60.85
245936370_245936371_0,61.0,54.64,56.6,57.35
245936370_245936514_0,61.0,53.73,53.25,56.35
245936370_245936393_0,46.0,54.07,54.4,56.1
245936371_245936370_0,61.0,54.64,56.6,57.35
245936371_246181265_0,61.0,54.72,57.81,60.9
245936393_245936514_0,46.0,51.78,49.69,55.1
245936393_245936395_0,46.0,53.76,49.85,56.5
245936395_245936457_0,46.0,53.65,54.11,60.15
245936395_245936513_0,46.0,53.58,54.42,58.95
245936399_245936456_0,46.0,51.51,52.98,55.6
245936399_245936401_0,46.0,52.08,51.03,56.0
245936401_245936453_0,46.0,51.01,52.85,55.5
245936401_245936405_0,46.0,51.52,50.46,55.0
245936405_245936453_0,61.0,53.26,54.19,60.05
245936453_245936456_0,61.0,54.14,54.12,59.9
245936456_10102980234_0,61.0,54.1,53.08,60.1
245936457_245936399_0,46.0,52.85,53.4,59.9
245936513_245936353_0,46.0,53.88,56.19,59.9
245936513_245936457_0,46.0,53.48,53.45,55.6
245936514_245936370_0,61.0,53.73,53.25,56.35
245936514_245936350_0,61.0,54.2,54.75,60.4
245936532_10102978858_0,46.0,54.22,53.49,56.0
245936541_245936558_0,52.0,51.46,55.23,54.8
245936541_245936532_0,46.0,52.55,53.5,56.0
245936558_245935461_0,61.0,53.28,54.49,59.85
245936609_245936532_0,52.0,53.38,51.67,54.55
245936609_245936558_0,61.0,54.6,52.09,57.25
246181265_245936371_0,61.0,54.72,57.81,60.9
246181265_246181267_0,61.0,53.66,56.31,60.1
246181267_245935861_0,63.0,54.36,57.34,59.4
246181267_246181268_0,61.0,54.22,57.58,60.2
246181268_1092263653_0,61.0,54.24,56.54,60.7
246181268_246181270_0,61.0,54.47,58.09,60.8
246181270_246181271_0,61.0,54.51,57.8,61.35
246181271_246181265_0,61.0,54.42,57.41,60.8
246181791_246181792_0,61.0,58.29,57.05,61.05
246181792_1086375812_0,54.0,57.21,48.64,56.15
246181792_2407138065_0,61.0,61.01,58.13,61.9
246182003_246181791_0,61.0,57.44,57.8,60.65
246182003_246182298_0,61.0,55.51,56.02,59.3
246182133_1091868516_0,61.0,54.39,57.24,57.15
246182298_4569344756_0,61.0,54.46,57.0,57.3
246182514_246182517_0,61.0,61.56,55.32,60.45
246182517_2407138071_0,61.0,60.93,52.48,59.65
246182517_2407138072_0,61.0,60.66,53.37,59.75
246182519_1609997967_0,63.0,60.44,51.96,59.75
246182519_246182520_0,61.0,61.15,54.51,59.8
246182520_246182522_0,63.0,62.58,53.31,61.0
246182522_1091842294_0,64.0,61.73,57.59,61.0
246182522_4560313023_0,63.0,62.61,57.88,61.85
246182757_1693797759_0,61.0,63.55,60.17,62.85
246182757_1177157014_0,61.0,63.27,61.03,63.2
246811462_246811482_0,63.0,63.35,54.66,61.15
246811464_1086375812_0,61.0,59.73,55.79,59.3
246811482_1243851790_0,63.0,62.25,53.34,60.55
246811482_4570126146_0,61.0,62.24,53.83,60.85
246811887_246811462_0,65.0,62.73,54.61,60.25
246811978_246811887_0,55.0,64.6,53.95,59.75
409128578_409137868_0,59.0,61.7,47.75,55.45
409128578_409128580_0,63.0,63.01,50.74,57.3
409128580_2143335965_0,59.0,61.46,53.16,56.6
409131078_409128578_0,59.0,61.8,50.58,57.2
409131078_2143335965_0,60.0,62.32,54.28,56.95
409131078_1512564830_0,59.0,61.6,56.31,56.6
409131078_409292136_0,60.0,62.45,56.9,58.4
409137868_1200554673_0,59.0,61.88,49.91,55.5
409137868_7839120968_0,63.0,62.97,51.65,56.35
409137869_409128580_0,59.0,63.21,51.19,56.25
409137869_409137868_0,63.0,63.4,51.3,55.85
409137871_409137869_0,63.0,65.18,50.79,56.95
409137871_245491904_0,59.0,61.75,52.02,59.1
409137876_1843795433_0,63.0,67.48,56.43,58.2
409137876_1843795432_0,59.0,67.77,62.29,60.8
409292135_1200000512_0,61.0,61.26,55.19,56.05
409292135_1109639584_0,61.0,62.47,53.48,56.8
409292136_1200005269_0,61.0,62.16,54.73,56.7
409292136_409131078_0,60.0,62.45,56.9,58.4
470891194_473480022_0,75.0,95.12,55.71,55.5
470891208_470891212_0,75.0,82.42,61.08,58.85
470891212_473476285_0,75.0,75.5,61.78,56.8
470891212_473480356_0,75.0,81.69,61.72,56.9
472447898_4556222967_0,74.0,72.42,56.64,47.9
472447898_472447916_0,74.0,73.28,58.34,47.25
472447916_473480356_0,75.0,75.45,61.87,56.05
473475862_473476286_0,75.0,93.13,54.39,56.1
473476285_4556222967_0,74.0,73.57,58.73,47.8
473479961_473480378_0,75.0,83.28,61.48,58.85
473480022_4271743735_0,75.0,96.37,57.74,53.6
473480356_473480374_0,75.0,81.83,62.69,59.0
473480374_473479961_0,75.0,82.52,58.55,56.85
473480374_473481308_0,75.0,82.98,61.66,58.6
473480378_470891208_0,75.0,82.99,60.89,58.85
473481292_473481295_0,75.0,87.43,63.58,57.95
473481292_11387988431_0,71.0,92.1,77.75,63.05
473481295_473481298_0,75.0,86.91,59.52,56.95
473481298_473481308_0,75.0,85.38,63.89,58.65
473481298_473481292_0,75.0,88.07,63.84,58.9
473481308_473479961_0,75.0,83.5,61.31,58.6
473481308_473481298_0,75.0,85.38,63.89,58.65
473593916_473593917_0,74.0,74.33,61.76,62.9
473593916_4549490595_0,74.0,74.6,61.7,63.2
473593917_4549490596_0,74.0,74.7,62.59,62.95
473593917_473593916_0,74.0,74.33,61.76,62.9
607644062_1131686638_0,56.0,64.96,57.0,58.05
607644080_1119093874_0,67.0,63.84,66.72,63.05
607644080_607644081_0,67.0,63.83,67.74,62.8
607644081_1130898039_0,57.0,61.81,56.97,61.85
607644081_607644080_0,67.0,63.83,67.74,62.8
607644081_1472993474_0,67.0,65.14,67.75,63.8
607644089_607644091_0,67.0,68.42,68.47,65.3
607644091_1134264314_0,63.0,63.86,63.22,61.05
607644091_1105149728_0,67.0,69.03,68.0,64.45
728705249_10108109102_0,60.0,61.85,59.0,60.55
728705250_728705253_0,60.0,63.61,58.94,59.75
728705250_10108109103_0,60.0,63.03,60.56,59.7
728705251_728705250_0,69.0,62.68,54.34,59.9
728705253_1200000513_0,60.0,63.69,57.03,60.35
728705256_1109639584_0,61.0,61.25,58.12,55.4
728705256_1200000512_0,61.0,60.87,55.15,57.0
728705258_728705264_0,60.0,61.3,61.57,64.0
728705258_10207349882_0,69.0,61.11,59.53,64.6
728705259_1200059348_0,68.0,63.2,59.69,57.9
728705259_1189660061_0,68.0,63.32,57.69,60.15
728705262_728705251_0,69.0,62.63,55.48,59.85
728705264_1512564830_0,60.0,61.96,59.57,56.8
728705264_2143335964_0,59.0,61.44,56.11,56.7
728705264_10108109106_0,60.0,61.74,55.84,56.35
728705271_2987193095_0,60.0,61.7,68.14,64.75
728705278_10108109105_0,60.0,61.6,64.08,62.75
728705278_728705271_0,60.0,61.67,68.0,64.55
1084139051_2404830460_0,55.0,65.82,55.8,58.0
1084139051_1094296578_0,55.0,65.69,59.67,58.15
1084139081_1084139051_0,55.0,65.44,55.56,57.4
1085377805_1177157058_0,61.0,63.0,52.42,59.75
1085377805_1609997995_0,61.0,65.88,57.51,58.8
1085377812_1094360581_0,57.0,62.97,55.38,57.2
1085377812_1609998009_0,63.0,62.65,57.23,57.55
1086361193_246181791_0,54.0,56.12,53.08,60.0
1086361193_1305278134_0,61.0,55.88,51.41,58.95
1086375812_1086361193_0,61.0,57.28,58.02,60.15
1086375875_1512110629_0,59.0,56.69,55.36,59.8
1086375875_1249875748_0,63.0,56.79,58.44,60.35
1091826692_1177183161_0,54.0,57.53,54.01,57.2
1091826692_1177183150_0,64.0,58.76,53.32,57.7
1091826692_1091842307_0,64.0,58.98,53.57,57.5
1091842257_6447291071_0,57.0,58.32,54.07,57.0
1091842257_1091842307_0,57.0,58.08,55.07,57.5
1091842276_1609997967_0,63.0,62.2,51.28,60.45
1091842276_1512110522_0,54.0,59.86,50.11,57.2
1091842276_1177120060_0,63.0,61.95,50.75,57.55
1091842279_1383136506_0,55.0,65.63,61.54,58.15
1091842279_1096513772_0,55.0,65.3,58.92,58.2
1091842279_1177157058_0,61.0,63.75,53.03,57.55
1091842279_1104969800_0,61.0,65.24,60.42,57.9
1091842294_1177120050_0,64.0,61.1,55.86,61.5
1091842294_2407138065_0,61.0,61.27,58.04,60.45
1091842307_1091842257_0,57.0,58.08,55.07,57.5
1091842307_1091826692_0,64.0,58.98,53.57,57.5
1091842307_1091842327_0,64.0,60.05,56.68,59.65
1091842327_1095440376_0,54.0,59.38,55.88,59.35
1091842327_1094237241_0,64.0,60.64,54.77,59.7
1091842327_1091842307_0,64.0,60.05,56.68,59.65
1091868516_1091868533_0,61.0,53.84,53.3,57.4
1091868516_4620449099_0,61.0,54.47,57.24,57.15
1091868517_4584610471_0,61.0,54.27,51.11,57.75
1091868533_1091868517_0,61.0,54.5,54.13,58.1
1091868533_1091868517_1,54.0,52.63,51.63,57.8
1091868583_1113674840_0,46.0,53.99,55.73,59.3
1092205604_1094077893_0,56.0,56.06,54.52,54.9
1092219000_1169035416_0,46.0,54.97,56.49,58.3
1092219000_1092219016_0,59.0,54.52,53.3,59.4
1092219005_1092472096_0,59.0,58.66,54.81,56.95
1092219005_1624926347_0,63.0,62.17,54.08,57.4
1092219005_1092219019_0,63.0,60.65,53.29,57.4
1092219016_1113674854_0,59.0,54.17,57.8,58.65
1092219016_1169035403_0,46.0,54.2,54.08,58.15
1092219016_1180833970_0,59.0,53.58,54.15,59.65
1092219019_1092219005_0,63.0,60.65,53.29,57.4
1092219019_1086375875_0,63.0,58.55,55.04,60.3
1092219034_1180833970_0,46.0,53.01,53.39,57.15
1092219034_1113674842_0,46.0,52.43,52.9,55.6
1092219071_1169035390_0,59.0,53.01,53.65,56.7
1092247422_1092247431_0,46.0,53.48,54.37,57.35
1092247422_1113674857_0,46.0,53.59,55.04,56.85
1092247431_1113674859_0,46.0,53.91,56.26,59.75
1092247444_1113674836_0,59.0,55.14,53.58,59.65
1092247444_1092247422_0,46.0,54.12,52.82,57.1
1092247454_1094296530_0,59.0,55.16,56.44,56.85
1092247454_1180833967_0,46.0,54.13,55.65,56.25
1092247454_1092247444_0,46.0,54.5,54.85,56.75
1092247492_1113674820_0,59.0,58.35,53.61,58.45
1092247492_6289097043_0,46.0,56.87,58.38,60.65
1092247501_1113674833_0,59.0,57.74,54.44,60.4
1092247501_1092247492_0,46.0,56.85,57.82,59.7
1092247529_1092219071_0,46.0,52.69,54.37,57.35
1092247529_1113674842_0,46.0,52.22,53.27,56.35
1092247552_1095439448_0,59.0,58.64,56.54,56.9
1092263653_246182133_0,61.0,54.46,56.0,59.45
1092263653_1562259326_0,54.0,53.83,51.45,58.1
1092263787_1092263800_0,46.0,55.03,53.31,59.6
1092263787_1113674852_0,59.0,56.2,57.32,61.3
1092263800_1512110633_0,46.0,54.91,49.99,58.0
1092472096_1092247552_0,59.0,58.56,57.72,56.85
1092472096_1094296489_0,62.0,58.26,55.13,57.4
1092472112_1512110745_0,46.0,55.92,56.12,58.35
1092472112_1145637534_0,59.0,55.32,56.81,58.2
1094077853_1512110633_0,46.0,55.04,52.53,57.8
1094077853_6289097043_0,59.0,56.07,56.75,59.45
1094077886_1095439849_0,61.0,57.02,51.67,56.45
1094077886_1092205604_0,61.0,56.49,55.2,55.65
1094077893_1094077886_0,56.0,56.55,55.79,55.35
1094077893_1094077905_0,56.0,57.26,57.63,56.1
1094077905_1092247501_0,59.0,57.54,54.97,57.3
1094077905_4087742279_0,56.0,57.14,52.59,55.0
1094077912_1094077905_0,56.0,57.89,56.6,58.55
1094077933_6447291071_0,57.0,59.14,50.35,57.5
1094077933_1094077936_0,57.0,59.91,49.48,56.0
1094077933_1177120124_0,54.0,57.82,51.53,55.6
1094077936_1177120079_0,57.0,58.79,49.16,56.15
1094077936_1177120124_0,57.0,60.25,49.07,56.1
1094077936_1094077933_0,57.0,59.92,49.48,55.9
1094077940_1094237195_0,57.0,61.44,56.23,56.7
1094077940_1094360581_0,57.0,61.85,56.37,57.35
1094237192_1128236277_0,54.0,60.73,54.43,57.45
1094237195_1094077940_0,57.0,61.44,56.23,56.7
1094237195_1094237192_0,54.0,60.86,53.46,57.0
1094237195_1177120124_0,57.0,60.84,51.58,56.85
1094237241_1094237264_0,64.0,60.46,56.95,60.55
1094237264_1094237297_0,64.0,64.13,56.29,60.5
1094237264_1128236277_0,63.0,62.94,53.18,57.95
1094237291_1091842327_0,64.0,59.32,55.03,59.55
1094237291_1094237241_0,64.0,58.9,55.78,58.8
1094237297_1624926347_0,63.0,62.27,56.95,60.45
1094296489_4087742266_0,62.0,58.76,54.29,57.0
1094296524_1094296530_0,46.0,53.58,54.97,54.5
1094296530_1113674838_0,59.0,54.49,55.75,56.75
1094296530_1094296524_0,46.0,53.58,54.97,54.5
1094296578_1383136506_0,55.0,64.17,56.87,57.2
1094296578_1084139051_0,55.0,65.69,59.67,58.15
1094296604_1116354114_0,55.0,65.5,63.93,59.4
1094296604_1094296578_0,55.0,65.67,61.37,58.15
1094296689_211313493_0,69.0,69.03,58.18,60.05
1094296689_211317741_0,69.0,71.01,60.99,62.7
1094296777_1094296854_0,54.0,56.28,52.11,56.45
1094296777_1094296777_0,54.0,56.83,47.78,57.6
1094296854_1094296777_0,54.0,56.28,52.11,56.45
1094296854_1091842327_0,54.0,57.92,54.94,57.7
1094360098_1094360174_0,62.0,64.67,56.15,57.2
1094360098_1609997963_0,62.0,63.2,51.96,56.7
1094360109_1094360098_0,58.0,63.96,51.62,56.9
1094360111_1094360109_0,58.0,66.18,53.52,57.2
1094360143_1609997988_0,63.0,66.06,55.08,57.1
1094360174_1094360207_0,62.0,64.36,55.99,56.9
1094360174_1609997963_0,62.0,64.27,56.03,57.0
1094360207_1094360224_0,62.0,63.46,57.26,56.75
1094360207_1094360174_0,62.0,64.36,55.99,56.9
1094360224_1094360531_0,62.0,62.6,54.63,56.25
1094360277_1134266124_0,62.0,68.71,53.3,56.75
1094360277_1094360283_0,62.0,68.27,53.8,56.6
1094360283_1094360537_0,61.0,68.7,50.71,56.8
1094360316_1094360320_0,57.0,62.17,53.88,57.95
1094360316_1094360371_0,57.0,62.55,52.99,56.75
1094360320_1094360316_0,57.0,62.17,53.88,57.95
1094360320_1094360592_0,57.0,61.65,54.77,57.4
1094360355_1094360316_0,57.0,62.98,53.41,56.55
1094360355_1094360371_0,57.0,62.99,53.03,55.95
1094360371_1094360207_0,57.0,63.6,59.25,56.6
1094360371_1094360224_0,57.0,62.3,53.39,56.35
1094360498_1094360355_0,63.0,63.67,54.08,56.45
1094360498_1095440291_0,63.0,67.04,54.03,56.2
1094360531_1094360277_0,62.0,62.47,54.83,56.45
1094360531_1094360283_0,62.0,62.86,52.52,56.1
1094360537_5346948499_0,62.0,64.14,52.93,56.65
1094360537_1094360498_0,63.0,67.26,50.71,56.4
1094360581_1085377812_0,57.0,62.97,55.38,57.2
1094360581_1094360320_0,57.0,62.26,54.79,57.45
1094360592_1095440240_0,57.0,61.46,53.56,57.55
1094360592_1094077940_0,57.0,61.13,55.72,57.4
1095439352_1095439863_0,62.0,57.97,56.49,58.4
1095439366_1095439352_0,56.0,57.93,55.65,58.05
1095439366_1095439659_0,56.0,55.52,52.73,56.95
1095439377_1095439435_0,56.0,57.54,54.43,60.05
1095439377_1095439366_0,56.0,58.06,56.12,56.9
1095439387_1095439377_0,56.0,57.74,55.04,58.5
1095439387_1095439470_0,56.0,56.94,54.98,56.75
1095439392_1095439387_0,56.0,58.73,54.83,57.85
1095439392_1095439401_0,62.0,60.03,52.64,58.45
1095439401_1113674835_0,56.0,58.12,51.61,57.9
1095439401_4087742266_0,62.0,60.45,56.06,57.45
1095439435_1094077912_0,56.0,57.59,56.4,59.3
1095439448_1092247501_0,59.0,57.88,57.27,59.75
1095439448_4087742279_0,56.0,57.53,57.17,56.85
1095439470_1095440086_0,56.0,57.24,51.65,57.65
1095439489_1131141541_0,62.0,58.72,56.34,56.55
1095439489_1243851855_0,56.0,58.33,57.17,57.1
1095439501_1188131659_0,62.0,58.38,56.31,58.5
1095439501_1095440068_0,62.0,58.71,52.98,58.6
1095439505_1116623956_0,59.0,60.64,52.02,60.55
1095439505_1512110718_0,63.0,60.15,50.59,57.55
1095439556_1095440068_0,62.0,58.14,55.56,60.05
1095439556_4087692906_0,62.0,58.23,55.4,60.3
1095439603_1095439377_0,56.0,57.25,53.22,58.8
1095439603_1095439556_0,56.0,57.28,53.55,58.05
1095439629_1188085598_0,62.0,57.61,54.84,60.4
1095439629_1672512265_0,62.0,56.95,54.53,57.85
1095439659_1095439629_0,62.0,56.28,58.74,57.5
1095439681_1095439863_0,62.0,57.96,51.16,59.95
1095439681_1095439702_0,62.0,56.05,55.42,59.45
1095439702_1096529613_0,62.0,56.31,52.08,56.45
1095439702_4087692913_0,62.0,57.76,59.8,60.95
1095439849_1094077886_0,61.0,57.02,51.67,56.45
1095439849_1095439352_0,56.0,58.63,54.95,59.8
1095439863_1095439681_0,62.0,57.96,51.16,59.95
1095439863_1095439882_0,62.0,56.68,53.59,57.95
1095439882_1145610668_0,56.0,58.1,56.8,57.6
1095439882_1095439849_0,56.0,57.46,56.22,58.15
1095440068_1095439556_0,62.0,58.14,55.56,60.05
1095440068_1095439470_0,56.0,57.52,53.04,58.0
1095440086_1095440188_0,62.0,58.98,55.12,57.75
1095440086_1095439501_0,62.0,58.91,52.53,58.65
1095440170_1095440188_0,62.0,58.62,55.88,57.2
1095440188_1095439489_0,62.0,58.8,58.31,57.6
1095440188_1095440086_0,62.0,58.98,55.12,57.75
1095440240_1094360592_0,57.0,61.46,53.56,57.55
1095440240_1095440295_0,63.0,61.15,50.09,58.4
1095440291_1095440295_0,63.0,66.13,53.82,56.6
1095440291_1131141534_0,56.0,60.43,51.41,56.4
1095440291_1094360498_0,63.0,67.05,54.03,56.2
1095440295_1095440291_0,63.0,66.13,53.82,56.6
1095440295_1096529573_0,63.0,66.24,51.31,58.9
1095440376_1095440543_0,54.0,59.86,55.61,57.1
1095440425_1128236277_0,63.0,65.0,53.74,58.55
1095440425_1095440240_0,57.0,61.37,51.5,58.5
1095440543_1095440376_0,54.0,59.84,54.12,57.1
1095440543_1094237192_0,54.0,59.91,53.68,57.2
1096507243_2404830460_0,62.0,66.07,62.67,63.7
1096507245_1116354100_0,55.0,63.96,60.26,58.15
1096507245_246182757_0,55.0,62.86,56.94,63.15
1096513760_1096513772_0,55.0,64.74,58.48,58.0
1096513772_1177157024_0,55.0,64.93,57.4,57.65
1096529573_1095440425_0,63.0,66.74,54.33,58.5
1096529577_1096529573_0,56.0,60.84,53.85,58.15
1096529577_1131141534_0,62.0,59.35,51.81,54.7
1096529607_1672512265_0,62.0,57.53,54.85,58.9
1096529607_1095439603_0,56.0,58.18,56.0,59.35
1096529613_1095439659_0,56.0,56.34,51.47,57.7
1096529613_1095439702_0,62.0,56.31,52.08,56.45
1104961855_1084139081_0,62.0,65.63,53.44,57.75
1104961855_1119033380_0,62.0,65.04,53.75,57.45
1105037070_4087692901_0,63.0,62.14,59.34,58.7
1105037070_1105149745_0,62.0,61.6,54.85,57.5
1105037086_1131141538_0,59.0,60.6,56.29,58.05
1105149728_1130882694_0,63.0,67.13,61.77,63.7
1105149728_1134264310_0,65.0,71.17,64.16,64.45
1105149745_1105037070_0,62.0,61.6,54.85,57.5
1105149745_5401631423_0,62.0,62.39,52.28,56.45
1105149764_1187706670_0,61.0,64.1,61.79,62.05
1105149764_5345118961_0,61.0,65.12,62.41,64.0
1105149764_1130882703_0,59.0,62.72,58.52,60.75
1105149775_1116623956_0,61.0,61.14,54.27,57.6
1105149775_1512110718_0,59.0,62.1,51.34,57.9
1105149778_1512110711_0,61.0,58.64,52.58,60.2
1105149778_1116623855_0,59.0,59.51,52.42,59.85
1108381682_1108381685_0,59.0,63.38,53.28,57.75
1108381682_1105149745_0,63.0,62.41,52.99,57.15
1108381685_4087692901_0,63.0,61.48,53.36,59.05
1108381685_1095439505_0,59.0,61.89,50.9,57.0
1108381695_5401629314_0,59.0,65.1,52.12,57.35
1108381701_1119065594_0,59.0,58.89,56.71,60.0
1109639584_409292136_0,61.0,62.65,55.48,56.9
1109639597_10093451978_0,69.0,60.52,51.44,60.3
1109639597_1109639608_0,69.0,61.0,58.27,63.8
1109639608_4558538598_0,69.0,65.9,61.34,64.2
1113674820_1092247552_0,46.0,57.38,56.61,56.4
1113674820_1092219019_0,59.0,58.27,57.19,56.45
1113674833_1092205604_0,61.0,56.77,55.92,59.55
1113674833_1092247454_0,59.0,56.49,54.41,58.75
1113674835_1095439435_0,56.0,57.14,53.35,59.7
1113674835_1095439387_0,56.0,57.28,51.09,58.45
1113674836_1092247492_0,59.0,56.48,54.87,59.55
1113674836_1113674833_0,61.0,56.56,55.34,60.7
1113674838_1092219000_0,59.0,54.31,53.03,56.95
1113674838_1180833968_0,46.0,53.47,54.27,55.05
1113674839_1094296489_0,56.0,58.32,51.7,57.2
1113674839_1094077912_0,56.0,57.39,54.16,58.95
1113674839_1113674835_0,56.0,57.39,54.11,58.15
1113674840_1092247529_0,46.0,53.66,54.6,59.85
1113674840_1113674859_0,61.0,55.01,56.93,62.3
1113674840_1180802572_0,61.0,54.6,60.02,61.1
1113674842_1113674857_0,46.0,52.48,52.44,56.25
1113674842_1092247431_0,46.0,53.06,53.12,55.75
1113674852_1113674836_0,61.0,56.31,56.39,61.2
1113674852_1092247422_0,46.0,55.09,57.26,59.8
1113674854_1113674838_0,46.0,53.82,54.35,56.8
1113674854_1092247444_0,59.0,54.47,55.4,57.8
1113674856_1096529577_0,62.0,59.14,51.63,55.6
1113674856_1131141541_0,56.0,58.8,53.72,56.25
1113674857_1113674854_0,46.0,53.3,52.88,58.85
1113674857_1092219034_0,46.0,53.0,54.28,56.95
1113674859_1092263800_0,59.0,54.11,55.26,57.7
1113674859_1113674852_0,61.0,55.35,54.25,61.5
1116354114_1094296604_0,55.0,65.5,63.93,59.4
1116623855_1105037086_0,59.0,60.95,51.53,60.8
1116623855_1095439505_0,63.0,59.07,53.01,59.4
1116623956_1105149778_0,61.0,60.03,51.95,60.2
1116623956_1512110733_0,59.0,59.58,54.87,60.35
1119033360_1104961855_0,62.0,65.58,52.13,57.8
1119033368_1134264331_0,58.0,64.47,51.59,56.9
1119033368_1119033371_0,58.0,64.7,50.91,59.45
1119033371_1186101444_0,58.0,67.41,54.11,56.9
1119033371_1134264331_0,58.0,65.04,61.97,60.35
1119033371_1094360109_0,58.0,67.22,54.46,60.9
1119033380_1119033368_0,58.0,65.9,53.05,58.05
1119033380_1094360111_0,62.0,64.13,51.39,55.85
1119033381_1187722477_0,58.0,67.18,53.57,57.95
1119065594_1119065601_0,62.0,59.01,53.54,60.3
1119065594_1119065624_0,62.0,57.91,55.97,60.25
1119065601_1134266148_0,62.0,62.91,55.64,60.35
1119065619_1119065624_0,62.0,61.45,54.63,61.2
1119065619_1119065601_0,62.0,61.01,53.11,60.3
1119065624_1119065718_0,62.0,61.52,57.31,60.45
1119065628_1119104444_0,57.0,62.79,56.56,61.6
1119065633_4569285099_0,62.0,60.9,59.53,59.5
1119065633_1119065641_0,62.0,61.42,55.89,60.2
1119065641_1119065648_0,46.0,64.07,57.22,62.1
1119065648_1119065698_0,62.0,62.53,55.43,61.9
1119065648_1119065628_0,62.0,62.73,55.15,60.8
1119065698_1119065780_0,62.0,63.08,55.21,60.3
1119065718_1140034971_0,57.0,58.84,53.96,60.9
1119065718_1119065734_0,62.0,60.81,57.58,60.65
1119065732_1108381701_0,62.0,59.16,58.6,60.6
1119065734_10095475579_0,62.0,58.14,52.72,61.1
1119065734_1119065732_0,62.0,58.95,58.6,60.4
1119065774_1119065628_0,62.0,60.94,55.08,60.6
1119065774_1119065698_0,62.0,60.46,49.09,59.6
1119065780_1119065619_0,62.0,62.31,54.89,60.6
1119093840_1119065641_0,62.0,62.37,55.93,61.0
1119093840_4569285099_0,62.0,60.14,60.77,60.65
1119093872_1119093874_0,67.0,65.08,64.23,64.4
1119093874_1119093895_0,62.0,64.08,64.84,63.9
1119093874_607644080_0,67.0,63.84,66.72,63.05
1119093895_1124981438_0,64.0,64.42,65.7,65.35
1119093895_1119093896_0,62.0,65.02,67.28,64.45
1119093896_1119093915_0,57.0,64.92,68.11,64.65
1119093915_1119093920_0,57.0,65.21,65.41,64.9
1119093915_4358780505_0,57.0,63.81,69.38,64.85
1119093920_4358780493_0,62.0,62.86,64.26,64.9
1119093920_1119093872_0,62.0,64.66,68.16,64.8
1119093947_1119093840_0,62.0,62.01,61.05,61.85
1119104426_1119104440_0,57.0,61.02,55.14,56.65
1119104427_1119104426_0,57.0,60.02,55.9,56.65
1119104427_607644080_0,57.0,60.36,56.18,61.5
1119104440_1119104444_0,57.0,61.14,55.11,59.35
1119104443_1119104440_0,57.0,61.73,54.87,56.8
1119104443_1187702159_0,61.0,61.95,53.03,57.45
1119104444_1119065633_0,57.0,62.38,57.89,60.95
1119106283_1119106285_0,57.0,62.33,63.49,62.8
1119106283_4358780505_0,57.0,63.04,68.42,64.0
1119106285_4358780513_0,57.0,60.07,62.35,62.05
1119106285_4358780524_0,57.0,62.38,63.44,62.25
1119106285_1119106283_0,57.0,62.33,63.49,62.8
1119106303_1131137281_0,57.0,59.91,61.25,60.55
1119106303_4358780516_0,54.0,59.28,61.12,60.85
1119694752_1512110725_0,59.0,56.74,54.45,59.5
1119694752_1119065732_0,62.0,57.78,56.9,60.95
1124937218_1119093947_0,62.0,62.1,58.73,61.85
1124981404_1124981406_0,59.0,68.36,64.09,62.85
1124981404_2142861448_0,59.0,65.46,57.0,62.15
1124981406_1512110789_0,61.0,68.84,64.22,63.15
1124981406_1124981410_0,64.0,65.54,63.28,62.45
1124981410_1124981411_0,64.0,65.53,64.75,62.55
1124981410_1124981413_0,64.0,63.17,60.5,60.6
1124981411_1243851740_0,64.0,68.61,67.54,62.25
1124981413_607644081_0,64.0,62.08,63.81,61.55
1124981413_1124981438_0,64.0,62.06,61.58,62.25
1124981427_1134264311_0,64.0,65.55,55.07,59.15
1124981427_1676387272_0,63.0,64.93,59.33,62.85
1124981438_1124981460_0,64.0,66.42,68.34,62.05
1124981460_1124981411_0,64.0,68.04,67.54,62.35
1124981481_1119093896_0,64.0,64.59,65.04,62.35
1124981481_1124981460_0,64.0,66.74,67.3,62.9
1128236277_1095440425_0,63.0,65.0,53.74,58.55
1128236277_1113674856_0,56.0,60.41,54.0,57.65
1128236277_1094237264_0,63.0,62.94,53.18,57.95
1129273455_1134266124_0,62.0,70.72,51.64,56.75
1129273455_1186077444_0,62.0,64.85,51.77,57.35
1129273455_1186101430_0,58.0,71.93,52.26,56.8
1129273459_1672512394_0,59.0,61.05,56.45,57.75
1129273462_4558538601_0,69.0,63.74,56.24,62.35
1129273462_1134251269_0,69.0,66.85,57.47,63.1
1129273462_211320731_0,69.0,69.12,61.73,62.7
1129273462_211320732_0,69.0,67.85,61.09,64.45
1129276619_1134264331_0,62.0,65.7,58.18,60.25
1129276619_1119033360_0,62.0,66.1,56.91,59.75
1129276619_1186538320_0,62.0,66.33,56.07,56.95
1129276631_1186538320_0,62.0,66.7,59.28,57.65
1130841540_1134264295_0,64.0,66.01,61.94,59.65
1130841540_1130841542_0,72.0,73.53,61.67,63.15
1130841542_1130841543_0,72.0,71.55,61.16,63.05
1130841543_1130841546_0,72.0,71.9,58.08,63.1
1130841546_211318993_0,69.0,73.07,66.61,63.6
1130841547_1130841546_0,65.0,71.98,63.25,63.65
1130841547_1130841550_0,65.0,70.66,63.91,63.25
1130841550_1131425395_0,65.0,71.87,60.22,62.75
1130841550_1134264320_0,69.0,68.19,59.56,61.5
1130841552_1130841555_0,65.0,68.5,65.54,63.1
1130841552_1130841542_0,65.0,69.23,55.83,63.15
1130841555_1134264311_0,64.0,66.73,60.59,62.2
1130841555_1676387272_0,64.0,67.82,60.75,61.6
1130841563_1134264315_0,62.0,65.38,59.89,62.8
1130841563_1130841567_0,64.0,68.31,63.46,62.5
1130841567_1124981404_0,64.0,69.22,64.87,63.05
1130882691_1134264314_0,59.0,63.74,58.18,58.35
1130882691_607644089_0,63.0,63.75,67.0,63.15
1130882694_1130882708_0,63.0,64.68,57.65,59.95
1130882703_1130882691_0,63.0,63.38,57.02,60.35
1130882703_1130882706_0,59.0,61.35,58.51,60.4
1130882706_1134264292_0,63.0,64.43,54.29,61.55
1130882706_1130882708_0,59.0,62.12,54.2,60.65
1130882708_1134264305_0,63.0,64.34,56.37,59.9
1130882708_1130882711_0,59.0,62.54,54.36,58.3
1130882711_1134264306_0,55.0,64.16,53.54,58.05
1130882711_1472990982_0,63.0,65.61,59.86,59.15
1130898034_1134264316_0,63.0,64.34,54.14,56.5
1130898034_1130898075_0,57.0,62.04,48.58,54.25
1130898039_1119104426_0,57.0,61.2,57.9,56.35
1130898039_1512110783_0,57.0,61.84,61.55,60.15
1130898043_607644080_0,64.0,60.54,60.25,61.25
1130898047_1134264316_0,57.0,63.57,49.87,54.3
1130898057_1130882703_0,63.0,63.03,60.74,60.75
1130898057_1134264332_0,59.0,62.09,53.39,56.75
1130898069_1134264324_0,63.0,64.59,55.65,56.7
1130898069_1134264318_0,59.0,63.0,56.49,56.5
1130898075_1130898047_0,64.0,63.43,47.58,54.0
1130908708_1134264324_0,59.0,63.08,54.66,59.25
1130908709_1187702159_0,56.0,63.19,53.87,56.25
1130908710_1187402195_0,55.0,59.24,52.72,51.0
1130908717_1512110668_0,62.0,63.94,47.42,54.35
1130908717_1130908719_0,57.0,63.48,47.91,53.9
1130908719_1130908720_0,57.0,63.24,47.86,55.3
1130908720_1130898034_0,63.0,64.15,51.55,56.35
1130908720_1134266155_0,59.0,63.01,52.8,55.6
1131137281_4358780510_0,57.0,59.68,58.58,59.35
1131137281_4358780504_0,57.0,59.7,58.74,60.2
1131141534_1131141543_0,56.0,59.1,50.65,55.3
1131141538_1131141543_0,62.0,60.97,58.56,57.65
1131141538_1105037070_0,62.0,60.96,57.7,58.15
1131141541_1095439392_0,62.0,59.24,55.01,57.05
1131141543_1095440170_0,62.0,59.64,58.65,57.8
1131425389_1134264326_0,69.0,63.63,55.68,57.95
1131425393_1134264326_0,69.0,63.62,52.77,58.7
1131425393_1131425395_0,69.0,66.84,54.86,60.75
1131425395_1130841552_0,65.0,71.54,62.14,62.8
1131425423_1134251269_0,69.0,65.57,59.73,62.55
1131453368_1885951239_0,65.0,64.67,55.24,58.95
1131686638_1473068231_0,64.0,65.78,58.88,58.8
1131686638_1130841543_0,56.0,66.57,60.89,59.9
1131686685_1472990981_0,55.0,65.03,55.9,57.8
1131686685_1134264304_0,65.0,65.89,55.51,62.25
1134251269_1131425389_0,59.0,66.28,57.8,60.4
1134264292_1130898069_0,63.0,64.49,56.31,56.6
1134264292_1130898057_0,59.0,62.56,52.53,55.75
1134264295_1512110722_0,64.0,65.77,60.94,60.25
1134264304_1130841540_0,65.0,72.56,57.11,63.9
1134264304_1131686685_0,65.0,65.92,55.51,62.25
1134264305_1134264318_0,63.0,63.62,54.71,56.4
1134264305_1134264292_0,59.0,63.18,55.33,57.5
1134264306_1130898047_0,55.0,63.92,52.17,55.15
1134264309_1130908719_0,62.0,63.29,46.74,53.5
1134264309_5401629306_0,59.0,63.72,48.59,57.5
1134264310_1134264304_0,65.0,71.93,60.79,62.3
1134264310_1124981427_0,63.0,65.02,60.12,61.6
1134264311_1130841540_0,64.0,66.95,61.17,62.55
1134264312_1130898057_0,63.0,62.88,55.11,57.1
1134264312_1130898069_0,59.0,62.76,53.6,56.35
1134264314_1130882706_0,63.0,65.17,58.61,60.7
1134264314_1130882694_0,59.0,66.05,59.27,61.4
1134264315_1124981427_0,64.0,64.72,55.48,58.6
1134264315_1105149728_0,62.0,65.05,60.82,64.0
1134264316_1130882711_0,63.0,65.15,60.63,59.55
1134264316_1134264305_0,59.0,63.42,53.98,56.55
1134264318_1134266155_0,63.0,63.71,55.2,57.5
1134264318_1130898034_0,59.0,62.92,50.54,55.1
1134264320_1131425389_0,69.0,66.57,56.87,58.6
1134264320_211320731_0,59.0,65.75,55.9,62.45
1134264324_1134264333_0,59.0,62.39,52.57,57.7
1134264324_1512110713_0,63.0,65.23,52.92,57.95
1134264326_1131425393_0,69.0,63.62,52.77,58.7
1134264326_1109639597_0,69.0,61.53,55.86,57.5
1134264326_1131425423_0,69.0,63.79,62.47,61.8
1134264330_1130908709_0,59.0,61.04,54.52,56.1
1134264331_1648826945_0,58.0,65.64,55.25,56.4
1134264331_1129276619_0,62.0,65.7,58.18,60.25
1134264332_1134264312_0,59.0,62.08,56.72,56.65
1134264332_1134264330_0,61.0,61.57,55.72,56.25
1134264333_1134264312_0,63.0,62.62,53.54,56.4
1134264333_1134264330_0,59.0,61.64,52.57,57.5
1134266124_1094360277_0,62.0,68.71,53.3,56.75
1134266124_1108381695_0,59.0,65.04,49.49,56.5
1134266124_1129273455_0,62.0,70.75,50.95,56.85
1134266148_1119065774_0,61.0,60.81,54.43,60.05
1134266148_1153010098_0,59.0,61.14,56.67,60.75
1134266155_1134266158_0,63.0,63.65,50.93,57.0
1134266158_1130908708_0,63.0,63.62,53.58,59.35
1134266158_5401629306_0,59.0,64.11,52.73,58.7
1140034957_1140076085_0,57.0,57.46,54.77,55.7
1140034970_1140034971_0,57.0,56.75,54.56,60.1
1140034970_1143654568_0,57.0,56.47,52.74,57.7
1140034970_1243851685_0,57.0,57.17,54.09,60.95
1140034971_1143654563_0,57.0,58.26,54.52,60.55
1140034971_1140034957_0,57.0,57.6,52.23,58.0
1140034972_1140034975_0,46.0,58.25,52.53,56.9
1140034972_1140057812_0,46.0,57.04,51.88,54.7
1140034975_1140035000_0,46.0,58.09,51.33,58.75
1140034975_1140035000_1,46.0,57.58,54.59,56.35
1140035000_1140057812_0,46.0,56.61,48.82,54.7
1140035000_1140057797_0,46.0,57.14,54.44,53.7
1140057797_1140057800_0,46.0,57.41,57.28,55.75
1140057800_1141178073_0,46.0,57.51,53.07,54.7
1140057812_1140057797_0,46.0,56.79,53.07,54.65
1140076085_1140034972_0,46.0,57.94,54.69,54.65
1140076090_1140057800_0,46.0,57.54,54.92,55.8
1140076090_1140076103_0,46.0,56.88,53.21,54.95
1140076103_1143654563_0,57.0,56.81,53.71,56.1
1140076103_1140076106_0,57.0,56.64,56.99,55.15
1140076106_1140034957_0,57.0,56.94,53.96,55.6
1140076106_1140076085_0,57.0,57.12,55.33,55.3
1141178073_1141178094_0,46.0,58.0,56.25,56.95
1141178073_1141178123_0,46.0,57.85,54.48,57.2
1141178073_1145245224_0,46.0,57.35,53.85,55.6
1141178094_1141178104_0,46.0,57.68,54.75,56.45
1141178104_1141178116_0,46.0,57.32,50.67,56.2
1141178104_1512110781_0,54.0,57.37,53.97,57.05
1141178116_1140076090_0,46.0,57.33,54.97,55.95
1141178123_1141178134_0,46.0,57.45,51.26,56.0
1141178123_1141178073_0,46.0,57.85,54.48,57.2
1141178123_1145245219_0,46.0,57.1,53.16,55.85
1141178134_1141178123_0,46.0,57.43,51.44,56.05
1141178134_1141178136_0,46.0,56.0,54.51,54.8
1141178136_1141178134_0,46.0,56.32,52.84,55.3
1141178136_1141191818_0,46.0,55.92,54.27,57.05
1141191817_1145304334_0,46.0,56.33,55.15,56.6
1141191817_1512110760_0,46.0,55.91,54.99,57.05
1141191818_1512110760_0,46.0,55.79,54.84,56.8
1141191818_1141178136_0,46.0,55.94,56.19,57.15
1143654563_1143654564_0,57.0,58.32,51.68,57.5
1143654563_1145592667_0,57.0,56.3,53.47,57.1
1143654564_1512110781_0,54.0,57.68,52.9,56.75
1143654564_1141178116_0,46.0,57.38,53.74,57.4
1143654568_1140034970_0,57.0,56.47,52.74,57.7
1143654568_1141191816_0,57.0,56.01,56.72,57.1
1143654568_1145245213_0,46.0,55.87,55.26,57.1
1145245213_1145245214_0,46.0,56.88,55.57,56.85
1145245213_1145304351_0,54.0,56.72,56.68,57.15
1145245213_1143654568_0,46.0,55.88,55.26,57.1
1145245214_1145264729_0,46.0,56.74,54.3,56.6
1145245214_1145245213_0,46.0,56.88,55.57,56.85
1145245214_1145245219_0,46.0,56.46,54.68,57.3
1145245219_1145245224_0,46.0,56.7,53.87,56.35
1145245219_1141178123_0,46.0,57.09,53.16,55.85
1145245219_1145264718_0,46.0,56.44,52.31,55.6
1145245219_1145245214_0,46.0,56.44,54.68,57.35
1145245224_1145304351_0,54.0,56.6,51.44,56.75
1145245224_1141178073_0,46.0,57.34,54.38,55.55
1145245224_1145245219_0,46.0,56.72,53.34,56.4
1145264718_1145245219_0,46.0,56.43,52.31,55.6
1145264718_1141191818_0,46.0,56.21,56.19,56.95
1145264719_1145264721_0,46.0,55.66,55.57,56.5
1145264721_1145264719_0,46.0,55.66,55.57,56.5
1145264721_1145304336_0,46.0,55.42,56.62,56.95
1145264721_1141191818_0,46.0,55.71,56.02,56.7
1145264729_1145264718_0,46.0,56.47,54.7,56.75
1145304334_1141191816_0,57.0,55.89,56.95,56.85
1145304336_1145264721_0,46.0,55.42,56.62,56.95
1145304336_1512110745_0,46.0,55.63,56.93,56.45
1145304351_1145304362_0,54.0,57.3,55.77,56.95
1145304351_1145592665_0,54.0,56.2,55.83,57.4
1145304362_1141178094_0,54.0,57.22,52.45,55.5
1145592665_1145592667_0,54.0,55.68,51.76,56.85
1145592667_1143654568_0,57.0,55.54,54.96,56.9
1145592711_1092472112_0,46.0,55.18,52.72,55.4
1145592711_1145610668_0,59.0,56.35,53.93,56.75
1145610668_1095439882_0,56.0,58.1,56.8,57.6
1145610668_1092472112_0,59.0,55.99,56.32,56.8
1145610671_1145637542_0,46.0,54.76,56.42,56.5
1145610671_1145610672_0,46.0,54.73,56.73,56.75
1145610672_1145637561_0,46.0,54.6,55.04,56.7
1145637534_1512564831_0,59.0,54.58,55.09,57.2
1145637534_1145637535_0,46.0,54.59,52.44,57.5
1145637535_1145637561_0,46.0,54.23,53.72,56.55
1145637542_1145637552_0,46.0,53.98,53.81,55.8
1145637542_1145644758_0,46.0,53.32,52.52,55.4
1145637542_1145657870_0,46.0,54.22,55.57,56.8
1145637552_1145637567_0,46.0,53.95,51.94,55.4
1145637552_1145637535_0,46.0,54.21,54.28,55.3
1145637561_1512564831_0,46.0,54.8,56.76,57.0
1145637567_1145637552_0,46.0,53.95,51.94,55.4
1145637574_1145610672_0,46.0,54.14,49.2,55.75
1145637574_1145610671_0,46.0,54.35,53.2,56.25
1145644758_1145637542_0,46.0,53.36,51.94,55.45
1145657870_1169016378_0,46.0,51.76,53.78,55.4
1145657870_1169035414_0,46.0,53.5,55.58,56.1
1153010098_1672512313_0,56.0,60.19,50.83,55.5
1153010098_1512110748_0,59.0,61.25,57.0,58.7
1169016284_1169016298_0,46.0,48.56,54.26,52.15
1169016284_1169016378_0,46.0,50.13,52.35,52.05
1169016298_1169016284_0,46.0,48.35,53.89,51.95
1169016298_1169016353_0,46.0,45.64,49.39,51.25
1169016353_1169016298_0,46.0,45.63,49.39,51.25
1169016378_8706350395_0,46.0,50.52,49.57,51.45
1169035368_1169035371_0,46.0,53.25,55.94,56.9
1169035368_1169035433_0,46.0,53.39,54.83,57.1
1169035371_1169035384_0,46.0,52.75,55.39,57.25
1169035371_1169035376_0,46.0,52.79,50.85,55.5
1169035376_1169035388_0,46.0,53.22,54.74,59.35
1169035376_1092219071_0,46.0,52.75,54.35,59.0
1169035384_1169035371_0,46.0,52.75,55.39,57.25
1169035388_1169035376_0,46.0,53.22,54.74,59.35
1169035390_1180833970_0,59.0,53.5,56.03,59.65
1169035390_1169035376_0,46.0,53.39,56.57,60.15
1169035403_1092219016_0,46.0,54.2,54.08,58.15
1169035403_1169035368_0,46.0,53.46,54.7,56.7
1169035414_1169035416_0,46.0,54.04,53.77,57.45
1169035414_1169035403_0,46.0,53.82,55.83,57.55
1169035416_1145637574_0,46.0,53.94,54.51,56.9
1169035433_1169035368_0,46.0,53.41,55.64,57.05
1177120041_10106993225_0,54.0,61.3,52.24,54.35
1177120044_1177120041_0,54.0,60.14,47.96,54.9
1177120044_1177120047_0,54.0,59.27,52.05,55.2
1177120047_1177120059_0,54.0,58.89,50.55,55.75
1177120050_1177183156_0,64.0,60.54,54.23,61.0
1177120050_1512110522_0,54.0,59.15,53.58,59.1
1177120050_1091842294_0,64.0,61.09,56.51,61.5
1177120059_1177120060_0,54.0,59.55,49.11,56.15
1177120060_1177157005_0,63.0,62.72,55.83,59.85
1177120060_1091842276_0,63.0,61.95,50.75,57.55
1177120071_1177157005_0,63.0,63.12,59.17,59.7
1177120071_1177120059_0,54.0,60.08,51.12,58.05
1177120071_1177120098_0,63.0,62.77,58.47,57.6
1177120079_1094077936_0,57.0,58.79,49.16,56.15
1177120079_1177120041_0,54.0,60.55,47.32,55.6
1177120079_1177120094_0,54.0,59.99,48.18,55.5
1177120094_1177120079_0,54.0,60.02,47.34,55.45
1177120098_1177120044_0,54.0,60.2,50.63,55.17
1177120098_10106993225_0,63.0,62.67,59.43,57.45
1177120098_1177120071_0,63.0,62.77,58.47,57.6
1177120124_1094237195_0,57.0,60.84,51.58,56.85
1177120124_1094077936_0,57.0,60.22,49.15,55.95
1177156992_1177156995_0,54.0,60.57,53.57,57.3
1177156992_1177157035_0,54.0,60.51,48.21,55.85
1177156995_1177157005_0,54.0,60.78,56.12,58.9
1177156995_1177157016_0,54.0,60.11,53.74,57.2
1177157005_1177156995_0,54.0,60.78,56.12,58.9
1177157005_1177120071_0,63.0,63.12,59.17,59.7
1177157005_1177120060_0,63.0,62.72,55.83,59.85
1177157014_2407138071_0,61.0,62.61,52.95,57.7
1177157014_246182757_0,61.0,63.25,61.03,63.2
1177157014_1177157016_0,54.0,60.85,52.17,57.85
1177157016_1177156992_0,54.0,60.21,54.7,57.6
1177157016_1177157014_0,54.0,60.83,52.17,57.85
1177157024_12181435188_0,54.0,64.58,56.95,57.9
1177157024_12181435186_0,55.0,64.73,56.99,58.2
1177157035_1177156992_0,54.0,60.52,48.21,55.85
1177157035_12181435188_0,54.0,62.44,52.52,56.15
1177157035_1177157058_0,54.0,59.75,52.75,56.15
1177157058_1085377805_0,61.0,63.0,52.42,59.75
1177157058_1091842279_0,61.0,63.75,53.03,57.55
1177183150_1091826692_0,64.0,58.76,53.32,57.7
1177183150_1177183156_0,64.0,60.07,57.16,60.25
1177183150_1177183156_1,64.0,59.82,55.53,59.8
1177183156_1177120050_0,64.0,60.54,54.23,61.0
1177183156_1177183150_0,64.0,60.08,57.08,60.25
1177183161_1180750433_0,54.0,56.4,57.36,57.35
1177183161_246182003_0,54.0,56.49,52.22,58.3
1180686279_1180686283_0,54.0,54.99,53.79,56.65
1180686279_1512564829_0,54.0,55.16,56.66,56.95
1180686283_1180686279_0,54.0,54.99,53.79,56.65
1180727051_1180686279_0,54.0,54.53,58.03,59.1
1180727051_1512110572_0,54.0,54.42,54.7,58.4
1180750433_1512564829_0,54.0,55.87,55.57,57.15
1180750433_4569344752_0,54.0,54.52,55.48,57.2
1180750434_1180727051_0,54.0,54.98,57.82,59.4
1180750443_1091868583_0,46.0,54.33,55.46,59.7
1180750443_1512110622_0,46.0,54.67,58.64,59.6
1180802572_1113674840_0,61.0,54.6,60.02,61.1
1180802572_1243851768_0,61.0,54.74,57.18,61.05
1180833967_1092247454_0,46.0,54.13,55.65,56.25
1180833968_1113674838_0,46.0,53.47,54.27,55.05
1180833970_1092219034_0,46.0,53.01,53.39,57.15
1180833970_1092219016_0,59.0,53.58,54.15,59.65
1186060828_1108381682_0,63.0,63.63,47.08,55.8
1186060828_5401629305_0,54.0,64.5,50.18,57.2
1186077444_1129273455_0,62.0,64.82,51.77,57.25
1186101430_1512110646_0,58.0,64.48,54.86,56.3
1186101444_1512110646_0,54.0,64.19,52.42,56.05
1186101444_1186101445_0,58.0,68.39,53.7,57.85
1186101444_1186538328_0,58.0,65.16,52.19,55.95
1186101445_1186538328_0,58.0,72.42,54.23,57.45
1186101445_1186101459_0,58.0,76.04,57.86,58.1
1186101445_1119033381_0,58.0,66.34,55.3,57.95
1186101459_1187402076_0,62.0,65.28,55.27,54.15
1186538320_1129276631_0,62.0,66.7,59.28,57.65
1186538320_1186538333_0,54.0,65.45,56.39,57.4
1186538320_1129276619_0,62.0,66.33,56.07,56.95
1186538328_1186101430_0,58.0,71.27,54.33,56.0
1186538328_1186538346_0,54.0,65.06,53.98,57.15
1186538333_1186538320_0,54.0,65.45,56.39,57.4
1186538346_1186538328_0,54.0,65.06,53.98,57.15
1187334109_1512110626_0,69.0,79.13,63.82,63.45
1187334109_211317741_0,69.0,71.55,65.53,63.5
1187402076_1187402139_0,62.0,62.0,48.74,50.65
1187402076_1187402195_0,62.0,62.18,48.28,50.95
1187672560_1187706670_0,61.0,63.97,55.51,57.4
1187672560_1119104443_0,61.0,61.83,52.9,56.95
1187672580_1187672560_0,61.0,63.56,55.3,57.55
1187672580_1134264332_0,59.0,61.92,54.11,57.35
1187702147_1188131652_0,56.0,55.25,53.83,59.35
1187702147_1512110715_0,56.0,57.47,56.38,59.15
1187702159_1187672580_0,61.0,63.31,54.75,59.5
1187706670_1187672560_0,61.0,63.97,55.51,57.4
1187706670_1105149764_0,61.0,64.1,61.79,62.05
1187722456_243494580_0,69.0,75.98,62.71,63.25
1187722456_1512110626_0,69.0,72.71,65.16,64.6
1187722477_1129276619_0,62.0,67.07,54.09,57.15
1187722477_2404853941_0,62.0,67.28,61.92,59.85
1187722485_1187722456_0,58.0,73.68,57.54,60.3
1187722485_10098682767_0,58.0,67.36,56.78,57.25
1188085576_1512110715_0,56.0,57.49,50.28,56.75
1188085576_1188131642_0,56.0,56.45,50.49,57.1
1188085598_1096529613_0,56.0,56.72,53.9,56.9
1188085605_1512110737_0,56.0,56.06,50.4,56.3
1188131630_1512110748_0,56.0,60.45,53.15,58.3
1188131635_1188131638_0,54.0,55.5,56.29,60.3
1188131635_1512110725_0,54.0,55.53,53.27,59.2
1188131638_1119694752_0,62.0,57.53,55.14,60.75
1188131642_1188131652_0,56.0,55.86,54.74,56.9
1188131642_1188131635_0,54.0,54.25,50.95,57.55
1188131652_1188085598_0,56.0,56.38,49.78,58.35
1188131655_1187702147_0,56.0,55.48,55.49,59.4
1188131659_1512110711_0,56.0,56.13,54.87,59.65
1188131659_1116623855_0,63.0,59.59,53.92,58.55
1189660030_1200015496_0,60.0,63.31,54.55,59.05
1189660030_1200015481_0,60.0,64.53,53.59,58.4
1189660045_4353325940_0,75.0,66.14,57.98,60.25
1189660045_1192963700_0,74.0,63.88,51.51,57.65
1189660061_728705262_0,68.0,62.58,53.02,60.0
1189660062_1189660061_0,68.0,62.76,52.4,56.65
1190021712_1512110651_0,68.0,62.3,52.76,56.95
1190021712_1189660062_0,68.0,62.14,44.63,56.45
1190021724_12463364889_0,74.0,64.3,54.31,58.85
1190021724_1190021755_0,74.0,64.46,56.14,58.65
1190021755_1189660030_0,60.0,65.11,56.59,58.75
1192963700_1190021724_0,74.0,63.96,48.73,54.4
1200000507_1258265825_0,61.0,62.76,55.54,57.05
1200000507_1200000508_0,60.0,61.66,54.35,57.3
1200000508_1200000510_0,61.0,61.52,57.02,57.2
1200000510_728705256_0,61.0,60.75,55.37,57.4
1200000512_1200059344_0,60.0,61.22,55.87,57.15
1200000513_1200000508_0,61.0,62.64,56.28,57.0
1200000513_1258265825_0,61.0,63.52,57.35,58.8
1200005204_1200038216_0,60.0,62.51,52.25,56.6
1200005269_1200015397_0,61.0,61.65,54.58,57.0
1200005269_1200005204_0,61.0,62.27,52.47,56.35
1200015397_1200015405_0,61.0,61.81,47.75,55.5
1200015397_7839120969_0,63.0,61.03,48.35,56.7
1200015405_1200015410_0,63.0,62.73,51.56,59.1
1200015410_1200024385_0,61.0,62.98,56.07,57.5
1200015416_1200005204_0,61.0,61.84,48.74,55.3
1200015416_1200015405_0,61.0,62.5,51.06,58.95
1200015419_1200015472_0,60.0,62.82,54.3,55.55
1200015472_1200015481_0,60.0,62.52,53.11,59.35
1200015472_1200015496_0,60.0,61.88,50.91,55.4
1200015481_1189660045_0,74.0,64.41,52.74,58.75
1200015496_1200015416_0,60.0,62.58,52.11,59.05
1200024335_1200015419_0,61.0,62.68,51.69,56.2
1200024335_1200024387_0,61.0,63.03,49.31,55.4
1200024345_1200024335_0,61.0,63.06,48.42,55.5
1200024385_1200024387_0,61.0,63.19,53.16,56.45
1200024385_1200015419_0,61.0,62.72,54.64,55.85
1200024387_1200024627_0,61.0,63.46,48.51,55.65
1200024396_1200024345_0,61.0,62.88,47.56,55.5
1200024396_1200024401_0,61.0,64.36,58.5,62.85
1200024401_1672512252_0,61.0,65.97,62.33,63.25
1200024627_2143335953_0,63.0,63.81,52.17,56.45
1200024627_1200024396_0,61.0,63.78,50.58,55.95
1200028693_1200038211_0,74.0,63.01,55.63,59.05
1200038211_1512110648_0,60.0,61.89,50.31,55.1
1200038211_1200059342_0,68.0,61.37,52.47,55.3
1200038216_1200059347_0,60.0,62.85,59.31,55.85
1200038216_409292135_0,60.0,62.61,55.63,56.55
1200059342_1512110651_0,68.0,61.08,47.28,55.15
1200059342_1189660062_0,68.0,61.78,48.45,56.25
1200059344_1200000507_0,60.0,61.41,54.2,57.35
1200059345_1190021712_0,68.0,62.66,55.28,57.55
1200059346_1200059347_0,60.0,62.4,53.61,55.65
1200059346_1512110664_0,60.0,61.94,52.82,55.05
1200059346_1512110648_0,60.0,62.12,52.31,55.95
1200059347_1200059346_0,60.0,62.4,53.61,55.65
1200059347_1200038216_0,60.0,62.85,59.31,55.85
1200059348_1200059345_0,60.0,62.76,55.1,57.65
1200059348_1512110684_0,60.0,62.49,50.59,56.25
1200554673_1200554688_0,59.0,62.1,50.15,53.25
1200554673_2088186040_0,54.0,62.24,51.19,55.0
1200554688_1200554673_0,59.0,62.1,50.15,53.25
1200580244_1130898075_0,64.0,63.45,46.97,53.7
1200580244_1130908717_0,57.0,63.76,48.54,53.55
1243851685_1140034970_0,57.0,57.17,54.09,60.95
1243851685_1095439681_0,62.0,58.79,57.83,60.1
1243851740_10207374186_0,64.0,67.36,61.31,62.6
1243851740_1243851777_0,64.0,67.3,67.11,62.9
1243851768_245935463_0,61.0,53.69,52.69,55.6
1243851768_10102980234_0,61.0,53.95,57.35,60.15
1243851777_1124981481_0,64.0,67.14,67.74,62.55
1243851790_4570126146_0,63.0,62.2,53.66,60.8
1243851790_2407138066_0,63.0,61.56,56.05,60.4
1243851855_1096529577_0,56.0,59.43,57.0,57.55
1243851855_1095440170_0,56.0,59.23,56.96,57.65
1249875748_1512110572_0,63.0,55.86,55.65,60.7
1249875748_1180686279_0,54.0,54.71,53.9,57.45
1258265825_728705259_0,68.0,63.69,58.6,58.8
1305278134_4584610470_0,61.0,56.28,54.37,58.6
1383136506_1091842279_0,55.0,65.63,61.54,58.15
1383136506_1094296604_0,55.0,65.63,62.05,58.2
1416545434_1416545428_0,71.0,95.63,65.38,71.3
1472990981_1134264306_0,55.0,64.26,55.51,56.25
1472990982_1472990981_0,55.0,64.99,58.81,58.85
1472990982_1134264310_0,63.0,66.02,60.99,61.6
1472993474_5345118960_0,57.0,63.11,63.93,63.45
1472993474_607644081_0,67.0,65.14,67.75,63.8
1472993474_5346954184_0,67.0,66.46,66.56,64.85
1473068231_1473068233_0,56.0,64.12,49.96,54.85
1473068231_1134264295_0,64.0,65.84,64.34,59.8
1512110522_1091842257_0,54.0,58.53,53.82,57.5
1512110522_1177120047_0,54.0,58.97,53.78,56.95
1512110572_246181271_0,63.0,55.44,57.31,61.05
1512110572_1180750443_0,46.0,54.68,58.06,59.65
1512110622_1512110629_0,46.0,55.84,57.93,59.6
1512110622_1249875748_0,59.0,54.74,51.43,57.65
1512110626_1512110649_0,62.0,75.05,60.69,61.35
1512110626_1187334109_0,69.0,79.13,63.82,63.45
1512110626_1187722456_0,69.0,72.69,65.16,64.55
1512110629_1113674820_0,46.0,57.06,55.33,59.6
1512110629_1094077853_0,59.0,56.22,50.31,57.55
1512110633_1091868583_0,46.0,54.53,52.41,58.2
1512110633_1512110622_0,59.0,54.73,53.57,57.6
1512110646_1186101444_0,54.0,64.19,52.42,56.05
1512110646_1119033371_0,58.0,64.72,54.62,56.5
1512110648_1190021755_0,74.0,63.98,53.42,58.5
1512110648_1200059346_0,60.0,62.12,52.31,55.95
1512110649_1186101459_0,62.0,76.34,55.09,57.65
1512110649_1187722485_0,58.0,71.55,56.39,57.9
1512110649_1187722477_0,58.0,67.76,55.18,58.35
1512110651_1512110648_0,68.0,61.6,51.11,55.3
1512110651_1512110664_0,60.0,61.97,58.2,57.05
1512110655_1108381695_0,62.0,64.4,53.45,57.35
1512110655_1129273455_0,59.0,65.96,54.77,57.5
1512110664_1512110684_0,60.0,62.37,55.68,56.85
1512110664_1200059345_0,60.0,62.42,52.25,55.6
1512110668_1134264309_0,59.0,63.76,46.24,53.35
1512110668_1512110655_0,62.0,64.35,45.88,56.1
1512110681_1512110655_0,59.0,65.23,51.51,57.35
1512110681_1134264309_0,62.0,63.81,46.65,55.5
1512110684_1200059344_0,60.0,62.15,54.2,57.65
1512110684_1200059347_0,60.0,62.28,56.28,55.2
1512110711_4087692906_0,61.0,57.89,55.61,60.6
1512110711_1188131655_0,56.0,55.7,53.71,58.6
1512110713_1108381685_0,63.0,62.82,51.8,56.7
1512110713_1186060828_0,59.0,63.87,52.06,57.5
1512110715_1105149778_0,59.0,58.73,52.79,56.55
1512110715_1512110733_0,56.0,58.49,53.84,59.5
1512110718_1512110713_0,59.0,63.53,51.29,58.4
1512110718_1134264333_0,63.0,60.97,52.69,57.3
1512110722_1472990853_0,55.0,64.31,51.38,54.8
1512110722_1131686685_0,64.0,65.32,56.75,57.6
1512110725_1188085576_0,59.0,57.45,53.98,59.8
1512110725_1512110746_0,56.0,55.29,52.53,57.95
1512110733_1512110737_0,59.0,58.82,54.84,60.4
1512110733_1188131630_0,56.0,59.28,54.47,56.55
1512110737_1188085576_0,56.0,55.5,48.71,59.4
1512110737_1512110746_0,59.0,58.42,56.73,59.8
1512110745_1141191817_0,46.0,56.01,55.95,56.95
1512110745_1145304334_0,46.0,55.49,53.68,56.05
1512110746_1108381701_0,59.0,58.0,55.95,59.75
1512110746_1188131628_0,56.0,55.68,50.17,56.7
1512110748_1188131630_0,56.0,60.45,53.15,58.3
1512110748_1130908709_0,56.0,62.36,54.09,58.5
1512110760_1141191818_0,46.0,55.79,54.84,56.8
1512110760_1145304336_0,46.0,55.87,55.8,56.65
1512110760_1145264729_0,46.0,56.16,54.3,55.85
1512110760_1141191817_0,46.0,55.91,54.99,57.05
1512110781_1145304362_0,54.0,57.45,52.21,57.0
1512110781_1145592665_0,54.0,56.58,52.29,57.1
1512110783_1105149764_0,57.0,62.38,61.07,61.25
1512110783_1187706670_0,57.0,62.16,59.39,60.2
1512110786_1134264315_0,64.0,64.79,60.88,62.1
1512110786_1124981413_0,64.0,63.44,61.03,62.3
1512110786_5346954184_0,61.0,66.66,65.73,65.1
1512110786_1512110789_0,61.0,67.47,64.49,62.2
1512110789_1130841567_0,64.0,68.98,62.54,63.15
1512110789_1512110786_0,61.0,67.47,64.49,62.2
1512564829_1086375875_0,54.0,56.22,55.65,58.5
1512564829_1094296854_0,54.0,56.25,54.75,56.85
1512564830_1200000510_0,60.0,62.0,56.21,56.55
1512564831_1092219000_0,59.0,55.1,54.95,57.55
1512564831_1145592711_0,46.0,55.59,59.53,56.45
1562259320_288944159_0,61.0,54.67,57.87,58.95
1562259320_245936609_0,61.0,55.57,52.04,56.65
1562259326_1777427676_0,61.0,54.26,52.68,56.1
1562259338_245936231_0,61.0,52.28,55.33,56.95
1562259338_245935463_0,61.0,52.7,54.29,57.0
1562259365_8426609760_0,61.0,55.39,56.69,59.5
1562259365_10102978853_0,54.0,54.6,52.44,56.4
1564374009_211305824_0,69.0,66.76,55.86,58.5
1564374009_211310173_0,69.0,67.52,56.68,61.55
1609997963_2484613878_0,62.0,63.33,52.41,56.5
1609997967_1091842276_0,63.0,62.2,51.28,60.45
1609997967_246182520_0,63.0,61.74,53.27,60.65
1609997988_1094360111_0,62.0,65.97,53.36,56.85
1609997988_1084139081_0,62.0,64.31,56.78,56.9
1609997995_2484613875_0,63.0,65.64,55.54,60.0
1609997995_1085377812_0,57.0,63.42,58.4,57.7
1609998009_10106993225_0,63.0,63.87,57.23,57.6
1609998009_1085377805_0,63.0,65.08,58.73,58.3
1624926347_1092219005_0,63.0,62.17,54.08,57.4
1624926347_1094237291_0,63.0,59.03,56.16,59.4
1648826945_1119033381_0,58.0,66.18,54.89,57.55
1648826945_1186101444_0,58.0,65.55,54.86,55.75
1672512155_1672512452_0,60.0,70.92,58.32,58.6
1672512178_1200024401_0,59.0,64.7,56.99,62.7
1672512187_1672512245_0,65.0,70.27,56.46,58.6
1672512207_245491719_0,68.0,70.39,62.94,58.35
1672512207_1672512375_0,68.0,71.26,57.18,58.95
1672512233_11382810685_0,65.0,72.85,64.17,64.8
1672512233_2404835470_0,65.0,72.08,59.23,60.75
1672512245_1672512207_0,68.0,70.63,58.58,58.65
1672512245_11382810675_0,65.0,68.03,59.86,60.25
1672512252_1672512439_0,65.0,69.61,55.95,58.55
1672512265_1188131655_0,54.0,54.98,54.9,57.65
1672512265_1096529607_0,62.0,57.53,54.85,58.9
1672512265_1095439629_0,62.0,56.95,54.53,57.85
1672512276_4347724102_0,71.0,74.85,51.9,58.6
1672512313_1153010098_0,56.0,60.19,50.83,55.5
1672512320_1200024345_0,61.0,65.52,56.01,61.45
1672512320_1672512252_0,60.0,69.68,56.11,58.55
1672512342_1672512353_0,60.0,69.12,58.12,58.85
1672512342_4558577507_0,60.0,70.19,53.77,59.95
1672512344_4554626299_0,65.0,70.03,56.11,58.65
1672512353_12180995970_0,60.0,69.87,55.45,58.65
1672512375_1672512155_0,65.0,70.7,57.33,58.95
1672512375_1672512344_0,65.0,69.22,56.88,58.85
1672512394_1109639597_0,69.0,60.42,53.74,58.95
1672512394_1131425393_0,69.0,63.36,57.24,58.35
1672512406_2404835470_0,65.0,69.73,56.11,58.65
1672512406_1672512187_0,65.0,68.44,55.75,57.65
1672512429_1672512435_0,68.0,68.31,53.73,58.7
1672512429_1672512276_0,68.0,74.68,51.25,58.0
1672512435_1672512342_0,60.0,69.68,53.27,60.15
1672512439_1672512155_0,65.0,68.73,57.57,57.65
1672512439_1672512344_0,65.0,69.6,55.9,58.9
1672512452_1672512353_0,60.0,70.67,56.41,60.0
1672512452_4558577507_0,60.0,69.53,61.28,58.85
1676387272_1130841563_0,64.0,68.26,64.78,62.15
1693128085_245491904_0,54.0,63.15,56.2,63.15
1693797759_1693806116_0,61.0,64.4,63.11,62.15
1693797759_246811978_0,55.0,62.82,53.1,58.15
1693806115_246182757_0,61.0,63.31,61.33,62.6
1693806116_1693806115_0,61.0,64.18,57.46,59.55
1693806116_1885951244_0,61.0,65.75,58.07,61.0
1763262440_4558538601_0,60.0,64.42,59.12,63.4
1763262440_211321253_0,69.0,65.54,60.13,64.2
1777427676_245935861_0,61.0,55.36,59.19,60.0
1843795431_2088186040_0,59.0,62.78,50.03,57.25
1843795431_245491904_0,63.0,64.48,58.69,63.7
1843795431_2143335953_0,63.0,63.74,53.87,57.6
1843795432_245491934_0,59.0,66.59,61.62,60.7
1843795432_211318996_0,63.0,70.3,66.72,63.95
1843795432_245491906_0,63.0,66.96,61.93,63.7
1843795433_409137871_0,63.0,66.04,52.73,57.05
1885951239_246811978_0,55.0,64.58,54.95,59.7
1885951241_211310173_0,69.0,68.06,57.09,62.05
1885951241_211311619_0,69.0,67.62,57.18,61.35
1885951244_211310729_0,69.0,68.72,60.64,61.05
1885951247_1885951249_0,69.0,66.8,58.34,58.25
1885951249_1885951244_0,69.0,67.22,57.58,58.75
1994627752_1994627759_0,68.0,69.48,59.24,57.75
1994627752_243495392_0,68.0,69.95,58.2,57.9
1994627759_1994627752_0,68.0,69.48,59.24,57.75
1994627759_4353325969_0,68.0,67.64,60.69,57.35
1994627759_4568983480_0,68.0,67.76,54.77,54.4
2088186040_409137869_0,59.0,62.35,49.84,55.3
2142861448_1124981404_0,59.0,65.46,57.0,62.15
2142861448_2142861448_0,59.0,64.9,55.12,55.85
2143335939_2143335953_0,59.0,62.96,50.65,54.6
2143335953_1200024627_0,63.0,63.81,52.17,56.45
2143335953_2143335939_0,59.0,62.96,50.65,54.6
2143335953_1843795431_0,63.0,63.74,53.87,57.6
2143335963_2143335964_0,60.0,62.99,54.71,58.1
2143335963_4558538601_0,60.0,62.83,56.87,64.05
2143335964_2143335965_0,60.0,62.97,54.58,58.0
2143335964_2143335963_0,60.0,62.99,54.71,58.1
2143335965_409131078_0,60.0,62.32,54.28,56.95
2143335965_2143335964_0,60.0,62.97,54.58,58.0
2187119246_10093451978_0,69.0,61.09,55.78,64.25
2221700167_242925500_0,71.0,99.06,58.57,55.35
2221700186_5772382718_0,71.0,100.45,62.35,60.05
2221700186_2221700167_0,71.0,99.07,62.86,60.3
2221700286_5772382718_0,71.0,98.7,69.0,72.0
2221700286_5772382717_0,71.0,98.46,60.47,53.45
2221700312_5772382701_0,71.0,95.2,62.68,52.95
2332249073_2332249079_0,71.0,98.0,65.28,71.4
2332249079_1416545434_0,71.0,97.45,67.87,71.45
2338038473_1693806115_0,61.0,63.76,55.31,58.55
2383446335_206378333_0,69.0,54.36,44.31,48.75
2383446341_2383446364_0,69.0,54.77,48.05,49.95
2383446341_6315715531_0,71.0,55.86,50.2,49.65
2383446352_2383446355_0,69.0,54.88,51.48,50.45
2383446355_2383446341_0,69.0,55.01,51.79,50.45
2383446364_2383446335_0,69.0,54.61,46.33,49.95
2404830460_1119033360_0,62.0,66.08,54.05,57.6
2404830460_1096507243_0,62.0,66.07,62.67,63.7
2404835470_1672512233_0,65.0,72.08,59.23,60.75
2404835470_1672512187_0,65.0,69.89,55.81,58.6
2407138065_4560313023_0,61.0,62.93,60.1,61.8
2407138066_1243851790_0,63.0,61.57,56.05,60.4
2407138066_246182514_0,63.0,61.27,50.34,56.55
2407138071_2407138072_0,61.0,61.33,53.95,59.75
2407138071_1177157014_0,61.0,62.61,52.95,57.7
2407138072_246182519_0,61.0,61.44,54.14,59.7
2484613875_1609997995_0,63.0,65.64,55.54,60.0
2484613875_1094360143_0,63.0,65.77,54.71,57.35
2484613878_2484613875_0,63.0,63.03,53.22,57.4
2484613878_1094360143_0,63.0,63.38,52.19,56.95
2987193084_10840344519_0,59.0,61.26,63.08,63.6
2987193084_10840344511_0,69.0,62.32,67.32,64.05
2987193088_728705278_0,60.0,63.3,69.16,65.05
2987193095_2987196295_0,69.0,62.07,69.12,64.05
2987196295_9959380164_0,69.0,62.26,67.45,64.05
3088102812_3088105221_0,71.0,55.29,49.92,49.5
3088102817_5531281610_0,71.0,58.39,50.4,49.8
3088102827_3088102830_0,71.0,56.21,49.63,49.3
3088102827_4353309860_0,71.0,58.74,52.74,50.25
3088102830_3088102812_0,71.0,56.2,52.16,50.35
3088105135_3088102827_0,71.0,56.36,52.16,50.4
3088105221_2383446355_0,71.0,54.92,51.88,50.4
3088105224_8569349889_0,71.0,58.24,53.01,49.7
3088105224_4469422088_0,71.0,56.74,49.22,48.5
3783460876_4353309814_0,71.0,60.43,49.81,49.55
3783460876_3783460882_0,71.0,58.9,50.72,46.57
3783460882_4357570550_0,71.0,60.71,52.19,50.4
3783460882_4346548508_0,71.0,60.05,51.14,50.1
3783460895_3783460905_0,71.0,59.48,50.63,47.47
3783460895_3088102817_0,71.0,61.1,49.07,51.2
3783460905_3783460895_0,71.0,59.48,50.63,47.47
3783460905_4353309862_0,71.0,57.47,52.17,49.8
3783460937_4353325945_0,68.0,71.88,57.58,61.5
3783461459_4353309859_0,71.0,57.48,56.79,48.5
4087692901_1105037086_0,63.0,61.75,57.56,59.0
4087692906_1096529607_0,61.0,59.02,56.18,59.55
4087692913_1188131638_0,62.0,58.13,56.28,61.4
4087692913_10095475579_0,62.0,58.53,57.8,61.25
4087742266_1113674856_0,62.0,59.08,51.62,57.2
4087742266_1094237297_0,62.0,60.2,52.11,59.25
4087742279_1113674839_0,56.0,57.48,54.23,57.75
4087775578_246182133_0,61.0,53.85,55.15,57.25
4087775578_246181270_0,61.0,54.07,56.34,59.35
4223738578_11382810677_0,69.0,68.58,63.62,63.25
4223738578_11382810675_0,65.0,68.67,61.58,62.35
4223738581_11382810685_0,65.0,73.13,66.67,64.75
4223738581_243494580_0,69.0,74.04,61.94,64.6
4223738581_11382810677_0,69.0,69.11,64.4,63.6
4271743735_475572102_0,75.0,92.45,53.96,50.2
4271743735_4271749701_0,75.0,95.35,55.74,52.35
4271749701_475572103_0,75.0,94.14,52.82,53.05
4346548501_4353309859_0,71.0,57.91,53.26,49.2
4346548508_4353309837_0,71.0,59.44,52.44,50.1
4346548521_4357570567_0,71.0,60.4,50.38,52.85
4347724102_4357570568_0,68.0,69.34,58.03,59.5
4347724102_4353325946_0,71.0,75.13,64.27,63.25
4353309812_4353309814_0,71.0,65.76,61.56,58.45
4353309812_3783460937_0,68.0,71.88,56.04,61.35
4353309813_4353309814_0,71.0,61.88,49.06,48.6
4353309813_3783460937_0,71.0,65.16,59.77,58.5
4353309814_3783460895_0,71.0,61.39,50.01,49.3
4353309814_4353309813_0,71.0,61.88,49.06,48.6
4353309814_3783460876_0,71.0,60.43,49.81,49.55
4353309818_4357570568_0,71.0,70.4,63.44,63.2
4353309818_4353325944_0,68.0,69.06,58.88,62.55
4353309820_3783460876_0,71.0,58.45,50.49,50.0
4353309837_4353309820_0,71.0,58.45,52.86,50.15
4353309837_4353309858_0,71.0,57.67,53.47,50.15
4353309858_4346548501_0,71.0,57.49,54.7,49.8
4353309859_4353309861_0,71.0,58.44,53.41,49.5
4353309860_3783460905_0,71.0,58.33,52.47,49.5
4353309861_4353309860_0,71.0,58.46,52.59,48.1
4353309861_3088105224_0,71.0,59.04,52.85,50.05
4353309862_4353309858_0,71.0,56.44,47.6,47.35
4353309862_4353309820_0,71.0,57.4,51.03,50.2
4353325928_1672512276_0,68.0,68.44,53.99,58.55
4353325928_1672512435_0,68.0,69.72,52.9,58.45
4353325940_4353325928_0,68.0,69.55,53.02,57.95
4353325942_1192963700_0,75.0,65.8,56.09,61.0
4353325942_4353325940_0,71.0,69.82,53.02,58.1
4353325944_4353309812_0,68.0,72.14,56.46,61.5
4353325945_4357570569_0,68.0,70.39,58.85,61.2
4353325945_214925862_0,71.0,70.7,57.67,61.7
4353325946_9450392714_0,71.0,67.69,55.89,60.75
4353325946_4353325944_0,68.0,72.14,62.45,62.95
4353325969_1994627759_0,68.0,67.64,60.69,57.35
4357570550_12180995976_0,71.0,61.67,50.74,50.7
4357570567_3783461459_0,71.0,57.35,55.04,49.85
4357570567_4469422085_0,71.0,57.7,57.26,50.05
4357570568_4353325942_0,68.0,70.6,58.95,59.2
4357570569_4357587942_0,71.0,65.66,57.58,58.25
4357570569_4353309818_0,68.0,71.96,57.31,60.9
4357587942_4357570569_0,71.0,65.66,57.58,58.25
4358780493_1124937218_0,62.0,61.73,59.54,61.45
4358780493_4358780498_0,54.0,60.44,60.73,59.8
4358780494_4358780497_0,54.0,59.24,56.78,59.85
4358780494_1124937218_0,57.0,60.26,58.09,60.25
4358780497_4358780494_0,54.0,59.24,56.78,59.85
4358780497_4358780501_0,54.0,59.38,56.0,57.2
4358780497_4358780498_0,54.0,60.27,57.95,59.05
4358780498_4358780501_0,54.0,60.74,59.55,60.75
4358780498_4358780502_0,54.0,60.54,62.98,62.15
4358780498_4358780497_0,54.0,60.24,58.13,59.05
4358780498_4358780493_0,54.0,60.44,60.49,59.8
4358780501_4358780498_0,54.0,60.74,59.55,60.75
4358780501_4358780508_0,54.0,59.31,59.71,60.35
4358780501_4358780497_0,54.0,59.36,56.18,57.2
4358780501_4358780502_0,54.0,60.52,62.98,62.15
4358780502_4358780505_0,54.0,60.71,62.89,60.65
4358780502_4358780501_0,54.0,60.52,62.98,62.15
4358780502_4358780498_0,54.0,60.53,62.98,62.15
4358780504_4358780494_0,57.0,59.87,59.56,60.25
4358780504_4358780507_0,54.0,59.33,60.26,60.1
4358780505_4358780502_0,54.0,60.71,62.89,60.65
4358780505_1119106283_0,57.0,63.04,68.42,64.0
4358780505_1119093915_0,57.0,63.81,69.38,64.85
4358780507_4358780504_0,54.0,59.33,60.26,60.1
4358780507_4358780510_0,54.0,59.6,58.81,60.05
4358780507_4358780508_0,54.0,59.37,58.74,59.35
4358780508_4358780501_0,54.0,59.31,59.71,60.35
4358780508_4358780512_0,54.0,59.56,61.31,60.0
4358780508_4358780507_0,54.0,59.36,58.74,59.3
4358780510_4358780507_0,54.0,59.6,58.81,60.05
4358780510_4358780511_0,57.0,60.01,60.65,60.1
4358780511_4358780512_0,57.0,60.16,62.38,61.65
4358780511_4358780513_0,57.0,60.0,61.27,60.15
4358780512_1119106283_0,57.0,60.49,62.64,62.15
4358780512_4358780508_0,54.0,59.55,61.31,60.0
4358780513_1119106303_0,57.0,59.67,57.67,56.75
4358780513_4358780517_0,54.0,59.65,60.38,60.05
4358780513_4358780511_0,57.0,60.0,61.27,60.15
4358780516_4358780517_0,54.0,59.83,59.29,57.4
4358780516_1119106303_0,54.0,59.28,61.12,60.85
4358780516_4358780520_0,54.0,59.75,61.08,60.2
4358780517_4358780520_0,54.0,60.1,61.04,60.05
4358780517_4358780513_0,54.0,59.65,60.38,60.05
4358780517_4358780521_0,54.0,60.0,59.4,59.6
4358780517_4358780516_0,54.0,59.83,59.29,57.4
4358780520_4358780523_0,54.0,59.47,60.12,60.15
4358780520_4358780517_0,54.0,60.1,61.04,60.05
4358780520_4358780516_0,54.0,59.75,61.08,60.2
4358780520_4358780521_0,54.0,59.93,60.37,58.0
4358780521_4358780524_0,54.0,60.27,61.32,63.05
4358780521_4358780517_0,54.0,59.99,59.4,59.6
4358780521_4358780520_0,54.0,59.92,60.66,58.0
4358780523_4358780520_0,54.0,59.47,60.12,60.15
4358780524_4358780521_0,54.0,60.27,61.32,63.05
4358780524_1119106285_0,57.0,62.38,63.44,62.25
4469422084_6315715531_0,71.0,54.73,48.59,47.4
4469422084_6315715548_0,71.0,55.17,51.21,49.2
4469422085_4469422084_0,71.0,55.04,49.98,48.8
4469422088_4469422085_0,71.0,55.72,50.58,48.7
4549490595_473593916_0,74.0,74.6,61.7,63.2
4549490595_214925654_0,75.0,69.59,61.68,61.65
4549490596_473593917_0,74.0,74.7,62.59,62.95
4554626299_1672512178_0,59.0,65.77,57.73,58.05
4554626299_1672512406_0,65.0,69.61,56.54,58.65
4556222967_470891229_0,74.0,72.89,60.16,47.65
4558538598_211321256_0,69.0,65.58,62.93,64.15
4558538598_1131425423_0,69.0,63.23,58.34,63.9
4558538601_1763262440_0,60.0,64.42,59.12,63.4
4558538601_2143335963_0,60.0,62.84,56.87,64.05
4558577507_1672512320_0,60.0,70.03,56.11,58.55
4560313023_4560313024_0,63.0,62.01,59.27,60.5
4560313024_2407138066_0,63.0,61.67,57.48,60.4
4560313024_246182514_0,61.0,61.55,57.64,60.2
4568983477_245491716_0,68.0,69.31,56.45,56.1
4568983477_4568983480_0,68.0,68.42,56.87,54.25
4568983477_1994627752_0,68.0,67.94,57.18,54.5
4568983480_4568983477_0,68.0,68.42,56.87,54.25
4568983480_245491717_0,68.0,67.27,56.87,54.2
4568983480_245491688_0,68.0,67.4,56.85,54.55
4569265245_3088102817_0,71.0,58.47,46.66,50.35
4569265245_4353309813_0,71.0,61.2,47.16,48.3
4569285097_1119093872_0,62.0,61.29,62.8,63.8
4569285097_1119093947_0,62.0,59.95,61.17,58.55
4569285099_4569285100_0,57.0,60.41,62.01,60.3
4569285100_1119104427_0,57.0,59.61,58.53,58.9
4569285100_4569285097_0,57.0,60.18,62.09,60.35
4569318327_1562259326_0,61.0,54.74,53.98,56.8
4569344748_4620449099_0,61.0,53.94,54.92,57.45
4569344748_4587244525_0,61.0,53.99,55.89,57.1
4569344749_4587244525_0,61.0,54.7,56.55,57.2
4569344749_246182298_0,61.0,54.03,55.49,57.3
4569344752_1180750433_0,54.0,54.52,55.48,57.2
4569344752_4569344753_0,54.0,53.88,56.43,57.0
4569344753_4620449097_0,54.0,53.94,55.86,57.4
4569344753_1180750434_0,54.0,53.91,56.13,57.1
4569344756_4569344752_0,54.0,53.77,54.05,56.4
4569344756_4620449097_0,54.0,54.4,56.36,57.3
4570126146_246811464_0,61.0,63.07,54.5,60.95
4584610470_4584610471_0,61.0,56.01,54.25,58.1
4584610470_4569344748_0,61.0,54.21,53.72,57.85
4584610471_4569318327_0,61.0,56.35,54.53,58.15
4587244525_246181791_0,61.0,56.23,54.78,60.75
4587244527_1180750434_0,54.0,54.49,56.52,57.25
4587244527_4087775578_0,61.0,53.96,56.52,57.2
4620449097_4587244527_0,54.0,54.37,56.36,57.2
4620449099_4569344749_0,61.0,54.65,56.55,57.2
5345118960_1512110783_0,57.0,62.62,61.45,60.65
5345118960_5345118961_0,57.0,63.36,66.07,59.65
5345118961_1105149764_0,61.0,65.12,62.41,64.0
5345118961_5346954184_0,61.0,66.31,62.71,63.85
5345154771_1130841552_0,59.0,64.72,52.44,58.15
5345154771_1131425393_0,59.0,63.04,55.04,56.7
5346948498_5401629305_0,63.0,64.94,53.45,56.2
5346948498_1108381682_0,59.0,64.45,51.94,57.2
5346948499_5401631423_0,62.0,64.29,54.41,56.6
5346948499_1094360498_0,62.0,63.67,52.9,55.65
5346954184_5345118961_0,61.0,66.3,63.53,63.85
5346954184_1472993474_0,67.0,66.46,66.56,64.85
5346954184_607644089_0,67.0,69.34,67.09,65.7
5346954184_1512110786_0,61.0,66.66,65.73,65.1
5401629305_1512110681_0,59.0,64.93,51.46,56.05
5401629305_5401629306_0,63.0,65.52,51.27,57.65
5401629306_1130908720_0,63.0,64.58,57.45,58.5
5401629314_5346948498_0,59.0,65.2,53.49,58.55
5401629314_1512110681_0,62.0,63.79,50.3,57.05
5401629314_8665045217_0,54.0,63.6,50.02,56.25
5401631423_5346948499_0,62.0,64.29,54.41,56.6
5401631423_5346948498_0,63.0,63.63,54.29,56.5
5401631423_1105149745_0,62.0,62.39,52.28,56.45
5531281610_3088105135_0,71.0,57.39,47.87,49.15
5772379239_5772382726_0,71.0,75.51,77.83,59.55
5772379239_5772382686_0,71.0,97.05,61.21,52.25
5772382686_242926973_0,71.0,97.58,61.26,52.2
5772382696_5772382717_0,71.0,98.32,60.47,53.5
5772382696_2221700312_0,71.0,96.11,56.7,53.2
5772382701_5772379239_0,71.0,94.74,59.18,51.85
5772382701_5772382686_0,71.0,94.93,59.05,52.35
5772382717_2221700312_0,71.0,96.12,58.89,52.95
5772382717_2221700286_0,71.0,98.46,60.47,53.45
5772382718_2221700286_0,71.0,98.7,69.0,72.0
5772382718_2221700167_0,71.0,98.81,57.87,55.55
5772382726_214924708_0,71.0,70.73,54.19,59.85
5772382726_5772379239_0,71.0,75.51,77.93,59.55
6289097043_1092263787_0,59.0,57.11,56.18,60.75
6315715531_6315715532_0,71.0,55.49,50.88,48.9
6315715532_4469422088_0,71.0,55.79,53.38,49.05
6315715532_8569349879_0,71.0,56.09,49.39,49.35
6315715548_2383446364_0,71.0,55.14,53.1,49.75
6315715548_206378333_0,69.0,54.3,52.06,49.3
6447291071_1094077933_0,57.0,59.14,50.35,57.5
6447291071_1091842257_0,57.0,58.32,54.07,57.0
6447291071_6447291072_0,54.0,58.13,52.38,55.95
6447291072_6447291071_0,54.0,58.13,52.38,55.95
7839120968_7839120969_0,59.0,61.03,46.83,54.9
7839120968_1200015410_0,63.0,62.54,53.11,55.35
7839120969_409128578_0,63.0,61.69,51.44,56.45
8119286345_10207412148_0,59.0,58.13,52.64,54.0
8119286345_10207412150_0,59.0,57.9,53.34,55.15
8426609760_1562259320_0,61.0,55.02,59.18,59.3
8569349879_3088105221_0,71.0,56.19,50.91,48.45
8569349879_8569349889_0,71.0,57.18,50.53,48.65
8569349889_3088102830_0,71.0,57.49,53.1,49.95
8665045217_5401629314_0,54.0,63.6,50.02,56.25
8706350395_1145657870_0,46.0,52.46,53.67,54.4
9450392714_4353325946_0,71.0,67.69,55.89,60.75
9450392714_4346548521_0,71.0,62.5,51.49,50.45
9959380164_2987193084_0,69.0,62.41,67.32,64.25
10093451976_1672512394_0,59.0,60.66,51.57,58.75
10093451976_10093506076_0,59.0,59.82,54.29,57.0
10093451977_10093451976_0,59.0,61.11,53.61,60.7
10093451977_11423339058_0,59.0,58.65,53.9,58.2
10093451978_10093451977_0,69.0,60.88,52.34,60.65
10093506076_1129273459_0,59.0,58.95,52.44,56.5
10093506076_10207412150_0,59.0,59.3,52.07,56.3
10095475579_1243851685_0,57.0,60.02,58.42,61.9
10098682767_1187729184_0,55.0,65.94,57.32,54.8
10098682767_1187722485_0,58.0,67.36,56.78,57.25
10102978853_245936371_0,54.0,54.2,51.37,57.5
10102978858_8426609760_0,54.0,54.62,51.45,55.9
10102978858_10102978853_0,54.0,54.93,55.79,56.85
10102980234_245936353_0,61.0,53.79,57.02,60.75
10106993225_1609998009_0,63.0,63.87,57.23,57.6
10106993225_1177120098_0,63.0,62.67,59.43,57.45
10108109102_728705271_0,60.0,60.96,65.09,63.5
10108109102_10108109105_0,60.0,61.72,58.39,60.55
10108109103_728705249_0,60.0,62.09,59.76,60.45
10108109104_728705253_0,60.0,63.52,60.66,60.25
10108109104_10108109103_0,60.0,62.07,54.81,56.55
10108109105_10108109106_0,60.0,62.26,59.93,60.5
10108109106_728705264_0,60.0,61.74,55.84,56.35
10108109106_10108109104_0,60.0,62.36,59.65,60.45
10185494293_11382809945_0,69.0,62.27,63.67,63.55
10185494293_2987193088_0,69.0,62.84,66.4,63.95
10185494294_10185494295_0,69.0,61.71,60.81,64.65
10185494294_10207412156_0,59.0,60.36,59.03,64.25
10185494295_10207349882_0,69.0,62.46,60.51,64.65
10185494295_211321896_0,69.0,63.05,59.2,63.65
10207349882_2987193088_0,69.0,62.9,66.73,64.45
10207374170_10840344511_0,59.0,62.48,67.98,63.85
10207374174_10840344509_0,59.0,60.53,58.51,59.15
10207374174_12346156720_0,59.0,58.87,56.74,59.7
10207374186_10207374193_0,59.0,66.02,60.61,61.8
10207374193_10207412147_0,59.0,61.75,59.9,59.25
10207374193_10207374196_0,59.0,65.4,57.92,62.05
10207374196_10207412117_0,59.0,64.23,57.13,60.15
10207374196_10207412133_0,59.0,64.48,54.7,62.15
10207374206_1243851777_0,64.0,65.98,60.88,63.2
10207374206_10207374186_0,59.0,64.8,58.05,62.8
10207412117_10207412127_0,59.0,64.84,55.11,59.75
10207412127_10840344508_0,59.0,62.33,58.95,59.65
10207412127_10840344521_0,59.0,64.09,54.39,59.55
10207412133_10207374206_0,59.0,64.61,58.02,62.5
10207412137_10207412133_0,59.0,63.5,55.8,59.95
10207412137_10207412117_0,59.0,63.99,53.58,59.2
10207412147_12346112890_0,59.0,58.0,53.79,54.55
10207412147_10207412148_0,59.0,58.46,52.04,54.45
10207412147_10207374193_0,59.0,61.75,59.9,59.25
10207412147_12346156720_0,59.0,58.88,54.96,57.35
10207412148_8119286345_0,59.0,58.13,52.64,54.0
10207412148_10207412147_0,59.0,58.46,52.04,54.45
10207412150_11423339059_0,59.0,56.54,52.62,55.95
10207412150_10093506076_0,59.0,59.3,52.07,56.3
10207412151_10207374170_0,59.0,62.07,58.4,62.95
10207412153_12346156720_0,59.0,57.14,55.65,57.55
10207412154_12346156720_0,59.0,57.05,56.26,56.85
10207412154_10207412148_0,59.0,56.65,54.4,55.25
10207412156_11382809938_0,69.0,60.6,56.78,64.3
10207412160_10207374170_0,59.0,58.97,57.78,62.3
10840344508_10207374174_0,59.0,60.56,59.22,59.1
10840344509_13055947328_0,59.0,57.61,59.47,59.35
10840344509_10840344510_0,59.0,60.58,58.39,59.2
10840344510_10207412151_0,59.0,60.97,57.92,59.6
10840344510_10840344519_0,59.0,61.1,58.98,59.35
10840344511_10185494293_0,69.0,63.18,67.17,64.6
10840344519_10840344528_0,59.0,61.25,58.61,59.35
10840344521_10207412137_0,59.0,63.96,54.32,59.5
10840344525_11275922906_0,59.0,62.04,56.48,58.75
10840344528_10840344525_0,59.0,61.08,59.09,59.2
10840344528_10840344508_0,59.0,61.08,59.23,59.4
11275922906_10840344521_0,59.0,62.82,57.1,59.1
11382809938_2187119246_0,69.0,61.2,56.86,63.65
11382809938_11382809942_0,59.0,58.52,57.92,63.55
11382809941_10207412151_0,59.0,57.77,54.64,59.05
11382809941_13055947328_0,59.0,57.02,52.86,56.45
11382809942_12346156730_0,59.0,58.71,52.18,58.0
11382809942_11382809941_0,59.0,57.65,51.04,56.25
11382809945_10185494294_0,69.0,62.51,61.62,64.1
11382809945_10207412160_0,59.0,59.01,59.5,62.8
11382810675_1672512245_0,65.0,68.03,59.86,60.25
11382810675_11382810677_0,65.0,68.9,62.46,63.15
11382810677_4223738578_0,69.0,68.58,63.62,63.25
11382810677_4223738581_0,69.0,69.11,64.4,63.6
11382810685_1672512233_0,65.0,72.85,64.17,64.8
11382810685_4223738581_0,65.0,73.13,66.67,64.75
11382810685_11382810690_0,65.0,68.62,61.6,62.9
11382810690_1672512233_0,59.0,69.1,60.94,60.85
11387988431_242925495_0,71.0,99.4,64.24,63.05
11387988431_473481292_0,71.0,92.1,77.75,63.05
11423339058_11423339059_0,59.0,57.47,51.93,55.6
11423339058_11382809942_0,59.0,58.76,52.3,57.3
11423339059_11382809941_0,59.0,56.65,52.53,56.15
12180995969_12180995971_0,68.0,67.46,59.67,58.4
12180995969_245491682_0,69.0,67.05,59.48,58.5
12180995970_12180995969_0,69.0,66.98,58.9,58.4
12180995970_243494597_0,69.0,69.62,55.45,58.8
12180995971_245491682_0,68.0,72.83,55.98,58.2
12180995971_245491716_0,68.0,74.4,60.18,58.15
12180995976_4346548521_0,71.0,60.76,49.31,48.0
12180995976_9450392714_0,71.0,62.58,51.49,50.45
12181435186_1096507245_0,55.0,63.63,55.42,57.55
12181435188_1177157035_0,54.0,62.43,52.52,56.15
12181435188_12181435186_0,54.0,63.91,54.82,58.3
12346112890_12346112890_0,59.0,57.45,54.39,50.95
12346112890_12346112890_1,59.0,57.45,54.39,50.95
12346112890_10207412147_0,59.0,58.0,53.79,54.55
12346156720_10207412153_0,59.0,57.14,55.65,57.55
12346156720_10207374174_0,59.0,58.87,56.74,59.7
12346156720_10207412147_0,59.0,58.88,54.96,57.35
12346156730_10207412160_0,59.0,58.61,49.1,60.25
12346156730_10207412156_0,59.0,58.54,60.18,63.75
12463364889_1200028693_0,74.0,63.95,54.36,58.9
13055947328_10207412154_0,59.0,57.09,54.62,55.65
13055947328_8119286345_0,59.0,56.88,57.0,55.5
