road_id,db_true,pred_linear_si,pred_xgboost_si,pred_random_si,db_diff_rf_si
206378333_6315715548_0,68.0,58.12,53.2,48.35,-19.65
208568922_208568921_0,70.0,64.17,76.33,64.35,-5.65
208568926_208568922_1,70.0,63.25,77.04,64.65,-5.35
208595138_208595144_0,70.0,65.42,72.36,66.2,-3.8
208595144_2332249073_0,70.0,64.52,76.77,64.25,-5.75
211305820_211305823_0,64.0,63.1,61.63,61.75,-2.25
211305823_1564374009_0,68.0,63.89,62.92,62.6,-5.4
211305823_211305824_0,68.0,62.29,62.57,62.55,-5.45
211305824_211305825_0,64.0,63.76,61.45,61.45,-2.55
211305825_1131453368_0,68.0,62.22,60.45,61.0,-7.0
211310173_211311619_0,68.0,66.68,60.61,63.45,-4.55
211310173_1564374009_0,68.0,66.49,62.62,64.1,-3.9
211310729_1885951241_0,68.0,66.83,61.92,64.04,-3.96
211311619_211311623_0,68.0,65.99,62.17,63.85,-4.15
211311623_211313493_0,68.0,64.8,64.39,62.45,-5.55
211311623_1885951247_0,68.0,62.31,62.62,61.3,-6.7
211313493_1885951247_0,68.0,64.93,65.26,62.23,-5.77
211313493_1094296689_0,68.0,65.08,64.14,60.5,-7.5
211317741_243495396_0,68.0,65.92,62.65,57.48,-10.52
211317741_1187334109_0,68.0,65.61,66.29,63.05,-4.95
211317741_1094296689_0,68.0,65.42,63.12,57.58,-10.42
211318993_211318996_0,68.0,69.99,63.02,64.15,-3.85
211318993_243494580_0,68.0,70.69,61.54,64.45,-3.55
211318996_211319000_0,68.0,69.75,63.9,64.45,-3.55
211318996_1843795432_0,63.0,69.6,62.31,63.9,0.9
211319000_1130841547_0,68.0,70.25,62.0,63.75,-4.25
211319000_211320730_0,68.0,69.46,62.39,64.8,-3.2
211320730_409137876_0,63.0,67.33,60.79,62.72,-0.28
211320730_211320731_0,68.0,68.67,63.07,63.45,-4.55
211320730_211319000_0,68.0,69.46,62.39,64.8,-3.2
211320731_1129273462_0,68.0,68.23,61.84,63.55,-4.45
211320731_211320730_0,68.0,68.67,63.07,63.45,-4.55
211320732_1129273462_0,68.0,67.03,63.42,63.4,-4.6
211320732_211321251_0,68.0,66.84,62.48,63.2,-4.8
211321251_1763262440_0,68.0,66.17,62.37,63.55,-4.45
211321253_211321896_0,68.0,63.32,62.04,62.8,-5.2
211321253_728705258_0,68.0,63.68,61.52,61.7,-6.3
211321256_211320732_0,68.0,65.59,61.96,62.6,-5.4
211321256_211321251_0,68.0,64.78,61.38,62.45,-5.55
211321896_10185494295_0,68.0,63.78,61.53,62.25,-5.75
211321896_211321900_0,68.0,64.21,62.03,62.6,-5.4
211321900_2187119246_0,68.0,64.66,62.4,63.7,-4.3
211321900_1109639608_0,68.0,65.36,63.72,63.65,-4.35
214922958_214922960_0,70.0,59.02,73.65,63.0,-7.0
214922960_214922962_0,68.0,61.58,63.59,63.35,-4.65
214922960_214922958_0,70.0,59.02,73.65,63.0,-7.0
214922962_214922960_0,68.0,61.58,63.59,63.35,-4.65
214922962_214923388_0,70.0,62.41,64.71,64.3,-5.7
214923388_214924707_0,70.0,63.44,65.77,64.2,-5.8
214923391_214925654_0,70.0,62.45,64.32,64.15,-5.85
214923391_214924711_0,70.0,66.81,67.53,66.4,-3.6
214923395_214922962_0,70.0,64.16,63.04,64.45,-5.55
214923395_214923388_0,70.0,63.85,63.95,64.55,-5.45
214924707_5772382726_0,70.0,62.48,64.21,64.15,-5.85
214924707_214924708_0,70.0,62.35,67.24,64.3,-5.7
214924708_214923391_0,70.0,66.78,67.25,66.45,-3.55
214924711_214924714_0,70.0,66.91,66.73,66.3,-3.7
214924714_214925862_0,70.0,66.88,66.13,66.05,-3.95
214924714_214924716_0,70.0,62.45,66.77,64.3,-5.7
214924716_214923395_0,70.0,65.07,65.15,65.45,-4.55
214925654_4549490595_0,74.0,63.77,65.07,63.9,-10.1
214925654_214924711_0,70.0,64.76,63.38,64.25,-5.75
214925862_4353325945_0,70.0,70.26,66.77,66.5,-3.5
214925862_214924716_0,70.0,65.25,64.45,66.05,-3.95
242925411_242925494_0,70.0,66.18,68.98,65.75,-4.25
242925494_11387988431_0,70.0,66.22,69.21,65.5,-4.5
242925494_242925495_0,70.0,66.93,69.09,65.5,-4.5
242925495_2221700186_0,70.0,70.23,69.75,66.2,-3.8
242925500_242925411_0,70.0,66.13,72.06,65.95,-4.05
242926973_5772382696_0,70.0,69.11,67.08,66.1,-3.9
243494580_4223738581_0,68.0,69.37,64.03,64.75,-3.25
243494580_211318993_0,68.0,70.69,61.54,64.45,-3.55
243494580_1187722456_0,68.0,69.48,66.38,66.1,-1.9
243494597_1672512429_0,68.0,68.47,65.2,64.7,-3.3
243495392_243495422_0,68.0,64.27,65.55,57.05,-10.95
243495392_1994627752_0,68.0,64.05,65.54,62.3,-5.7
243495396_243495392_0,68.0,62.17,59.18,56.91,-11.09
243495396_211317741_0,68.0,65.92,62.65,57.48,-10.52
243495422_243495396_0,68.0,65.15,64.6,57.6,-10.4
243495422_245491719_0,68.0,65.19,63.27,61.72,-6.28
245491677_245491689_0,70.0,62.1,65.16,63.59,-6.41
245491682_243494597_0,68.0,68.38,64.1,64.55,-3.45
245491682_245491677_0,68.0,62.99,67.44,62.93,-5.07
245491688_245491689_0,70.0,61.24,65.44,63.38,-6.62
245491688_4568983477_0,68.0,61.74,63.37,62.05,-5.95
245491689_245491716_0,68.0,62.59,63.76,60.03,-7.97
245491689_245491688_0,70.0,61.24,65.44,63.38,-6.62
245491689_245491677_0,70.0,62.1,65.16,63.59,-6.41
245491716_4568983477_0,68.0,62.88,63.12,62.62,-5.38
245491716_245491689_0,68.0,62.59,63.76,60.03,-7.97
245491716_12180995971_0,68.0,67.25,59.93,63.45,-4.55
245491716_245491719_0,68.0,66.77,57.97,62.3,-5.7
245491717_245491717_0,68.0,59.11,61.07,61.45,-6.55
245491717_4568983480_0,68.0,61.18,62.33,62.35,-5.65
245491719_1672512207_0,68.0,66.85,62.18,61.4,-6.6
245491719_245491716_0,68.0,66.77,57.97,62.3,-5.7
245491719_243495422_0,68.0,65.19,63.27,61.72,-6.28
245491719_1187334109_0,68.0,68.11,61.99,65.4,-2.6
245491904_1693128085_0,54.0,59.82,59.19,60.8,6.8
245491904_245491906_0,63.0,64.04,64.04,62.88,-0.12
245491904_1843795431_0,63.0,63.09,62.56,62.42,-0.58
245491904_409137871_0,59.0,59.98,62.89,61.15,2.15
245491906_1843795432_0,63.0,66.21,62.52,64.4,1.4
245491906_245491904_0,63.0,64.04,64.04,62.88,-0.12
245491906_1843795433_0,59.0,61.01,62.68,62.06,3.06
245491934_1672512178_0,59.0,62.0,64.78,63.02,4.02
245491934_11382810690_0,59.0,66.19,63.37,65.05,6.05
245935461_1562259338_0,60.0,49.94,50.95,55.59,-4.41
245935861_1562259365_0,60.0,54.92,60.79,55.85,-4.15
245936231_245936541_0,46.0,48.14,58.65,55.65,9.65
245936231_245936405_0,59.0,49.19,50.46,51.72,-7.28
245936350_1180802572_0,59.0,53.25,57.73,57.62,-1.38
245936350_245936514_0,59.0,53.41,58.93,55.98,-3.02
245936353_245936513_0,46.0,50.5,55.65,60.42,14.42
245936353_245936350_0,59.0,52.78,53.53,58.9,-0.1
245936370_245936371_0,59.0,55.03,57.28,54.9,-4.1
245936370_245936514_0,59.0,53.27,58.16,56.05,-2.95
245936370_245936393_0,46.0,51.54,55.38,54.76,8.76
245936371_245936370_0,59.0,55.03,57.28,54.9,-4.1
245936371_246181265_0,59.0,56.86,54.82,55.55,-3.45
245936393_245936514_0,46.0,49.36,55.02,55.55,9.55
245936393_245936395_0,46.0,50.3,47.09,53.95,7.95
245936395_245936457_0,46.0,50.03,51.07,56.35,10.35
245936395_245936513_0,46.0,49.13,49.21,54.77,8.77
245936399_245936456_0,46.0,48.5,54.19,56.2,10.2
245936399_245936401_0,46.0,48.01,50.04,52.0,6.0
245936401_245936453_0,46.0,47.67,54.83,51.5,5.5
245936401_245936405_0,46.0,47.29,50.0,52.2,6.2
245936405_245936453_0,59.0,49.26,54.56,51.8,-7.2
245936453_245936456_0,59.0,50.39,54.31,56.1,-2.9
245936456_10102980234_0,59.0,51.81,54.27,54.92,-4.08
245936457_245936399_0,46.0,49.31,51.04,52.55,6.55
245936513_245936353_0,46.0,50.5,55.65,60.42,14.42
245936513_245936457_0,46.0,48.95,49.49,56.45,10.45
245936514_245936370_0,59.0,53.27,58.16,56.05,-2.95
245936514_245936350_0,59.0,53.41,58.93,55.98,-3.02
245936532_10102978858_0,46.0,50.33,57.08,55.25,9.25
245936541_245936558_0,51.0,46.03,53.45,52.97,1.97
245936541_245936532_0,46.0,47.53,52.19,52.7,6.7
245936558_245935461_0,60.0,49.72,54.87,55.9,-4.1
245936609_245936532_0,51.0,47.28,51.22,53.98,2.98
245936609_245936558_0,60.0,49.73,55.64,54.25,-5.75
246181265_245936371_0,59.0,56.86,54.82,55.55,-3.45
246181265_246181267_0,59.0,55.36,58.9,59.65,0.65
246181267_245935861_0,61.0,55.84,58.01,55.25,-5.75
246181267_246181268_0,59.0,56.99,58.38,55.05,-3.95
246181268_1092263653_0,59.0,55.84,55.91,55.1,-3.9
246181268_246181270_0,59.0,57.17,59.74,55.15,-3.85
246181270_246181271_0,59.0,57.35,59.59,55.35,-3.65
246181271_246181265_0,59.0,57.21,60.08,55.3,-3.7
246181791_246181792_0,59.0,60.33,56.96,55.25,-3.75
246181792_1086375812_0,54.0,55.68,58.08,57.4,3.4
246181792_2407138065_0,59.0,62.65,61.76,59.4,0.4
246182003_246181791_0,59.0,59.24,55.99,56.0,-3.0
246182003_246182298_0,59.0,57.42,56.62,56.45,-2.55
246182133_1091868516_0,59.0,56.19,57.91,56.4,-2.6
246182298_4569344756_0,59.0,56.49,55.75,56.6,-2.4
246182514_246182517_0,59.0,62.15,58.32,57.55,-1.45
246182517_2407138071_0,59.0,61.67,57.08,57.25,-1.75
246182517_2407138072_0,59.0,61.02,57.99,58.2,-0.8
246182519_1609997967_0,63.0,61.52,56.86,57.75,-5.25
246182519_246182520_0,59.0,63.15,60.59,61.41,2.41
246182520_246182522_0,63.0,64.34,61.86,61.67,-1.33
246182522_1091842294_0,62.0,63.31,60.89,61.85,-0.15
246182522_4560313023_0,63.0,64.07,61.45,61.5,-1.5
246182757_1693797759_0,59.0,64.78,60.3,60.02,1.02
246182757_1177157014_0,59.0,64.37,59.8,60.58,1.58
246811462_246811482_0,63.0,57.96,57.2,56.4,-6.6
246811464_1086375812_0,60.0,56.52,57.55,57.7,-2.3
246811482_1243851790_0,63.0,57.64,58.71,56.25,-6.75
246811482_4570126146_0,60.0,57.22,58.03,56.35,-3.65
246811887_246811462_0,64.0,59.61,55.53,56.25,-7.75
246811978_246811887_0,55.0,60.11,55.89,55.0,0.0
409128578_409137868_0,59.0,59.16,60.67,60.42,1.42
409128578_409128580_0,63.0,62.04,58.3,59.07,-3.93
409128580_2143335965_0,59.0,58.94,54.73,56.75,-2.25
409131078_409128578_0,59.0,61.75,58.99,60.59,1.59
409131078_2143335965_0,60.0,62.31,58.71,58.92,-1.08
409131078_1512564830_0,59.0,61.0,57.27,57.2,-1.8
409131078_409292136_0,60.0,62.73,60.77,59.37,-0.63
409137868_1200554673_0,59.0,59.35,59.79,59.85,0.85
409137868_7839120968_0,63.0,63.75,61.48,61.55,-1.45
409137869_409128580_0,59.0,62.63,60.41,61.1,2.1
409137869_409137868_0,63.0,63.57,61.37,61.35,-1.65
409137871_409137869_0,63.0,63.88,63.59,59.8,-3.2
409137871_245491904_0,59.0,59.98,62.89,61.15,2.15
409137876_1843795433_0,63.0,65.8,63.23,63.25,0.25
409137876_1843795432_0,59.0,67.5,61.34,63.8,4.8
409292135_1200000512_0,61.0,59.06,58.42,56.4,-4.6
409292135_1109639584_0,61.0,60.87,57.86,56.65,-4.35
409292136_1200005269_0,61.0,61.43,62.01,57.8,-3.2
409292136_409131078_0,60.0,62.73,60.77,59.37,-0.63
470891194_473480022_0,74.0,63.75,70.28,64.55,-9.45
470891208_470891212_0,74.0,63.64,64.9,52.8,-21.2
470891212_473476285_0,74.0,63.28,58.94,53.57,-20.43
470891212_473480356_0,74.0,61.41,63.45,50.76,-23.24
472447898_4556222967_0,73.0,61.31,65.33,53.72,-19.28
472447898_472447916_0,73.0,62.11,65.92,53.62,-19.38
472447916_473480356_0,74.0,62.88,63.7,53.62,-20.38
473475862_473476286_0,74.0,63.84,70.62,63.9,-10.1
473476285_4556222967_0,73.0,62.78,64.33,53.82,-19.18
473479961_473480378_0,74.0,64.13,65.03,56.3,-17.7
473480022_4271743735_0,74.0,63.06,74.08,66.5,-7.5
473480356_473480374_0,74.0,63.33,62.41,63.6,-10.4
473480374_473479961_0,74.0,61.4,60.71,50.72,-23.28
473480374_473481308_0,74.0,63.68,63.32,52.72,-21.28
473480378_470891208_0,74.0,63.88,64.25,54.55,-19.45
473481292_473481295_0,74.0,62.46,70.25,62.65,-11.35
473481292_11387988431_0,70.0,66.98,68.47,64.3,-5.7
473481295_473481298_0,74.0,61.69,69.12,63.35,-10.65
473481298_473481308_0,74.0,65.22,65.12,63.65,-10.35
473481298_473481292_0,74.0,65.37,67.04,63.6,-10.4
473481308_473479961_0,74.0,64.41,64.43,56.9,-17.1
473481308_473481298_0,74.0,65.22,65.12,63.65,-10.35
473593916_473593917_0,73.0,61.01,65.78,63.45,-9.55
473593916_4549490595_0,73.0,61.37,65.63,63.45,-9.55
473593917_4549490596_0,73.0,60.42,66.89,63.2,-9.8
473593917_473593916_0,73.0,61.01,65.78,63.45,-9.55
607644062_1131686638_0,56.0,60.19,59.7,56.7,0.7
607644080_1119093874_0,65.0,61.67,63.13,62.7,-2.3
607644080_607644081_0,65.0,61.82,64.01,61.9,-3.1
607644081_1130898039_0,57.0,59.46,62.75,60.56,3.56
607644081_607644080_0,65.0,61.82,64.01,61.9,-3.1
607644081_1472993474_0,65.0,62.73,66.26,64.0,-1.0
607644089_607644091_0,65.0,65.64,65.92,65.05,0.05
607644091_1134264314_0,62.0,61.28,70.71,63.7,1.7
607644091_1105149728_0,65.0,66.0,66.47,65.0,0.0
728705249_10108109102_0,60.0,60.36,56.35,56.7,-3.3
728705250_728705253_0,60.0,60.91,56.13,55.95,-4.05
728705250_10108109103_0,60.0,60.01,58.29,58.59,-1.41
728705251_728705250_0,68.0,60.2,55.59,55.35,-12.65
728705253_1200000513_0,60.0,61.23,55.61,56.8,-3.2
728705256_1109639584_0,61.0,60.91,60.19,56.8,-4.2
728705256_1200000512_0,61.0,59.6,55.6,56.05,-4.95
728705258_728705264_0,60.0,60.16,58.21,57.34,-2.66
728705258_10207349882_0,68.0,61.98,59.09,60.75,-7.25
728705259_1200059348_0,68.0,60.88,60.93,56.85,-11.15
728705259_1189660061_0,68.0,59.92,55.7,55.85,-12.15
728705262_728705251_0,68.0,59.88,55.86,55.35,-12.65
728705264_1512564830_0,60.0,59.42,56.8,56.5,-3.5
728705264_2143335964_0,59.0,58.77,58.1,57.4,-1.6
728705264_10108109106_0,60.0,58.76,57.62,56.7,-3.3
728705271_2987193095_0,60.0,60.74,59.55,57.88,-2.12
728705278_10108109105_0,60.0,62.98,58.66,61.6,1.6
728705278_728705271_0,60.0,60.79,57.33,57.6,-2.4
1084139051_2404830460_0,55.0,66.12,63.36,61.6,6.6
1084139051_1094296578_0,55.0,65.55,58.94,61.85,6.85
1084139081_1084139051_0,55.0,65.73,64.06,62.25,7.25
1085377805_1177157058_0,59.0,61.54,55.7,59.2,0.2
1085377805_1609997995_0,59.0,64.39,60.96,62.45,3.45
1085377812_1094360581_0,55.0,62.94,62.54,61.65,6.65
1085377812_1609998009_0,63.0,61.76,59.55,59.9,-3.1
1086361193_246181791_0,54.0,56.33,58.55,57.35,3.35
1086361193_1305278134_0,60.0,54.5,58.36,56.2,-3.8
1086375812_1086361193_0,60.0,55.59,55.41,56.9,-3.1
1086375875_1512110629_0,59.0,57.91,58.51,55.0,-4.0
1086375875_1249875748_0,61.0,58.91,59.68,55.85,-5.15
1091826692_1177183161_0,54.0,60.11,59.52,60.25,6.25
1091826692_1177183150_0,62.0,61.09,60.34,59.85,-2.15
1091826692_1091842307_0,62.0,61.13,59.96,59.6,-2.4
1091842257_6447291071_0,55.0,57.92,60.36,60.5,5.5
1091842257_1091842307_0,55.0,59.13,58.76,60.75,5.75
1091842276_1609997967_0,63.0,63.63,60.43,59.86,-3.14
1091842276_1512110522_0,54.0,59.84,56.55,57.35,3.35
1091842276_1177120060_0,63.0,62.59,60.67,60.86,-2.14
1091842279_1383136506_0,55.0,64.69,59.65,57.55,2.55
1091842279_1096513772_0,55.0,64.12,58.92,57.75,2.75
1091842279_1177157058_0,59.0,61.66,58.21,58.65,-0.35
1091842279_1104969800_0,59.0,61.71,62.55,63.45,4.45
1091842294_1177120050_0,62.0,62.98,60.74,62.13,0.13
1091842294_2407138065_0,59.0,62.14,59.22,58.9,-0.1
1091842307_1091842257_0,55.0,59.13,58.76,60.75,5.75
1091842307_1091826692_0,62.0,61.13,59.96,59.6,-2.4
1091842307_1091842327_0,62.0,60.77,59.59,57.55,-4.45
1091842327_1095440376_0,54.0,57.48,59.2,57.05,3.05
1091842327_1094237241_0,62.0,61.02,60.6,55.95,-6.05
1091842327_1091842307_0,62.0,60.77,59.59,57.55,-4.45
1091868516_1091868533_0,59.0,54.09,56.16,55.73,-3.27
1091868516_4620449099_0,59.0,56.47,57.9,56.9,-2.1
1091868517_4584610471_0,59.0,51.93,54.98,55.5,-3.5
1091868533_1091868517_0,59.0,52.91,57.22,55.44,-3.56
1091868533_1091868517_1,54.0,52.91,57.22,55.44,1.44
1091868583_1113674840_0,46.0,53.11,57.8,58.58,12.58
1092205604_1094077893_0,56.0,53.06,56.27,54.92,-1.08
1092219000_1169035416_0,46.0,52.28,49.7,53.71,7.71
1092219000_1092219016_0,59.0,53.01,53.59,54.68,-4.32
1092219005_1092472096_0,59.0,58.4,59.36,57.5,-1.5
1092219005_1624926347_0,61.0,60.76,61.7,60.75,-0.25
1092219005_1092219019_0,61.0,59.77,62.12,59.95,-1.05
1092219016_1113674854_0,59.0,52.59,54.27,54.88,-4.12
1092219016_1169035403_0,46.0,52.03,49.27,52.76,6.76
1092219016_1180833970_0,59.0,51.26,52.6,51.78,-7.22
1092219019_1092219005_0,61.0,59.77,62.12,59.95,-1.05
1092219019_1086375875_0,61.0,59.54,56.38,55.75,-5.25
1092219034_1180833970_0,46.0,50.63,50.14,49.97,3.97
1092219034_1113674842_0,46.0,48.36,52.59,51.55,5.55
1092219071_1169035390_0,59.0,49.19,54.51,51.6,-7.4
1092247422_1092247431_0,46.0,51.58,54.63,55.21,9.21
1092247422_1113674857_0,46.0,51.95,54.08,54.42,8.42
1092247431_1113674859_0,46.0,53.05,59.26,56.5,10.5
1092247444_1113674836_0,59.0,54.24,60.49,58.92,-0.08
1092247444_1092247422_0,46.0,53.25,57.86,55.23,9.23
1092247454_1094296530_0,59.0,53.72,58.86,56.1,-2.9
1092247454_1180833967_0,46.0,50.76,51.31,54.18,8.18
1092247454_1092247444_0,46.0,52.67,57.72,55.62,9.62
1092247492_1113674820_0,59.0,58.33,60.88,55.0,-4.0
1092247492_6289097043_0,46.0,56.52,59.11,55.5,9.5
1092247501_1113674833_0,59.0,57.93,59.7,56.1,-2.9
1092247501_1092247492_0,46.0,56.77,61.18,55.1,9.1
1092247529_1092219071_0,46.0,49.46,52.06,51.08,5.08
1092247529_1113674842_0,46.0,48.31,51.36,51.35,5.35
1092247552_1095439448_0,59.0,58.45,59.92,55.65,-3.35
1092263653_246182133_0,59.0,55.58,55.73,55.15,-3.85
1092263653_1562259326_0,54.0,54.24,57.19,55.97,1.97
1092263787_1092263800_0,46.0,54.01,59.77,59.82,13.82
1092263787_1113674852_0,59.0,56.36,57.5,56.6,-2.4
1092263800_1512110633_0,46.0,53.63,58.59,57.85,11.85
1092472096_1092247552_0,59.0,58.15,59.35,56.85,-2.15
1092472096_1094296489_0,62.0,55.72,56.86,55.65,-6.35
1092472112_1512110745_0,46.0,51.56,54.95,55.35,9.35
1092472112_1145637534_0,59.0,51.23,53.73,55.14,-3.86
1094077853_1512110633_0,46.0,52.5,58.3,55.88,9.88
1094077853_6289097043_0,59.0,55.26,58.56,58.85,-0.15
1094077886_1095439849_0,59.0,56.41,58.9,55.55,-3.45
1094077886_1092205604_0,59.0,55.35,59.28,56.55,-2.45
1094077893_1094077886_0,56.0,55.33,58.7,56.9,0.9
1094077893_1094077905_0,56.0,56.18,59.87,56.25,0.25
1094077905_1092247501_0,59.0,57.51,58.9,55.0,-4.0
1094077905_4087742279_0,56.0,53.87,56.9,54.6,-1.4
1094077912_1094077905_0,56.0,56.6,61.03,56.8,0.8
1094077933_6447291071_0,55.0,57.79,60.35,61.08,6.08
1094077933_1094077936_0,55.0,58.14,58.34,60.35,5.35
1094077933_1177120124_0,54.0,55.31,56.46,54.7,0.7
1094077936_1177120079_0,55.0,58.0,58.31,58.95,3.95
1094077936_1177120124_0,55.0,58.1,58.99,58.85,3.85
1094077936_1094077933_0,55.0,58.14,58.34,60.35,5.35
1094077940_1094237195_0,55.0,60.27,60.45,62.05,7.05
1094077940_1094360581_0,55.0,60.85,62.24,61.75,6.75
1094237192_1128236277_0,54.0,60.26,59.19,60.02,6.02
1094237195_1094077940_0,55.0,60.27,60.45,62.05,7.05
1094237195_1094237192_0,54.0,59.26,59.15,58.4,4.4
1094237195_1177120124_0,55.0,58.8,61.91,59.41,4.41
1094237241_1094237264_0,62.0,61.53,57.6,55.9,-6.1
1094237264_1094237297_0,62.0,61.97,61.65,59.55,-2.45
1094237264_1128236277_0,61.0,62.27,63.12,60.8,-0.2
1094237291_1091842327_0,62.0,58.71,61.97,58.25,-3.75
1094237291_1094237241_0,62.0,57.91,57.72,57.75,-4.25
1094237297_1624926347_0,61.0,61.68,60.5,59.5,-1.5
1094296489_4087742266_0,62.0,58.0,59.46,56.95,-5.05
1094296524_1094296530_0,46.0,49.77,51.53,53.0,7.0
1094296530_1113674838_0,59.0,52.41,55.92,56.3,-2.7
1094296530_1094296524_0,46.0,49.77,51.53,53.0,7.0
1094296578_1383136506_0,55.0,60.73,55.79,58.6,3.6
1094296578_1084139051_0,55.0,65.55,58.94,61.85,6.85
1094296604_1116354114_0,55.0,61.98,64.02,63.4,8.4
1094296604_1094296578_0,55.0,64.95,59.57,62.1,7.1
1094296689_211313493_0,68.0,65.08,64.14,60.5,-7.5
1094296689_211317741_0,68.0,65.42,63.12,57.58,-10.42
1094296777_1094296854_0,54.0,54.3,54.64,56.0,2.0
1094296777_1094296777_0,54.0,53.38,51.02,50.95,-3.05
1094296854_1094296777_0,54.0,54.3,54.64,56.0,2.0
1094296854_1091842327_0,54.0,57.39,60.24,59.6,5.6
1094360098_1094360174_0,60.0,65.37,64.02,60.2,0.2
1094360098_1609997963_0,60.0,63.0,59.29,60.5,0.5
1094360109_1094360098_0,58.0,65.84,65.38,60.15,2.15
1094360111_1094360109_0,58.0,67.08,60.93,61.95,3.95
1094360143_1609997988_0,63.0,66.52,65.86,61.9,-1.1
1094360174_1094360207_0,60.0,65.21,65.69,60.8,0.8
1094360174_1609997963_0,60.0,64.2,60.76,61.6,1.6
1094360207_1094360224_0,60.0,63.07,62.32,59.1,-0.9
1094360207_1094360174_0,60.0,65.21,65.69,60.8,0.8
1094360224_1094360531_0,60.0,63.33,63.03,60.65,0.65
1094360277_1134266124_0,60.0,65.83,66.05,63.6,3.6
1094360277_1094360283_0,60.0,65.51,63.32,63.5,3.5
1094360283_1094360537_0,59.0,65.27,66.25,63.65,4.65
1094360316_1094360320_0,55.0,61.61,59.89,61.4,6.4
1094360316_1094360371_0,55.0,61.74,62.2,58.75,3.75
1094360320_1094360316_0,55.0,61.61,59.89,61.4,6.4
1094360320_1094360592_0,55.0,60.65,62.22,60.15,5.15
1094360355_1094360316_0,55.0,62.6,63.93,60.2,5.2
1094360355_1094360371_0,55.0,63.43,63.31,60.2,5.2
1094360371_1094360207_0,55.0,63.79,62.97,61.55,6.55
1094360371_1094360224_0,55.0,61.83,62.81,58.1,3.1
1094360498_1094360355_0,61.0,64.22,61.91,61.5,0.5
1094360498_1095440291_0,61.0,64.26,65.71,63.65,2.65
1094360531_1094360277_0,60.0,62.27,62.15,59.3,-0.7
1094360531_1094360283_0,60.0,63.16,62.57,59.3,-0.7
1094360537_5346948499_0,62.0,64.31,62.9,60.9,-1.1
1094360537_1094360498_0,61.0,65.3,64.75,63.0,2.0
1094360581_1085377812_0,55.0,62.94,62.54,61.65,6.65
1094360581_1094360320_0,55.0,61.48,62.49,61.9,6.9
1094360592_1095440240_0,55.0,61.07,62.29,61.3,6.3
1094360592_1094077940_0,55.0,58.91,59.92,57.1,2.1
1095439352_1095439863_0,60.0,57.28,59.99,55.65,-4.35
1095439366_1095439352_0,56.0,57.51,60.14,55.3,-0.7
1095439366_1095439659_0,56.0,54.74,55.26,56.13,0.13
1095439377_1095439435_0,56.0,56.88,59.49,56.5,0.5
1095439377_1095439366_0,56.0,57.97,59.97,55.9,-0.1
1095439387_1095439377_0,56.0,58.55,58.67,55.1,-0.9
1095439387_1095439470_0,56.0,57.28,58.22,56.45,0.45
1095439392_1095439387_0,56.0,59.16,59.37,57.0,1.0
1095439392_1095439401_0,62.0,59.79,60.68,57.3,-4.7
1095439401_1113674835_0,56.0,56.02,56.19,56.3,0.3
1095439401_4087742266_0,62.0,60.3,62.59,58.95,-3.05
1095439435_1094077912_0,56.0,56.54,60.33,56.35,0.35
1095439448_1092247501_0,59.0,58.06,59.07,55.05,-3.95
1095439448_4087742279_0,56.0,56.09,57.15,55.15,-0.85
1095439470_1095440086_0,56.0,56.42,55.69,58.15,2.15
1095439489_1131141541_0,62.0,59.84,58.11,57.2,-4.8
1095439489_1243851855_0,56.0,58.92,58.9,57.5,1.5
1095439501_1188131659_0,62.0,58.93,58.64,58.7,-3.3
1095439501_1095440068_0,62.0,59.28,56.97,55.15,-6.85
1095439505_1116623956_0,59.0,60.44,60.33,56.95,-2.05
1095439505_1512110718_0,62.0,60.26,64.64,57.3,-4.7
1095439556_1095440068_0,62.0,58.84,57.46,54.75,-7.25
1095439556_4087692906_0,62.0,58.15,55.94,53.95,-8.05
1095439603_1095439377_0,56.0,58.13,58.93,55.5,-0.5
1095439603_1095439556_0,56.0,56.23,56.88,57.5,1.5
1095439629_1188085598_0,62.0,57.34,56.49,54.1,-7.9
1095439629_1672512265_0,62.0,57.09,55.65,54.5,-7.5
1095439659_1095439629_0,62.0,55.11,56.37,56.2,-5.8
1095439681_1095439863_0,60.0,57.4,56.58,57.65,-2.35
1095439681_1095439702_0,60.0,54.08,57.69,56.4,-3.6
1095439702_1096529613_0,62.0,57.1,57.26,55.0,-7.0
1095439702_4087692913_0,62.0,57.03,54.16,54.55,-7.45
1095439849_1094077886_0,59.0,56.41,58.9,55.55,-3.45
1095439849_1095439352_0,56.0,57.68,58.52,58.05,2.05
1095439863_1095439681_0,60.0,57.4,56.58,57.65,-2.35
1095439863_1095439882_0,60.0,55.23,55.88,54.9,-5.1
1095439882_1145610668_0,56.0,56.44,57.28,54.55,-1.45
1095439882_1095439849_0,56.0,56.8,58.49,54.35,-1.65
1095440068_1095439556_0,62.0,58.84,57.46,54.75,-7.25
1095440068_1095439470_0,56.0,57.54,56.71,57.6,1.6
1095440086_1095440188_0,62.0,59.76,57.56,57.55,-4.45
1095440086_1095439501_0,62.0,59.43,58.28,57.2,-4.8
1095440170_1095440188_0,62.0,59.08,57.93,58.45,-3.55
1095440188_1095439489_0,62.0,59.77,58.44,57.8,-4.2
1095440188_1095440086_0,62.0,59.76,57.56,57.55,-4.45
1095440240_1094360592_0,55.0,61.07,62.29,61.3,6.3
1095440240_1095440295_0,61.0,58.59,62.23,58.55,-2.45
1095440291_1095440295_0,61.0,62.96,62.6,62.98,1.98
1095440291_1131141534_0,56.0,58.25,62.08,58.35,2.35
1095440291_1094360498_0,61.0,64.26,65.71,63.65,2.65
1095440295_1095440291_0,61.0,62.96,62.6,62.98,1.98
1095440295_1096529573_0,61.0,62.89,63.12,62.1,1.1
1095440376_1095440543_0,54.0,57.3,59.95,57.95,3.95
1095440425_1128236277_0,61.0,62.51,63.26,62.05,1.05
1095440425_1095440240_0,55.0,60.96,62.46,61.7,6.7
1095440543_1095440376_0,54.0,57.39,59.98,58.35,4.35
1095440543_1094237192_0,54.0,58.11,59.75,58.55,4.55
1096507243_2404830460_0,60.0,63.44,62.75,63.8,3.8
1096507245_1116354100_0,55.0,60.26,60.97,60.65,5.65
1096507245_246182757_0,55.0,62.26,57.55,58.35,3.35
1096513760_1096513772_0,55.0,61.07,65.14,62.65,7.65
1096513772_1177157024_0,55.0,63.19,59.24,58.25,3.25
1096529573_1095440425_0,61.0,62.99,65.91,62.4,1.4
1096529577_1096529573_0,56.0,61.33,62.36,61.4,5.4
1096529577_1131141534_0,62.0,57.23,62.2,58.25,-3.75
1096529607_1672512265_0,62.0,57.83,56.09,53.8,-8.2
1096529607_1095439603_0,56.0,58.24,55.43,54.0,-2.0
1096529613_1095439659_0,56.0,53.78,55.64,56.2,0.2
1096529613_1095439702_0,62.0,57.1,57.26,55.0,-7.0
1104961855_1084139081_0,60.0,65.9,62.24,62.12,2.12
1104961855_1119033380_0,60.0,66.23,61.47,61.12,1.12
1105037070_4087692901_0,62.0,61.33,61.52,58.3,-3.7
1105037070_1105149745_0,62.0,60.6,61.61,57.65,-4.35
1105037086_1131141538_0,59.0,59.27,61.73,60.15,1.15
1105149728_1130882694_0,62.0,65.21,66.16,65.5,3.5
1105149728_1134264310_0,63.0,66.43,66.88,65.25,2.25
1105149745_1105037070_0,62.0,60.6,61.61,57.65,-4.35
1105149745_5401631423_0,62.0,61.13,61.87,61.99,-0.01
1105149764_1187706670_0,59.0,61.97,65.01,65.05,6.05
1105149764_5345118961_0,59.0,63.1,64.07,64.0,5.0
1105149764_1130882703_0,59.0,60.63,65.22,62.75,3.75
1105149775_1116623956_0,59.0,59.88,58.41,57.55,-1.45
1105149775_1512110718_0,59.0,60.05,60.37,59.25,0.25
1105149778_1512110711_0,59.0,58.87,58.35,57.1,-1.9
1105149778_1116623855_0,59.0,60.24,60.46,56.0,-3.0
1108381682_1108381685_0,59.0,60.81,63.47,60.25,1.25
1108381682_1105149745_0,62.0,57.55,59.25,58.2,-3.8
1108381685_4087692901_0,62.0,60.35,60.57,59.55,-2.45
1108381685_1095439505_0,59.0,61.11,59.35,56.55,-2.45
1108381695_5401629314_0,59.0,62.54,62.84,60.63,1.63
1108381701_1119065594_0,59.0,58.33,54.22,53.25,-5.75
1109639584_409292136_0,61.0,62.24,61.15,59.82,-1.18
1109639597_10093451978_0,69.0,61.38,60.63,60.5,-8.5
1109639597_1109639608_0,69.0,61.2,61.75,61.75,-7.25
1109639608_4558538598_0,68.0,65.57,63.54,64.47,-3.53
1113674820_1092247552_0,46.0,56.67,56.85,55.4,9.4
1113674820_1092219019_0,59.0,58.59,59.14,55.7,-3.3
1113674833_1092205604_0,59.0,56.32,57.23,55.7,-3.3
1113674833_1092247454_0,59.0,56.34,55.95,55.95,-3.05
1113674835_1095439435_0,56.0,55.2,56.44,55.7,-0.3
1113674835_1095439387_0,56.0,56.82,56.23,57.05,1.05
1113674836_1092247492_0,59.0,55.65,59.41,58.35,-0.65
1113674836_1113674833_0,59.0,56.59,58.79,56.45,-2.55
1113674838_1092219000_0,59.0,52.2,55.14,54.73,-4.27
1113674838_1180833968_0,46.0,49.27,47.26,52.65,6.65
1113674839_1094296489_0,56.0,56.24,56.52,55.95,-0.05
1113674839_1094077912_0,56.0,55.36,58.44,55.83,-0.17
1113674839_1113674835_0,56.0,55.99,58.52,56.05,0.05
1113674840_1092247529_0,46.0,51.75,54.77,56.9,10.9
1113674840_1113674859_0,59.0,55.03,58.63,56.35,-2.65
1113674840_1180802572_0,59.0,54.43,56.22,56.0,-3.0
1113674842_1113674857_0,46.0,48.86,49.14,53.42,7.42
1113674842_1092247431_0,46.0,49.44,52.47,54.58,8.58
1113674852_1113674836_0,59.0,56.18,58.82,56.4,-2.6
1113674852_1092247422_0,46.0,54.95,60.84,56.7,10.7
1113674854_1113674838_0,46.0,49.37,55.22,54.58,8.58
1113674854_1092247444_0,59.0,53.43,55.38,55.8,-3.2
1113674856_1096529577_0,62.0,57.43,57.33,58.8,-3.2
1113674856_1131141541_0,56.0,59.78,59.66,58.05,2.05
1113674857_1113674854_0,46.0,50.27,53.77,54.12,8.12
1113674857_1092219034_0,46.0,50.48,50.25,53.3,7.3
1113674859_1092263800_0,59.0,51.9,52.55,59.02,0.02
1113674859_1113674852_0,59.0,55.69,59.36,56.2,-2.8
1116354114_1094296604_0,55.0,61.98,64.02,63.4,8.4
1116623855_1105037086_0,59.0,60.99,61.11,55.85,-3.15
1116623855_1095439505_0,62.0,60.41,62.93,57.15,-4.85
1116623956_1105149778_0,59.0,60.24,58.48,55.85,-3.15
1116623956_1512110733_0,59.0,60.02,58.39,55.65,-3.35
1119033360_1104961855_0,60.0,65.21,63.92,62.8,2.8
1119033368_1134264331_0,58.0,64.12,61.31,61.4,3.4
1119033368_1119033371_0,58.0,66.17,65.11,60.1,2.1
1119033371_1186101444_0,58.0,68.02,64.15,61.95,3.95
1119033371_1134264331_0,58.0,66.71,62.39,62.65,4.65
1119033371_1094360109_0,58.0,68.12,65.44,62.35,4.35
1119033380_1119033368_0,58.0,65.68,62.38,60.1,2.1
1119033380_1094360111_0,60.0,64.54,64.35,61.4,1.4
1119033381_1187722477_0,58.0,64.87,63.17,63.35,5.35
1119065594_1119065601_0,60.0,57.96,58.77,55.35,-4.65
1119065594_1119065624_0,60.0,56.18,61.59,57.9,-2.1
1119065601_1134266148_0,60.0,58.43,58.45,56.15,-3.85
1119065619_1119065624_0,60.0,59.44,61.77,58.9,-1.1
1119065619_1119065601_0,60.0,57.89,58.69,54.65,-5.35
1119065624_1119065718_0,60.0,59.56,59.56,55.8,-4.2
1119065628_1119104444_0,57.0,58.8,60.85,57.95,0.95
1119065633_4569285099_0,60.0,59.7,62.01,58.25,-1.75
1119065633_1119065641_0,60.0,57.89,59.45,59.2,-0.8
1119065641_1119065648_0,46.0,60.53,58.71,59.05,13.05
1119065648_1119065698_0,60.0,59.62,58.87,57.85,-2.15
1119065648_1119065628_0,60.0,58.42,58.25,58.9,-1.1
1119065698_1119065780_0,60.0,58.43,58.69,58.95,-1.05
1119065718_1140034971_0,57.0,59.06,57.19,57.55,0.55
1119065718_1119065734_0,60.0,59.47,57.83,54.7,-5.3
1119065732_1108381701_0,60.0,58.67,54.31,53.25,-6.75
1119065734_10095475579_0,60.0,58.77,57.81,53.85,-6.15
1119065734_1119065732_0,60.0,58.75,55.22,53.35,-6.65
1119065774_1119065628_0,60.0,58.04,58.41,56.85,-3.15
1119065774_1119065698_0,60.0,54.32,58.27,55.5,-4.5
1119065780_1119065619_0,60.0,58.61,58.97,57.7,-2.3
1119093840_1119065641_0,60.0,60.85,62.44,60.65,0.65
1119093840_4569285099_0,60.0,58.39,58.13,59.0,-1.0
1119093872_1119093874_0,65.0,61.48,64.98,63.8,-1.2
1119093874_1119093895_0,60.0,60.8,62.42,61.55,1.55
1119093874_607644080_0,65.0,61.67,63.13,62.7,-2.3
1119093895_1124981438_0,62.0,61.46,65.42,64.1,2.1
1119093895_1119093896_0,60.0,62.26,59.31,64.45,4.45
1119093896_1119093915_0,57.0,62.29,61.58,64.4,7.4
1119093915_1119093920_0,57.0,61.84,65.04,64.7,7.7
1119093915_4358780505_0,57.0,60.88,63.23,63.45,6.45
1119093920_4358780493_0,60.0,61.72,63.74,64.5,4.5
1119093920_1119093872_0,60.0,61.09,62.27,63.8,3.8
1119093947_1119093840_0,60.0,60.95,60.29,61.9,1.9
1119104426_1119104440_0,57.0,57.24,56.42,56.7,-0.3
1119104427_1119104426_0,57.0,56.99,56.27,56.95,-0.05
1119104427_607644080_0,57.0,57.47,62.82,61.85,4.85
1119104440_1119104444_0,57.0,59.01,61.45,57.25,0.25
1119104443_1119104440_0,57.0,58.64,58.71,57.7,0.7
1119104443_1187702159_0,59.0,59.25,58.13,57.5,-1.5
1119104444_1119065633_0,57.0,59.14,60.61,56.35,-0.65
1119106283_1119106285_0,57.0,57.82,60.62,59.1,2.1
1119106283_4358780505_0,57.0,59.84,63.49,61.55,4.55
1119106285_4358780513_0,57.0,55.9,58.95,58.8,1.8
1119106285_4358780524_0,57.0,56.91,56.6,58.95,1.95
1119106285_1119106283_0,57.0,57.82,60.62,59.1,2.1
1119106303_1131137281_0,57.0,56.28,62.89,58.25,1.25
1119106303_4358780516_0,54.0,55.6,62.1,58.0,4.0
1119694752_1512110725_0,59.0,55.73,58.61,57.53,-1.47
1119694752_1119065732_0,60.0,58.22,57.14,53.2,-6.8
1124937218_1119093947_0,60.0,61.13,63.27,63.45,3.45
1124981404_1124981406_0,59.0,61.22,63.08,60.81,1.81
1124981404_2142861448_0,59.0,59.75,60.71,59.45,0.45
1124981406_1512110789_0,59.0,62.13,62.1,62.9,3.9
1124981406_1124981410_0,62.0,61.79,65.15,63.25,1.25
1124981410_1124981411_0,62.0,61.0,66.26,62.0,0.0
1124981410_1124981413_0,62.0,58.26,59.9,57.35,-4.65
1124981411_1243851740_0,62.0,61.27,65.81,63.15,1.15
1124981413_607644081_0,62.0,59.64,59.59,60.8,-1.2
1124981413_1124981438_0,62.0,58.75,61.49,60.25,-1.75
1124981427_1134264311_0,62.0,62.81,61.68,62.25,0.25
1124981427_1676387272_0,62.0,61.53,61.43,64.05,2.05
1124981438_1124981460_0,62.0,61.05,64.8,62.85,0.85
1124981460_1124981411_0,62.0,61.09,65.52,62.9,0.9
1124981481_1119093896_0,62.0,59.53,67.2,62.9,0.9
1124981481_1124981460_0,62.0,58.51,68.46,59.9,-2.1
1128236277_1095440425_0,61.0,62.51,63.26,62.05,1.05
1128236277_1113674856_0,56.0,60.77,59.88,59.2,3.2
1128236277_1094237264_0,61.0,62.27,63.12,60.8,-0.2
1129273455_1134266124_0,60.0,66.51,65.16,63.9,3.9
1129273455_1186077444_0,60.0,61.7,62.37,60.6,0.6
1129273455_1186101430_0,58.0,67.23,62.86,63.5,5.5
1129273459_1672512394_0,59.0,61.01,60.52,60.52,1.52
1129273462_4558538601_0,68.0,62.72,60.77,60.14,-7.86
1129273462_1134251269_0,68.0,66.96,61.31,63.57,-4.43
1129273462_211320731_0,68.0,68.23,61.84,63.55,-4.45
1129273462_211320732_0,68.0,67.03,63.42,63.4,-4.6
1129276619_1134264331_0,60.0,66.29,64.91,62.1,2.1
1129276619_1119033360_0,60.0,67.53,62.93,61.94,1.94
1129276619_1186538320_0,60.0,66.31,62.48,62.32,2.32
1129276631_1186538320_0,60.0,64.22,60.44,64.32,4.32
1130841540_1134264295_0,64.0,62.15,61.02,63.1,-0.9
1130841540_1130841542_0,70.0,67.74,65.84,64.9,-5.1
1130841542_1130841543_0,70.0,67.85,62.95,64.85,-5.15
1130841543_1130841546_0,70.0,69.28,62.2,64.25,-5.75
1130841546_211318993_0,68.0,70.9,63.77,64.95,-3.05
1130841547_1130841546_0,63.0,70.87,63.68,65.45,2.45
1130841547_1130841550_0,63.0,69.27,62.02,64.9,1.9
1130841550_1131425395_0,63.0,68.51,65.92,64.4,1.4
1130841550_1134264320_0,69.0,67.96,63.15,64.95,-4.05
1130841552_1130841555_0,63.0,65.6,63.81,62.95,-0.05
1130841552_1130841542_0,63.0,67.7,66.68,64.35,1.35
1130841555_1134264311_0,64.0,63.11,61.33,62.2,-1.8
1130841555_1676387272_0,62.0,64.97,61.44,61.8,-0.2
1130841563_1134264315_0,62.0,61.27,65.11,62.95,0.95
1130841563_1130841567_0,62.0,63.19,61.7,62.1,0.1
1130841567_1124981404_0,62.0,62.08,62.34,62.75,0.75
1130882691_1134264314_0,59.0,59.98,67.31,63.05,4.05
1130882691_607644089_0,62.0,62.3,66.08,63.05,1.05
1130882694_1130882708_0,62.0,62.15,65.72,65.6,3.6
1130882703_1130882691_0,62.0,60.9,67.11,63.05,1.05
1130882703_1130882706_0,59.0,60.95,66.5,62.4,3.4
1130882706_1134264292_0,62.0,62.62,64.26,63.45,1.45
1130882706_1130882708_0,59.0,60.59,68.61,63.7,4.7
1130882708_1134264305_0,62.0,61.3,65.87,65.75,3.75
1130882708_1130882711_0,59.0,59.21,64.96,64.2,5.2
1130882711_1134264306_0,55.0,58.72,64.79,64.5,9.5
1130882711_1472990982_0,62.0,62.71,63.48,62.75,0.75
1130898034_1134264316_0,62.0,61.29,60.2,60.85,-1.15
1130898034_1130898075_0,57.0,57.99,56.03,53.88,-3.12
1130898039_1119104426_0,57.0,58.4,61.59,61.3,4.3
1130898039_1512110783_0,57.0,59.45,61.98,61.46,4.46
1130898043_607644080_0,62.0,58.3,62.59,60.6,-1.4
1130898047_1134264316_0,57.0,58.05,57.82,54.2,-2.8
1130898057_1130882703_0,62.0,61.04,62.72,60.28,-1.72
1130898057_1134264332_0,59.0,57.3,60.02,56.45,-2.55
1130898069_1134264324_0,62.0,61.79,60.18,58.15,-3.85
1130898069_1134264318_0,59.0,59.56,60.33,59.95,0.95
1130898075_1130898047_0,64.0,57.79,52.42,50.85,-13.15
1130908708_1134264324_0,59.0,57.78,59.31,59.15,0.15
1130908709_1187702159_0,56.0,60.7,58.69,59.1,3.1
1130908710_1187402195_0,55.0,58.26,52.79,51.86,-3.14
1130908717_1512110668_0,60.0,58.97,56.57,52.68,-7.32
1130908717_1130908719_0,57.0,57.61,55.85,53.12,-3.88
1130908719_1130908720_0,57.0,57.92,60.48,55.15,-1.85
1130908720_1130898034_0,62.0,60.9,61.59,60.9,-1.1
1130908720_1134266155_0,59.0,57.87,61.79,58.65,-0.35
1131137281_4358780510_0,57.0,55.47,64.17,59.15,2.15
1131137281_4358780504_0,57.0,56.68,61.11,58.8,1.8
1131141534_1131141543_0,56.0,56.67,61.08,58.65,2.65
1131141538_1131141543_0,62.0,60.03,63.85,59.1,-2.9
1131141538_1105037070_0,62.0,60.14,61.29,59.15,-2.85
1131141541_1095439392_0,62.0,59.67,59.25,56.9,-5.1
1131141543_1095440170_0,62.0,59.55,61.02,58.25,-3.75
1131425389_1134264326_0,69.0,62.5,61.96,61.0,-8.0
1131425393_1134264326_0,69.0,60.14,62.13,61.32,-7.68
1131425393_1131425395_0,69.0,66.52,62.32,65.35,-3.65
1131425395_1130841552_0,63.0,68.23,64.61,64.6,1.6
1131425423_1134251269_0,68.0,64.92,61.49,62.57,-5.43
1131453368_1885951239_0,64.0,62.15,59.65,58.58,-5.42
1131686638_1473068231_0,64.0,61.36,65.46,63.5,-0.5
1131686638_1130841543_0,56.0,63.06,64.46,63.65,7.65
1131686685_1472990981_0,55.0,61.52,65.66,65.28,10.28
1131686685_1134264304_0,63.0,63.88,64.82,63.9,0.9
1134251269_1131425389_0,59.0,66.32,61.98,63.67,4.67
1134264292_1130898069_0,62.0,62.25,61.12,57.5,-4.5
1134264292_1130898057_0,59.0,58.47,60.29,59.75,0.75
1134264295_1512110722_0,64.0,61.49,62.0,63.85,-0.15
1134264304_1130841540_0,63.0,66.74,65.56,64.55,1.55
1134264304_1131686685_0,63.0,63.88,64.82,63.9,0.9
1134264305_1134264318_0,62.0,60.89,62.5,60.5,-1.5
1134264305_1134264292_0,59.0,59.79,61.33,60.5,1.5
1134264306_1130898047_0,55.0,58.86,57.78,58.77,3.77
1134264309_1130908719_0,60.0,57.58,53.6,54.06,-5.94
1134264309_5401629306_0,59.0,58.21,56.97,55.8,-3.2
1134264310_1134264304_0,63.0,66.6,67.36,65.15,2.15
1134264310_1124981427_0,62.0,62.6,65.09,64.2,2.2
1134264311_1130841540_0,64.0,63.58,61.12,62.48,-1.52
1134264312_1130898057_0,62.0,60.46,61.41,59.22,-2.78
1134264312_1130898069_0,59.0,59.42,60.34,59.4,0.4
1134264314_1130882706_0,62.0,63.42,65.93,64.4,2.4
1134264314_1130882694_0,59.0,64.04,65.52,64.5,5.5
1134264315_1124981427_0,62.0,62.09,64.99,64.1,2.1
1134264315_1105149728_0,62.0,62.99,66.77,63.15,1.15
1134264316_1130882711_0,62.0,62.0,62.28,61.45,-0.55
1134264316_1134264305_0,59.0,59.41,59.55,59.15,0.15
1134264318_1134266155_0,62.0,60.71,60.8,60.4,-1.6
1134264318_1130898034_0,59.0,57.96,60.35,58.65,-0.35
1134264320_1131425389_0,69.0,66.06,62.19,64.9,-4.1
1134264320_211320731_0,59.0,64.5,58.89,61.65,2.65
1134264324_1134264333_0,59.0,58.63,60.73,59.1,0.1
1134264324_1512110713_0,62.0,61.85,62.66,60.1,-1.9
1134264326_1131425393_0,69.0,60.14,62.13,61.32,-7.68
1134264326_1109639597_0,69.0,61.38,62.24,61.25,-7.75
1134264326_1131425423_0,69.0,61.24,60.99,60.65,-8.35
1134264330_1130908709_0,59.0,57.06,58.8,57.1,-1.9
1134264331_1648826945_0,58.0,65.2,59.84,62.13,4.13
1134264331_1129276619_0,60.0,66.29,64.91,62.1,2.1
1134264332_1134264312_0,59.0,57.89,59.97,56.9,-2.1
1134264332_1134264330_0,59.0,56.34,59.5,56.35,-2.65
1134264333_1134264312_0,62.0,59.57,59.96,59.8,-2.2
1134264333_1134264330_0,59.0,57.56,59.79,57.2,-1.8
1134266124_1094360277_0,60.0,65.83,66.05,63.6,3.6
1134266124_1108381695_0,59.0,64.13,63.94,60.55,1.55
1134266124_1129273455_0,60.0,66.51,65.16,63.9,3.9
1134266148_1119065774_0,59.0,57.15,57.69,56.3,-2.7
1134266148_1153010098_0,59.0,57.45,58.06,57.15,-1.85
1134266155_1134266158_0,62.0,60.35,60.36,60.75,-1.25
1134266158_1130908708_0,62.0,58.11,60.12,58.4,-3.6
1134266158_5401629306_0,59.0,60.57,61.07,61.6,2.6
1140034957_1140076085_0,57.0,53.47,56.76,55.1,-1.9
1140034970_1140034971_0,57.0,56.71,58.13,55.3,-1.7
1140034970_1143654568_0,57.0,56.17,57.59,55.5,-1.5
1140034970_1243851685_0,57.0,57.2,55.26,53.9,-3.1
1140034971_1143654563_0,57.0,57.89,59.79,55.15,-1.85
1140034971_1140034957_0,57.0,54.76,58.34,56.9,-0.1
1140034972_1140034975_0,46.0,52.04,50.45,55.85,9.85
1140034972_1140057812_0,46.0,51.1,48.84,55.2,9.2
1140034975_1140035000_0,46.0,50.93,48.87,55.48,9.48
1140034975_1140035000_1,46.0,51.13,49.86,55.48,9.48
1140035000_1140057812_0,46.0,49.54,48.17,55.35,9.35
1140035000_1140057797_0,46.0,50.02,46.5,54.85,8.85
1140057797_1140057800_0,46.0,51.32,51.86,53.02,7.02
1140057800_1141178073_0,46.0,50.52,53.94,53.92,7.92
1140057812_1140057797_0,46.0,49.94,48.79,54.7,8.7
1140076085_1140034972_0,46.0,53.06,50.06,56.5,10.5
1140076090_1140057800_0,46.0,52.05,51.4,53.45,7.45
1140076090_1140076103_0,46.0,50.96,55.52,55.0,9.0
1140076103_1143654563_0,57.0,52.89,55.98,55.2,-1.8
1140076103_1140076106_0,57.0,51.22,55.98,54.5,-2.5
1140076106_1140034957_0,57.0,51.74,55.7,54.06,-2.94
1140076106_1140076085_0,57.0,51.16,51.48,54.65,-2.35
1141178073_1141178094_0,46.0,51.11,57.18,53.45,7.45
1141178073_1141178123_0,46.0,50.76,55.15,53.22,7.22
1141178073_1145245224_0,46.0,49.5,57.77,53.95,7.95
1141178094_1141178104_0,46.0,51.73,52.39,53.7,7.7
1141178104_1141178116_0,46.0,51.01,55.09,54.62,8.62
1141178104_1512110781_0,54.0,53.24,56.36,54.2,0.2
1141178116_1140076090_0,46.0,53.0,55.36,54.5,8.5
1141178123_1141178134_0,46.0,49.13,54.36,52.43,6.43
1141178123_1141178073_0,46.0,50.76,55.15,53.22,7.22
1141178123_1145245219_0,46.0,49.15,54.72,52.33,6.33
1141178134_1141178123_0,46.0,49.13,54.36,52.43,6.43
1141178134_1141178136_0,46.0,48.04,57.54,52.16,6.16
1141178136_1141178134_0,46.0,48.04,57.54,52.16,6.16
1141178136_1141191818_0,46.0,49.13,55.74,51.61,5.61
1141191817_1145304334_0,46.0,52.15,55.96,56.5,10.5
1141191817_1512110760_0,46.0,50.2,54.62,54.25,8.25
1141191818_1512110760_0,46.0,49.86,57.51,52.49,6.49
1141191818_1141178136_0,46.0,49.13,55.74,51.61,5.61
1143654563_1143654564_0,57.0,57.21,58.33,55.05,-1.95
1143654563_1145592667_0,57.0,53.56,56.13,55.32,-1.68
1143654564_1512110781_0,54.0,55.92,57.26,55.4,1.4
1143654564_1141178116_0,46.0,54.54,54.6,55.2,9.2
1143654568_1140034970_0,57.0,56.17,57.59,55.5,-1.5
1143654568_1141191816_0,57.0,54.26,55.06,54.9,-2.1
1143654568_1145245213_0,46.0,52.78,56.31,55.1,9.1
1145245213_1145245214_0,46.0,51.94,53.74,54.15,8.15
1145245213_1145304351_0,54.0,51.81,53.47,53.65,-0.35
1145245213_1143654568_0,46.0,52.78,56.31,55.1,9.1
1145245214_1145264729_0,46.0,51.54,55.69,52.12,6.12
1145245214_1145245213_0,46.0,51.94,53.74,54.15,8.15
1145245214_1145245219_0,46.0,49.52,52.2,52.41,6.41
1145245219_1145245224_0,46.0,49.21,59.45,52.69,6.69
1145245219_1141178123_0,46.0,49.15,54.72,52.33,6.33
1145245219_1145264718_0,46.0,48.72,53.01,52.81,6.81
1145245219_1145245214_0,46.0,49.52,52.2,52.41,6.41
1145245224_1145304351_0,54.0,50.65,54.52,54.3,0.3
1145245224_1141178073_0,46.0,49.5,57.77,53.95,7.95
1145245224_1145245219_0,46.0,49.21,59.45,52.69,6.69
1145264718_1145245219_0,46.0,48.72,53.01,52.81,6.81
1145264718_1141191818_0,46.0,49.92,56.95,52.31,6.31
1145264719_1145264721_0,46.0,48.04,52.82,51.26,5.26
1145264721_1145264719_0,46.0,48.04,52.82,51.26,5.26
1145264721_1145304336_0,46.0,48.91,56.27,51.32,5.32
1145264721_1141191818_0,46.0,48.35,55.05,51.68,5.68
1145264729_1145264718_0,46.0,50.76,54.92,51.6,5.6
1145304334_1141191816_0,57.0,52.94,55.16,55.8,-1.2
1145304336_1145264721_0,46.0,48.91,56.27,51.32,5.32
1145304336_1512110745_0,46.0,50.71,54.57,53.75,7.75
1145304351_1145304362_0,54.0,52.58,53.71,55.4,1.4
1145304351_1145592665_0,54.0,50.73,52.7,54.18,0.18
1145304362_1141178094_0,54.0,49.83,54.1,53.25,-0.75
1145592665_1145592667_0,54.0,52.51,54.05,55.26,1.26
1145592667_1143654568_0,57.0,53.76,53.0,55.25,-1.75
1145592711_1092472112_0,46.0,49.18,51.64,52.8,6.8
1145592711_1145610668_0,59.0,54.05,57.07,55.8,-3.2
1145610668_1095439882_0,56.0,56.44,57.28,54.55,-1.45
1145610668_1092472112_0,59.0,52.77,56.78,55.1,-3.9
1145610671_1145637542_0,46.0,49.01,58.65,51.79,5.79
1145610671_1145610672_0,46.0,49.68,53.59,52.16,6.16
1145610672_1145637561_0,46.0,50.44,54.51,53.62,7.62
1145637534_1512564831_0,59.0,50.27,55.65,53.59,-5.41
1145637534_1145637535_0,46.0,49.82,54.03,52.74,6.74
1145637535_1145637561_0,46.0,48.29,52.59,51.75,5.75
1145637542_1145637552_0,46.0,47.02,49.56,53.8,7.8
1145637542_1145644758_0,46.0,47.01,49.55,55.1,9.1
1145637542_1145657870_0,46.0,48.1,56.43,51.62,5.62
1145637552_1145637567_0,46.0,47.6,50.85,53.85,7.85
1145637552_1145637535_0,46.0,48.8,53.12,54.24,8.24
1145637561_1512564831_0,46.0,51.71,51.09,55.12,9.12
1145637567_1145637552_0,46.0,47.6,50.85,53.85,7.85
1145637574_1145610672_0,46.0,48.35,53.83,52.08,6.08
1145637574_1145610671_0,46.0,48.18,53.34,51.48,5.48
1145644758_1145637542_0,46.0,47.01,49.55,55.1,9.1
1145657870_1169016378_0,46.0,47.76,51.33,56.18,10.18
1145657870_1169035414_0,46.0,48.88,54.96,50.07,4.07
1153010098_1672512313_0,56.0,53.39,53.85,54.2,-1.8
1153010098_1512110748_0,59.0,57.71,59.29,57.9,-1.1
1169016284_1169016298_0,46.0,46.85,58.56,54.5,8.5
1169016284_1169016378_0,46.0,47.24,55.78,55.5,9.5
1169016298_1169016284_0,46.0,46.73,57.43,54.55,8.55
1169016298_1169016353_0,46.0,46.09,57.41,51.14,5.14
1169016353_1169016298_0,46.0,46.09,57.41,51.14,5.14
1169016378_8706350395_0,46.0,45.46,52.42,54.21,8.21
1169035368_1169035371_0,46.0,47.78,55.46,48.71,2.71
1169035368_1169035433_0,46.0,47.04,53.45,48.87,2.87
1169035371_1169035384_0,46.0,47.21,55.65,49.1,3.1
1169035371_1169035376_0,46.0,47.43,49.37,48.83,2.83
1169035376_1169035388_0,46.0,48.83,47.2,50.0,4.0
1169035376_1092219071_0,46.0,48.77,51.75,51.15,5.15
1169035384_1169035371_0,46.0,47.21,55.65,49.1,3.1
1169035388_1169035376_0,46.0,48.83,47.2,50.0,4.0
1169035390_1180833970_0,59.0,51.28,52.7,50.99,-8.01
1169035390_1169035376_0,46.0,50.15,51.28,50.64,4.64
1169035403_1092219016_0,46.0,52.03,49.27,52.76,6.76
1169035403_1169035368_0,46.0,49.71,55.67,49.48,3.48
1169035414_1169035416_0,46.0,50.29,53.2,51.25,5.25
1169035414_1169035403_0,46.0,49.45,52.81,49.92,3.92
1169035416_1145637574_0,46.0,49.95,53.29,51.26,5.26
1169035433_1169035368_0,46.0,47.04,53.45,48.87,2.87
1177120041_10106993225_0,54.0,60.68,60.82,59.32,5.32
1177120044_1177120041_0,54.0,57.98,55.74,52.8,-1.2
1177120044_1177120047_0,54.0,57.11,56.45,53.62,-0.38
1177120047_1177120059_0,54.0,56.42,55.47,55.85,1.85
1177120050_1177183156_0,62.0,61.93,59.81,61.72,-0.28
1177120050_1512110522_0,54.0,59.06,57.54,57.25,3.25
1177120050_1091842294_0,62.0,62.98,60.74,62.13,0.13
1177120059_1177120060_0,54.0,57.11,58.19,57.85,3.85
1177120060_1177157005_0,63.0,61.83,59.19,61.35,-1.65
1177120060_1091842276_0,63.0,62.59,60.67,60.86,-2.14
1177120071_1177157005_0,63.0,61.68,59.84,59.81,-3.19
1177120071_1177120059_0,54.0,57.52,60.38,57.45,3.45
1177120071_1177120098_0,63.0,61.63,61.43,59.6,-3.4
1177120079_1094077936_0,55.0,58.0,58.31,58.95,3.95
1177120079_1177120041_0,54.0,58.61,59.91,59.22,5.22
1177120079_1177120094_0,54.0,56.16,54.86,55.15,1.15
1177120094_1177120079_0,54.0,56.16,54.86,55.15,1.15
1177120098_1177120044_0,54.0,57.15,57.86,55.5,1.5
1177120098_10106993225_0,63.0,62.1,60.72,60.65,-2.35
1177120098_1177120071_0,63.0,61.63,61.43,59.6,-3.4
1177120124_1094237195_0,55.0,58.8,61.91,59.41,4.41
1177120124_1094077936_0,55.0,58.1,58.99,58.85,3.85
1177156992_1177156995_0,54.0,59.09,58.18,57.55,3.55
1177156992_1177157035_0,54.0,59.6,58.65,58.25,4.25
1177156995_1177157005_0,54.0,59.67,59.59,57.85,3.85
1177156995_1177157016_0,54.0,57.77,57.12,56.8,2.8
1177157005_1177156995_0,54.0,59.67,59.59,57.85,3.85
1177157005_1177120071_0,63.0,61.68,59.84,59.81,-3.19
1177157005_1177120060_0,63.0,61.83,59.19,61.35,-1.65
1177157014_2407138071_0,59.0,63.69,61.76,60.65,1.65
1177157014_246182757_0,59.0,64.37,59.8,60.58,1.58
1177157014_1177157016_0,54.0,59.2,56.64,57.95,3.95
1177157016_1177156992_0,54.0,58.45,58.18,57.5,3.5
1177157016_1177157014_0,54.0,59.2,56.64,57.95,3.95
1177157024_12181435188_0,54.0,61.49,59.14,57.6,3.6
1177157024_12181435186_0,55.0,62.25,58.95,58.75,3.75
1177157035_1177156992_0,54.0,59.6,58.65,58.25,4.25
1177157035_12181435188_0,54.0,60.3,58.66,57.1,3.1
1177157035_1177157058_0,54.0,59.35,56.75,57.32,3.32
1177157058_1085377805_0,59.0,61.54,55.7,59.2,0.2
1177157058_1091842279_0,59.0,61.66,58.21,58.65,-0.35
1177183150_1091826692_0,62.0,61.09,60.34,59.85,-2.15
1177183150_1177183156_0,62.0,61.41,59.47,61.05,-0.95
1177183150_1177183156_1,62.0,61.41,59.47,61.05,-0.95
1177183156_1177120050_0,62.0,61.93,59.81,61.72,-0.28
1177183156_1177183150_0,62.0,61.41,59.47,61.05,-0.95
1177183161_1180750433_0,54.0,58.1,58.1,57.55,3.55
1177183161_246182003_0,54.0,58.22,54.68,55.75,1.75
1180686279_1180686283_0,54.0,53.57,54.29,54.45,0.45
1180686279_1512564829_0,54.0,55.47,54.43,56.03,2.03
1180686283_1180686279_0,54.0,53.57,54.29,54.45,0.45
1180727051_1180686279_0,54.0,54.68,55.46,55.0,1.0
1180727051_1512110572_0,54.0,56.18,55.97,55.3,1.3
1180750433_1512564829_0,54.0,56.69,53.35,55.72,1.72
1180750433_4569344752_0,54.0,55.15,52.46,54.34,0.34
1180750434_1180727051_0,54.0,56.12,57.62,56.65,2.65
1180750443_1091868583_0,46.0,54.87,58.56,58.27,12.27
1180750443_1512110622_0,46.0,56.66,58.08,55.6,9.6
1180802572_1113674840_0,59.0,54.43,56.22,56.0,-3.0
1180802572_1243851768_0,59.0,53.09,56.72,56.78,-2.22
1180833967_1092247454_0,46.0,50.76,51.31,54.18,8.18
1180833968_1113674838_0,46.0,49.27,47.26,52.65,6.65
1180833970_1092219034_0,46.0,50.63,50.14,49.97,3.97
1180833970_1092219016_0,59.0,51.26,52.6,51.78,-7.22
1186060828_1108381682_0,62.0,57.08,58.6,58.3,-3.7
1186060828_5401629305_0,54.0,60.37,61.87,61.2,7.2
1186077444_1129273455_0,60.0,61.7,62.37,60.6,0.6
1186101430_1512110646_0,58.0,65.8,63.24,60.05,2.05
1186101444_1512110646_0,54.0,63.34,62.17,59.9,5.9
1186101444_1186101445_0,58.0,66.87,62.76,61.9,3.9
1186101444_1186538328_0,58.0,62.83,62.55,59.7,1.7
1186101445_1186538328_0,58.0,66.96,64.07,63.15,5.15
1186101445_1186101459_0,58.0,66.91,61.56,65.4,7.4
1186101445_1119033381_0,58.0,63.32,62.89,63.45,5.45
1186101459_1187402076_0,60.0,62.28,55.34,56.82,-3.18
1186538320_1129276631_0,60.0,64.22,60.44,64.32,4.32
1186538320_1186538333_0,54.0,62.71,61.09,63.79,9.79
1186538320_1129276619_0,60.0,66.31,62.48,62.32,2.32
1186538328_1186101430_0,58.0,67.16,63.48,63.8,5.8
1186538328_1186538346_0,54.0,62.03,60.04,60.5,6.5
1186538333_1186538320_0,54.0,62.71,61.09,63.79,9.79
1186538346_1186538328_0,54.0,62.03,60.04,60.5,6.5
1187334109_1512110626_0,68.0,68.7,64.5,66.32,-1.68
1187334109_211317741_0,68.0,65.61,66.29,63.05,-4.95
1187402076_1187402139_0,60.0,58.36,49.45,49.95,-10.05
1187402076_1187402195_0,60.0,58.56,52.66,48.6,-11.4
1187672560_1187706670_0,59.0,60.76,60.27,57.05,-1.95
1187672560_1119104443_0,59.0,58.06,57.79,56.65,-2.35
1187672580_1187672560_0,59.0,60.85,58.91,57.0,-2.0
1187672580_1134264332_0,59.0,57.59,59.0,57.4,-1.6
1187702147_1188131652_0,56.0,56.21,56.65,57.2,1.2
1187702147_1512110715_0,56.0,57.17,57.59,56.85,0.85
1187702159_1187672580_0,59.0,61.15,58.95,55.45,-3.55
1187706670_1187672560_0,59.0,60.76,60.27,57.05,-1.95
1187706670_1105149764_0,59.0,61.97,65.01,65.05,6.05
1187722456_243494580_0,68.0,69.48,66.38,66.1,-1.9
1187722456_1512110626_0,68.0,67.73,63.54,65.07,-2.93
1187722477_1129276619_0,60.0,67.49,63.53,61.8,1.8
1187722477_2404853941_0,60.0,63.68,61.23,64.32,4.32
1187722485_1187722456_0,58.0,68.6,66.11,65.95,7.95
1187722485_10098682767_0,58.0,63.1,61.55,63.9,5.9
1188085576_1512110715_0,56.0,58.19,56.86,55.25,-0.75
1188085576_1188131642_0,56.0,55.95,58.88,57.3,1.3
1188085598_1096529613_0,56.0,57.12,57.07,55.8,-0.2
1188085605_1512110737_0,56.0,54.41,55.34,55.48,-0.52
1188131630_1512110748_0,56.0,57.93,59.77,57.28,1.28
1188131635_1188131638_0,54.0,56.72,58.24,55.05,1.05
1188131635_1512110725_0,54.0,56.59,57.69,55.75,1.75
1188131638_1119694752_0,60.0,57.39,57.66,52.65,-7.35
1188131642_1188131652_0,56.0,55.45,58.43,57.0,1.0
1188131642_1188131635_0,54.0,54.01,58.41,56.95,2.95
1188131652_1188085598_0,56.0,56.54,54.1,55.15,-0.85
1188131655_1187702147_0,56.0,56.62,54.93,56.55,0.55
1188131659_1512110711_0,56.0,57.33,56.57,56.75,0.75
1188131659_1116623855_0,62.0,60.04,61.79,57.95,-4.05
1189660030_1200015496_0,59.0,64.31,65.24,62.85,3.85
1189660030_1200015481_0,59.0,63.93,64.15,61.95,2.95
1189660045_4353325940_0,74.0,66.64,66.4,64.78,-9.22
1189660045_1192963700_0,73.0,61.9,62.57,62.95,-10.05
1189660061_728705262_0,68.0,59.91,56.18,55.6,-12.4
1189660062_1189660061_0,68.0,59.3,55.36,56.55,-11.45
1190021712_1512110651_0,68.0,59.68,56.8,57.35,-10.65
1190021712_1189660062_0,68.0,57.71,55.42,54.58,-13.42
1190021724_12463364889_0,73.0,63.4,63.76,62.65,-10.35
1190021724_1190021755_0,73.0,63.76,64.93,62.25,-10.75
1190021755_1189660030_0,59.0,64.87,62.8,62.7,3.7
1192963700_1190021724_0,73.0,61.35,63.98,63.0,-10.0
1200000507_1258265825_0,61.0,60.45,55.42,55.75,-5.25
1200000507_1200000508_0,59.0,60.21,56.95,56.55,-2.45
1200000508_1200000510_0,61.0,60.72,57.06,58.82,-2.18
1200000510_728705256_0,61.0,58.94,54.62,55.8,-5.2
1200000512_1200059344_0,59.0,59.54,55.6,56.25,-2.75
1200000513_1200000508_0,61.0,59.94,54.37,55.7,-5.3
1200000513_1258265825_0,61.0,60.71,55.65,55.6,-5.4
1200005204_1200038216_0,59.0,60.88,59.97,57.35,-1.65
1200005269_1200015397_0,61.0,61.76,63.46,60.55,-0.45
1200005269_1200005204_0,61.0,60.43,60.13,57.15,-3.85
1200015397_1200015405_0,61.0,62.41,61.44,61.78,0.78
1200015397_7839120969_0,63.0,60.69,62.21,60.4,-2.6
1200015405_1200015410_0,63.0,64.72,59.85,62.05,-0.95
1200015410_1200024385_0,61.0,64.22,60.83,61.9,0.9
1200015416_1200005204_0,61.0,61.64,59.89,60.65,-0.35
1200015416_1200015405_0,61.0,64.26,60.38,62.15,1.15
1200015419_1200015472_0,59.0,63.6,60.93,61.15,2.15
1200015472_1200015481_0,59.0,62.92,62.21,63.0,4.0
1200015472_1200015496_0,59.0,63.06,60.51,60.38,1.38
1200015481_1189660045_0,73.0,64.14,63.78,62.8,-10.2
1200015496_1200015416_0,59.0,64.4,64.61,61.9,2.9
1200024335_1200015419_0,61.0,62.83,60.67,61.57,0.57
1200024335_1200024387_0,61.0,63.89,60.16,62.65,1.65
1200024345_1200024335_0,61.0,64.05,61.13,61.7,0.7
1200024385_1200024387_0,61.0,64.29,59.64,61.7,0.7
1200024385_1200015419_0,61.0,63.36,62.84,60.57,-0.43
1200024387_1200024627_0,61.0,64.1,60.56,61.85,0.85
1200024396_1200024345_0,61.0,62.01,60.33,61.75,0.75
1200024396_1200024401_0,61.0,64.11,63.2,60.8,-0.2
1200024401_1672512252_0,61.0,64.79,63.17,62.05,1.05
1200024627_2143335953_0,63.0,63.57,62.62,61.3,-1.7
1200024627_1200024396_0,61.0,64.32,61.46,61.6,0.6
1200028693_1200038211_0,73.0,61.86,60.93,62.8,-10.2
1200038211_1512110648_0,59.0,59.66,61.79,61.9,2.9
1200038211_1200059342_0,68.0,59.03,62.13,61.45,-6.55
1200038216_1200059347_0,59.0,60.72,61.5,60.75,1.75
1200038216_409292135_0,59.0,60.85,58.09,56.75,-2.25
1200059342_1512110651_0,68.0,57.53,58.58,58.4,-9.6
1200059342_1189660062_0,68.0,57.93,56.92,56.95,-11.05
1200059344_1200000507_0,59.0,59.07,56.28,55.58,-3.42
1200059345_1190021712_0,68.0,59.83,54.92,56.55,-11.45
1200059346_1200059347_0,59.0,59.47,59.73,60.65,1.65
1200059346_1512110664_0,59.0,57.7,60.54,61.2,2.2
1200059346_1512110648_0,59.0,59.83,59.54,61.45,2.45
1200059347_1200059346_0,59.0,59.47,59.73,60.65,1.65
1200059347_1200038216_0,59.0,60.72,61.5,60.75,1.75
1200059348_1200059345_0,59.0,59.85,58.22,55.25,-3.75
1200059348_1512110684_0,59.0,57.84,54.27,56.0,-3.0
1200554673_1200554688_0,59.0,59.51,60.13,60.25,1.25
1200554673_2088186040_0,54.0,60.23,60.28,59.8,5.8
1200554688_1200554673_0,59.0,59.51,60.13,60.25,1.25
1200580244_1130898075_0,64.0,58.06,56.26,50.5,-13.5
1200580244_1130908717_0,57.0,58.74,56.81,52.82,-4.18
1243851685_1140034970_0,57.0,57.2,55.26,53.9,-3.1
1243851685_1095439681_0,60.0,58.13,55.39,56.9,-3.1
1243851740_10207374186_0,62.0,62.26,66.96,64.6,2.6
1243851740_1243851777_0,62.0,58.59,67.96,59.6,-2.4
1243851768_245935463_0,59.0,49.57,59.2,60.55,1.55
1243851768_10102980234_0,59.0,52.5,52.56,59.32,0.32
1243851777_1124981481_0,62.0,58.62,68.83,59.0,-3.0
1243851790_4570126146_0,63.0,57.33,59.03,56.75,-6.25
1243851790_2407138066_0,63.0,60.83,57.53,57.7,-5.3
1243851855_1096529577_0,56.0,60.24,58.64,58.25,2.25
1243851855_1095440170_0,56.0,59.96,58.71,57.7,1.7
1249875748_1512110572_0,61.0,58.37,57.23,55.75,-5.25
1249875748_1180686279_0,54.0,54.03,53.56,55.9,1.9
1258265825_728705259_0,68.0,61.27,56.75,57.8,-10.2
1305278134_4584610470_0,59.0,53.8,56.7,55.75,-3.25
1383136506_1091842279_0,55.0,64.69,59.65,57.55,2.55
1383136506_1094296604_0,55.0,64.82,60.64,61.5,6.5
1416545434_1416545428_0,70.0,61.65,77.28,64.9,-5.1
1472990981_1134264306_0,55.0,59.49,64.09,65.17,10.17
1472990982_1472990981_0,55.0,60.7,64.61,65.2,10.2
1472990982_1134264310_0,62.0,64.5,63.51,63.55,1.55
1472993474_5345118960_0,57.0,60.44,61.83,62.1,5.1
1472993474_607644081_0,65.0,62.73,66.26,64.0,-1.0
1472993474_5346954184_0,65.0,63.53,65.03,64.35,-0.65
1473068231_1473068233_0,56.0,59.45,56.56,58.35,2.35
1473068231_1134264295_0,64.0,61.1,64.54,63.65,-0.35
1512110522_1091842257_0,54.0,57.96,57.47,56.5,2.5
1512110522_1177120047_0,54.0,57.72,59.62,56.9,2.9
1512110572_246181271_0,61.0,58.32,59.38,57.85,-3.15
1512110572_1180750443_0,46.0,57.5,60.18,55.2,9.2
1512110622_1512110629_0,46.0,57.4,56.59,55.5,9.5
1512110622_1249875748_0,59.0,54.79,54.85,57.9,-1.1
1512110626_1512110649_0,60.0,69.27,65.14,66.42,6.42
1512110626_1187334109_0,68.0,68.7,64.5,66.32,-1.68
1512110626_1187722456_0,68.0,67.73,63.54,65.07,-2.93
1512110629_1113674820_0,46.0,57.69,59.85,55.4,9.4
1512110629_1094077853_0,59.0,55.84,57.59,57.15,-1.85
1512110633_1091868583_0,46.0,53.14,57.39,56.51,10.51
1512110633_1512110622_0,59.0,53.52,54.22,55.92,-3.08
1512110646_1186101444_0,54.0,63.34,62.17,59.9,5.9
1512110646_1119033371_0,58.0,66.56,64.91,59.9,1.9
1512110648_1190021755_0,73.0,63.4,64.83,61.9,-11.1
1512110648_1200059346_0,59.0,59.83,59.54,61.45,2.45
1512110649_1186101459_0,60.0,67.52,62.82,65.5,5.5
1512110649_1187722485_0,58.0,67.18,65.31,64.35,6.35
1512110649_1187722477_0,58.0,66.79,63.18,62.2,4.2
1512110651_1512110648_0,68.0,60.56,58.94,61.15,-6.85
1512110651_1512110664_0,59.0,58.81,55.91,57.1,-1.9
1512110655_1108381695_0,60.0,60.53,62.23,59.15,-0.85
1512110655_1129273455_0,59.0,64.38,63.39,60.95,1.95
1512110664_1512110684_0,59.0,58.88,55.76,56.42,-2.58
1512110664_1200059345_0,59.0,57.9,54.6,56.0,-3.0
1512110668_1134264309_0,59.0,58.0,54.41,54.89,-4.11
1512110668_1512110655_0,60.0,60.14,57.65,57.48,-2.52
1512110681_1512110655_0,59.0,62.47,60.95,60.75,1.75
1512110681_1134264309_0,60.0,58.9,58.78,56.15,-3.85
1512110684_1200059344_0,59.0,59.46,54.49,57.1,-1.9
1512110684_1200059347_0,59.0,58.14,62.23,60.65,1.65
1512110711_4087692906_0,59.0,58.17,59.01,55.9,-3.1
1512110711_1188131655_0,56.0,56.76,57.96,57.75,1.75
1512110713_1108381685_0,62.0,60.63,62.76,58.95,-3.05
1512110713_1186060828_0,59.0,59.79,63.37,61.2,2.2
1512110715_1105149778_0,59.0,59.56,58.04,55.3,-3.7
1512110715_1512110733_0,56.0,59.27,57.01,55.82,-0.18
1512110718_1512110713_0,59.0,61.37,62.16,58.7,-0.3
1512110718_1134264333_0,62.0,59.74,61.78,60.1,-1.9
1512110722_1472990853_0,55.0,59.23,65.19,65.2,10.2
1512110722_1131686685_0,64.0,62.07,67.95,65.55,1.55
1512110725_1188085576_0,59.0,57.65,57.8,54.5,-4.5
1512110725_1512110746_0,56.0,54.98,57.31,57.1,1.1
1512110733_1512110737_0,59.0,59.66,58.19,55.82,-3.18
1512110733_1188131630_0,56.0,58.75,58.1,57.32,1.32
1512110737_1188085576_0,56.0,56.55,57.11,57.05,1.05
1512110737_1512110746_0,59.0,59.11,58.54,56.18,-2.82
1512110745_1141191817_0,46.0,51.52,56.07,54.85,8.85
1512110745_1145304334_0,46.0,48.98,52.31,54.0,8.0
1512110746_1108381701_0,59.0,58.8,57.17,55.62,-3.38
1512110746_1188131628_0,56.0,53.84,55.66,54.92,-1.08
1512110748_1188131630_0,56.0,57.93,59.77,57.28,1.28
1512110748_1130908709_0,56.0,59.24,60.81,57.25,1.25
1512110760_1141191818_0,46.0,49.86,57.51,52.49,6.49
1512110760_1145304336_0,46.0,49.68,57.35,52.09,6.09
1512110760_1145264729_0,46.0,49.46,56.04,52.69,6.69
1512110760_1141191817_0,46.0,50.2,54.62,54.25,8.25
1512110781_1145304362_0,54.0,53.85,54.87,54.9,0.9
1512110781_1145592665_0,54.0,52.39,54.18,54.38,0.38
1512110783_1105149764_0,57.0,60.78,63.06,64.75,7.75
1512110783_1187706670_0,57.0,58.18,64.2,61.99,4.99
1512110786_1134264315_0,62.0,63.33,63.0,62.36,0.36
1512110786_1124981413_0,62.0,60.1,62.13,62.4,0.4
1512110786_5346954184_0,59.0,62.71,64.73,64.1,5.1
1512110786_1512110789_0,59.0,62.9,63.93,65.0,6.0
1512110789_1130841567_0,62.0,62.51,63.74,62.21,0.21
1512110789_1512110786_0,59.0,62.9,63.93,65.0,6.0
1512564829_1086375875_0,54.0,56.85,55.36,55.9,1.9
1512564829_1094296854_0,54.0,56.09,54.05,56.95,2.95
1512564830_1200000510_0,60.0,60.93,55.19,59.17,-0.83
1512564831_1092219000_0,59.0,52.87,51.97,56.23,-2.77
1512564831_1145592711_0,46.0,52.72,53.24,55.8,9.8
1562259320_288944159_0,60.0,52.42,55.77,56.8,-3.2
1562259320_245936609_0,60.0,52.46,58.29,56.45,-3.55
1562259326_1777427676_0,60.0,52.89,56.72,56.3,-3.7
1562259338_245936231_0,59.0,48.84,48.05,55.64,-3.36
1562259338_245935463_0,60.0,49.09,46.6,55.75,-4.25
1562259365_8426609760_0,60.0,54.61,60.03,55.25,-4.75
1562259365_10102978853_0,54.0,52.05,55.47,56.15,2.15
1564374009_211305824_0,68.0,64.78,63.65,62.7,-5.3
1564374009_211310173_0,68.0,66.49,62.62,64.1,-3.9
1609997963_2484613878_0,60.0,64.23,60.44,62.0,2.0
1609997967_1091842276_0,63.0,63.63,60.43,59.86,-3.14
1609997967_246182520_0,63.0,63.81,59.98,60.91,-2.09
1609997988_1094360111_0,60.0,66.72,65.37,61.7,1.7
1609997988_1084139081_0,60.0,64.6,61.65,61.3,1.3
1609997995_2484613875_0,63.0,65.07,62.59,61.3,-1.7
1609997995_1085377812_0,55.0,63.01,62.88,61.2,6.2
1609998009_10106993225_0,63.0,63.42,59.13,62.15,-0.85
1609998009_1085377805_0,63.0,64.21,61.25,62.3,-0.7
1624926347_1092219005_0,61.0,60.76,61.7,60.75,-0.25
1624926347_1094237291_0,61.0,58.95,58.4,59.25,-1.75
1648826945_1119033381_0,58.0,64.3,62.45,62.85,4.85
1648826945_1186101444_0,58.0,63.33,60.23,60.95,2.95
1672512155_1672512452_0,59.0,68.9,66.47,64.25,5.25
1672512178_1200024401_0,59.0,63.07,62.69,61.55,2.55
1672512187_1672512245_0,64.0,67.21,62.11,61.0,-3.0
1672512207_245491719_0,68.0,66.85,62.18,61.4,-6.6
1672512207_1672512375_0,68.0,67.85,64.48,61.2,-6.8
1672512233_11382810685_0,64.0,68.48,65.4,66.3,2.3
1672512233_2404835470_0,64.0,67.94,64.36,64.3,0.3
1672512245_1672512207_0,68.0,67.47,63.2,61.55,-6.45
1672512245_11382810675_0,64.0,63.29,63.38,62.35,-1.65
1672512252_1672512439_0,64.0,67.74,64.77,62.14,-1.86
1672512265_1188131655_0,54.0,55.78,56.96,57.3,3.3
1672512265_1096529607_0,62.0,57.83,56.09,53.8,-8.2
1672512265_1095439629_0,62.0,57.09,55.65,54.5,-7.5
1672512276_4347724102_0,70.0,69.72,67.43,64.95,-5.05
1672512313_1153010098_0,56.0,53.39,53.85,54.2,-1.8
1672512320_1200024345_0,61.0,66.1,63.84,62.2,1.2
1672512320_1672512252_0,59.0,67.82,65.37,62.14,3.14
1672512342_1672512353_0,59.0,65.56,63.9,63.45,4.45
1672512342_4558577507_0,59.0,68.78,64.38,63.8,4.8
1672512344_4554626299_0,64.0,67.55,64.46,61.4,-2.6
1672512353_12180995970_0,59.0,67.61,63.54,63.52,4.52
1672512375_1672512155_0,64.0,68.74,65.5,63.8,-0.2
1672512375_1672512344_0,64.0,67.0,65.88,62.9,-1.1
1672512394_1109639597_0,69.0,60.29,60.18,61.1,-7.9
1672512394_1131425393_0,69.0,63.31,62.35,62.82,-6.18
1672512406_2404835470_0,64.0,67.97,62.67,62.45,-1.55
1672512406_1672512187_0,64.0,64.52,63.39,63.93,-0.07
1672512429_1672512435_0,68.0,66.22,63.21,63.72,-4.28
1672512429_1672512276_0,68.0,69.51,67.35,65.0,-3.0
1672512435_1672512342_0,59.0,68.53,66.55,64.72,5.72
1672512439_1672512155_0,64.0,64.92,65.41,63.58,-0.42
1672512439_1672512344_0,64.0,68.47,65.5,64.05,0.05
1672512452_1672512353_0,59.0,68.75,64.43,64.35,5.35
1672512452_4558577507_0,59.0,65.84,63.72,63.7,4.7
1676387272_1130841563_0,62.0,63.84,64.08,63.7,1.7
1693128085_245491904_0,54.0,59.82,59.19,60.8,6.8
1693797759_1693806116_0,59.0,65.48,61.36,63.42,4.42
1693797759_246811978_0,55.0,60.36,59.7,58.25,3.25
1693806115_246182757_0,59.0,63.23,59.92,61.9,2.9
1693806116_1693806115_0,59.0,62.71,60.15,62.2,3.2
1693806116_1885951244_0,59.0,66.75,62.91,63.48,4.48
1763262440_4558538601_0,60.0,65.41,63.4,63.57,3.57
1763262440_211321253_0,68.0,65.25,63.69,63.43,-4.57
1777427676_245935861_0,60.0,53.61,58.6,57.2,-2.8
1843795431_2088186040_0,59.0,61.41,63.05,62.15,3.15
1843795431_245491904_0,63.0,63.09,62.56,62.42,-0.58
1843795431_2143335953_0,63.0,62.89,62.2,61.6,-1.4
1843795432_245491934_0,59.0,66.49,62.52,61.5,2.5
1843795432_211318996_0,63.0,69.6,62.31,63.9,0.9
1843795432_245491906_0,63.0,66.21,62.52,64.4,1.4
1843795433_409137871_0,63.0,64.13,64.01,61.25,-1.75
1885951239_246811978_0,55.0,60.04,55.92,55.15,0.15
1885951241_211310173_0,68.0,66.45,61.87,63.2,-4.8
1885951241_211311619_0,68.0,65.25,61.08,63.3,-4.7
1885951244_211310729_0,68.0,66.27,61.24,63.04,-4.96
1885951247_1885951249_0,68.0,65.07,66.16,63.5,-4.5
1885951249_1885951244_0,68.0,65.39,60.61,63.34,-4.66
1994627752_1994627759_0,68.0,63.23,64.01,62.0,-6.0
1994627752_243495392_0,68.0,64.05,65.54,62.3,-5.7
1994627759_1994627752_0,68.0,63.23,64.01,62.0,-6.0
1994627759_4353325969_0,68.0,61.94,66.09,62.1,-5.9
1994627759_4568983480_0,68.0,62.74,61.34,62.05,-5.95
2088186040_409137869_0,59.0,59.81,59.75,58.65,-0.35
2142861448_1124981404_0,59.0,59.75,60.71,59.45,0.45
2142861448_2142861448_0,59.0,56.96,60.09,59.7,0.7
2143335939_2143335953_0,59.0,60.65,58.17,60.5,1.5
2143335953_1200024627_0,63.0,63.57,62.62,61.3,-1.7
2143335953_2143335939_0,59.0,60.65,58.17,60.5,1.5
2143335953_1843795431_0,63.0,62.89,62.2,61.6,-1.4
2143335963_2143335964_0,60.0,63.09,60.6,62.72,2.72
2143335963_4558538601_0,60.0,64.33,61.14,62.62,2.62
2143335964_2143335965_0,60.0,62.68,59.47,59.04,-0.96
2143335964_2143335963_0,60.0,63.09,60.6,62.72,2.72
2143335965_409131078_0,60.0,62.31,58.71,58.92,-1.08
2143335965_2143335964_0,60.0,62.68,59.47,59.04,-0.96
2187119246_10093451978_0,69.0,62.68,61.55,61.7,-7.3
2221700167_242925500_0,70.0,66.98,69.55,66.15,-3.85
2221700186_5772382718_0,70.0,69.75,72.63,66.3,-3.7
2221700186_2221700167_0,70.0,65.72,67.13,66.15,-3.85
2221700286_5772382718_0,70.0,69.76,72.65,66.8,-3.2
2221700286_5772382717_0,70.0,69.2,69.48,66.15,-3.85
2221700312_5772382701_0,70.0,65.63,71.4,63.95,-6.05
2332249073_2332249079_0,70.0,62.75,77.27,64.55,-5.45
2332249079_1416545434_0,70.0,62.52,77.88,64.55,-5.45
2338038473_1693806115_0,59.0,62.66,58.24,61.4,2.4
2383446335_206378333_0,68.0,56.98,45.91,46.31,-21.69
2383446341_2383446364_0,68.0,56.78,47.11,49.66,-18.34
2383446341_6315715531_0,70.0,59.86,57.49,52.48,-17.52
2383446352_2383446355_0,68.0,57.55,47.63,50.82,-17.18
2383446355_2383446341_0,68.0,58.59,48.04,51.21,-16.79
2383446364_2383446335_0,68.0,57.6,49.92,47.99,-20.01
2404830460_1119033360_0,60.0,66.82,63.36,61.75,1.75
2404830460_1096507243_0,60.0,63.44,62.75,63.8,3.8
2404835470_1672512233_0,64.0,67.94,64.36,64.3,0.3
2404835470_1672512187_0,64.0,67.91,62.24,62.65,-1.35
2407138065_4560313023_0,59.0,64.21,61.66,61.3,2.3
2407138066_1243851790_0,63.0,60.83,57.53,57.7,-5.3
2407138066_246182514_0,63.0,60.09,59.02,59.0,-4.0
2407138071_2407138072_0,59.0,62.84,59.81,60.75,1.75
2407138071_1177157014_0,59.0,63.69,61.76,60.65,1.65
2407138072_246182519_0,59.0,63.29,60.22,60.96,1.96
2484613875_1609997995_0,63.0,65.07,62.59,61.3,-1.7
2484613875_1094360143_0,63.0,66.1,63.32,61.2,-1.8
2484613878_2484613875_0,63.0,62.65,62.39,60.25,-2.75
2484613878_1094360143_0,63.0,63.57,62.73,61.2,-1.8
2987193084_10840344519_0,59.0,59.32,59.62,57.55,-1.45
2987193084_10840344511_0,68.0,61.38,58.93,59.25,-8.75
2987193088_728705278_0,60.0,63.01,58.55,60.65,0.65
2987193095_2987196295_0,68.0,61.32,61.99,58.08,-9.92
2987196295_9959380164_0,68.0,61.1,60.8,58.28,-9.72
3088102812_3088105221_0,70.0,57.22,59.47,50.21,-19.79
3088102817_5531281610_0,70.0,58.53,64.19,61.1,-8.9
3088102827_3088102830_0,70.0,57.2,59.65,49.69,-20.31
3088102827_4353309860_0,70.0,60.28,56.52,61.65,-8.35
3088102830_3088102812_0,70.0,58.19,58.46,49.48,-20.52
3088105135_3088102827_0,70.0,58.13,58.9,49.04,-20.96
3088105221_2383446355_0,70.0,57.99,60.31,50.92,-19.08
3088105224_8569349889_0,70.0,60.17,53.23,61.9,-8.1
3088105224_4469422088_0,70.0,58.28,60.23,62.65,-7.35
3783460876_4353309814_0,70.0,61.07,59.54,61.9,-8.1
3783460876_3783460882_0,70.0,59.63,61.08,61.45,-8.55
3783460882_4357570550_0,70.0,63.56,60.41,61.85,-8.15
3783460882_4346548508_0,70.0,63.26,61.56,61.9,-8.1
3783460895_3783460905_0,70.0,59.24,61.11,61.85,-8.15
3783460895_3088102817_0,70.0,60.48,62.43,61.0,-9.0
3783460905_3783460895_0,70.0,59.24,61.11,61.85,-8.15
3783460905_4353309862_0,70.0,61.4,61.02,61.25,-8.75
3783460937_4353325945_0,68.0,68.79,61.16,63.85,-4.15
3783461459_4353309859_0,70.0,59.41,59.27,61.35,-8.65
4087692901_1105037086_0,62.0,61.07,61.44,57.0,-5.0
4087692906_1096529607_0,59.0,58.76,55.87,53.9,-5.1
4087692913_1188131638_0,60.0,57.67,57.21,54.95,-5.05
4087692913_10095475579_0,60.0,57.31,53.26,54.5,-5.5
4087742266_1113674856_0,62.0,59.26,58.99,57.65,-4.35
4087742266_1094237297_0,62.0,61.23,58.77,55.75,-6.25
4087742279_1113674839_0,56.0,55.83,57.8,55.85,-0.15
4087775578_246182133_0,59.0,54.69,56.02,56.0,-3.0
4087775578_246181270_0,59.0,54.95,55.61,56.1,-2.9
4223738578_11382810677_0,68.0,63.28,60.67,65.1,-2.9
4223738578_11382810675_0,64.0,62.28,65.25,61.83,-2.17
4223738581_11382810685_0,64.0,69.02,65.95,66.15,2.15
4223738581_243494580_0,68.0,69.37,64.03,64.75,-3.25
4223738581_11382810677_0,68.0,65.78,63.41,64.65,-3.35
4271743735_475572102_0,74.0,61.25,73.62,66.9,-7.1
4271743735_4271749701_0,74.0,61.62,75.24,66.65,-7.35
4271749701_475572103_0,74.0,60.04,73.17,65.15,-8.85
4346548501_4353309859_0,70.0,61.86,58.35,61.6,-8.4
4346548508_4353309837_0,70.0,63.18,61.41,61.45,-8.55
4346548521_4357570567_0,70.0,64.47,59.82,62.65,-7.35
4347724102_4357570568_0,68.0,67.33,63.47,65.5,-2.5
4347724102_4353325946_0,70.0,69.02,63.6,64.25,-5.75
4353309812_4353309814_0,70.0,65.02,62.82,63.08,-6.92
4353309812_3783460937_0,68.0,68.75,64.16,64.0,-4.0
4353309813_4353309814_0,70.0,60.09,62.81,61.55,-8.45
4353309813_3783460937_0,70.0,62.04,64.64,65.08,-4.92
4353309814_3783460895_0,70.0,61.39,61.49,62.05,-7.95
4353309814_4353309813_0,70.0,60.09,62.81,61.55,-8.45
4353309814_3783460876_0,70.0,61.07,59.54,61.9,-8.1
4353309818_4357570568_0,70.0,69.32,63.93,65.3,-4.7
4353309818_4353325944_0,68.0,65.65,65.66,65.55,-2.45
4353309820_3783460876_0,70.0,60.61,59.72,61.15,-8.85
4353309837_4353309820_0,70.0,62.22,62.18,61.35,-8.65
4353309837_4353309858_0,70.0,62.52,59.12,61.4,-8.6
4353309858_4346548501_0,70.0,62.15,58.76,61.4,-8.6
4353309859_4353309861_0,70.0,61.56,58.68,61.8,-8.2
4353309860_3783460905_0,70.0,60.94,58.12,62.05,-7.95
4353309861_4353309860_0,70.0,59.08,60.22,62.25,-7.75
4353309861_3088105224_0,70.0,61.2,56.73,61.4,-8.6
4353309862_4353309858_0,70.0,59.2,60.17,61.45,-8.55
4353309862_4353309820_0,70.0,61.88,61.98,61.2,-8.8
4353325928_1672512276_0,68.0,66.73,63.46,65.3,-2.7
4353325928_1672512435_0,68.0,68.84,67.82,65.2,-2.8
4353325940_4353325928_0,68.0,68.04,64.28,64.8,-3.2
4353325942_1192963700_0,74.0,64.37,66.36,65.44,-8.56
4353325942_4353325940_0,70.0,68.2,65.44,64.85,-5.15
4353325944_4353309812_0,68.0,68.91,64.54,64.2,-3.8
4353325945_4357570569_0,68.0,68.46,62.48,64.0,-4.0
4353325945_214925862_0,70.0,70.26,66.77,66.5,-3.5
4353325946_9450392714_0,70.0,65.92,62.04,62.85,-7.15
4353325946_4353325944_0,68.0,68.99,65.18,64.4,-3.6
4353325969_1994627759_0,68.0,61.94,66.09,62.1,-5.9
4357570550_12180995976_0,70.0,63.54,60.63,62.3,-7.7
4357570567_3783461459_0,70.0,60.11,64.13,62.2,-7.8
4357570567_4469422085_0,70.0,62.81,61.32,62.8,-7.2
4357570568_4353325942_0,68.0,68.27,66.71,65.05,-2.95
4357570569_4357587942_0,70.0,62.61,67.47,64.03,-5.97
4357570569_4353309818_0,68.0,68.53,63.53,64.05,-3.95
4357587942_4357570569_0,70.0,62.61,67.47,64.03,-5.97
4358780493_1124937218_0,60.0,61.05,61.5,64.3,4.3
4358780493_4358780498_0,54.0,59.47,58.49,60.5,6.5
4358780494_4358780497_0,54.0,56.75,64.05,61.0,7.0
4358780494_1124937218_0,57.0,59.68,59.89,62.1,5.1
4358780497_4358780494_0,54.0,56.75,64.05,61.0,7.0
4358780497_4358780501_0,54.0,56.13,62.8,59.75,5.75
4358780497_4358780498_0,54.0,56.92,64.96,60.9,6.9
4358780498_4358780501_0,54.0,58.16,62.67,60.4,6.4
4358780498_4358780502_0,54.0,56.83,64.78,60.9,6.9
4358780498_4358780497_0,54.0,56.92,64.96,60.9,6.9
4358780498_4358780493_0,54.0,59.47,58.49,60.5,6.5
4358780501_4358780498_0,54.0,58.16,62.67,60.4,6.4
4358780501_4358780508_0,54.0,57.54,62.06,60.45,6.45
4358780501_4358780497_0,54.0,56.13,62.8,59.75,5.75
4358780501_4358780502_0,54.0,56.64,64.17,61.15,7.15
4358780502_4358780505_0,54.0,57.75,63.48,61.0,7.0
4358780502_4358780501_0,54.0,56.64,64.17,61.15,7.15
4358780502_4358780498_0,54.0,56.83,64.78,60.9,6.9
4358780504_4358780494_0,57.0,58.34,58.65,59.1,2.1
4358780504_4358780507_0,54.0,57.29,60.84,57.95,3.95
4358780505_4358780502_0,54.0,57.75,63.48,61.0,7.0
4358780505_1119106283_0,57.0,59.84,63.49,61.55,4.55
4358780505_1119093915_0,57.0,60.88,63.23,63.45,6.45
4358780507_4358780504_0,54.0,57.29,60.84,57.95,3.95
4358780507_4358780510_0,54.0,56.98,61.5,58.4,4.4
4358780507_4358780508_0,54.0,56.04,61.52,59.55,5.55
4358780508_4358780501_0,54.0,57.54,62.06,60.45,6.45
4358780508_4358780512_0,54.0,56.0,62.61,60.1,6.1
4358780508_4358780507_0,54.0,56.04,61.52,59.55,5.55
4358780510_4358780507_0,54.0,56.98,61.5,58.4,4.4
4358780510_4358780511_0,57.0,57.06,58.94,58.05,1.05
4358780511_4358780512_0,57.0,57.41,60.64,58.85,1.85
4358780511_4358780513_0,57.0,57.17,59.3,58.25,1.25
4358780512_1119106283_0,57.0,58.5,59.96,58.3,1.3
4358780512_4358780508_0,54.0,56.0,62.61,60.1,6.1
4358780513_1119106303_0,57.0,54.71,62.18,58.45,1.45
4358780513_4358780517_0,54.0,56.49,62.27,58.4,4.4
4358780513_4358780511_0,57.0,57.17,59.3,58.25,1.25
4358780516_4358780517_0,54.0,54.47,60.29,57.7,3.7
4358780516_1119106303_0,54.0,55.6,62.1,58.0,4.0
4358780516_4358780520_0,54.0,55.06,58.93,58.55,4.55
4358780517_4358780520_0,54.0,54.82,59.58,57.9,3.9
4358780517_4358780513_0,54.0,56.49,62.27,58.4,4.4
4358780517_4358780521_0,54.0,54.56,60.53,58.5,4.5
4358780517_4358780516_0,54.0,54.47,60.29,57.7,3.7
4358780520_4358780523_0,54.0,54.78,57.93,58.6,4.6
4358780520_4358780517_0,54.0,54.82,59.58,57.9,3.9
4358780520_4358780516_0,54.0,55.06,58.93,58.55,4.55
4358780520_4358780521_0,54.0,53.96,58.66,58.1,4.1
4358780521_4358780524_0,54.0,55.19,57.37,58.45,4.45
4358780521_4358780517_0,54.0,54.56,60.53,58.5,4.5
4358780521_4358780520_0,54.0,53.96,58.66,58.1,4.1
4358780523_4358780520_0,54.0,54.78,57.93,58.6,4.6
4358780524_4358780521_0,54.0,55.19,57.37,58.45,4.45
4358780524_1119106285_0,57.0,56.91,56.6,58.95,1.95
4469422084_6315715531_0,70.0,57.68,54.55,48.43,-21.57
4469422084_6315715548_0,70.0,59.81,55.15,51.0,-19.0
4469422085_4469422084_0,70.0,60.23,57.21,52.26,-17.74
4469422088_4469422085_0,70.0,60.87,57.56,54.85,-15.15
4549490595_473593916_0,73.0,61.37,65.63,63.45,-9.55
4549490595_214925654_0,74.0,63.77,65.07,63.9,-10.1
4549490596_473593917_0,73.0,60.42,66.89,63.2,-9.8
4554626299_1672512178_0,59.0,64.57,65.52,62.25,3.25
4554626299_1672512406_0,64.0,67.26,62.76,62.1,-1.9
4556222967_470891229_0,73.0,62.13,66.02,53.49,-19.51
4558538598_211321256_0,68.0,65.16,63.03,63.49,-4.51
4558538598_1131425423_0,68.0,64.62,61.01,62.25,-5.75
4558538601_1763262440_0,60.0,65.41,63.4,63.57,3.57
4558538601_2143335963_0,60.0,64.33,61.14,62.62,2.62
4558577507_1672512320_0,59.0,68.03,65.02,62.44,3.44
4560313023_4560313024_0,63.0,63.42,61.18,62.35,-0.65
4560313024_2407138066_0,63.0,62.43,59.4,59.78,-3.22
4560313024_246182514_0,59.0,62.2,59.29,59.95,0.95
4568983477_245491716_0,68.0,62.87,63.12,62.62,-5.38
4568983477_4568983480_0,68.0,61.79,60.04,62.05,-5.95
4568983477_1994627752_0,68.0,62.84,60.95,62.1,-5.9
4568983480_4568983477_0,68.0,61.79,60.04,62.05,-5.95
4568983480_245491717_0,68.0,61.18,62.33,62.35,-5.65
4568983480_245491688_0,68.0,61.2,62.6,62.45,-5.55
4569265245_3088102817_0,70.0,58.18,63.28,61.0,-9.0
4569265245_4353309813_0,70.0,59.14,64.18,61.0,-9.0
4569285097_1119093872_0,60.0,59.97,58.85,59.95,-0.05
4569285097_1119093947_0,60.0,57.33,60.85,60.4,0.4
4569285099_4569285100_0,57.0,59.3,61.52,59.0,2.0
4569285100_1119104427_0,57.0,58.1,60.96,59.75,2.75
4569285100_4569285097_0,57.0,59.19,59.35,59.85,2.85
4569318327_1562259326_0,60.0,53.49,56.49,55.68,-4.32
4569344748_4620449099_0,59.0,54.24,53.67,55.75,-3.25
4569344748_4587244525_0,59.0,55.41,56.4,56.8,-2.2
4569344749_4587244525_0,59.0,56.86,58.04,56.45,-2.55
4569344749_246182298_0,59.0,55.13,56.4,56.15,-2.85
4569344752_1180750433_0,54.0,55.15,52.46,54.34,0.34
4569344752_4569344753_0,54.0,54.22,55.28,54.38,0.38
4569344753_4620449097_0,54.0,54.52,56.09,54.78,0.78
4569344753_1180750434_0,54.0,53.68,54.58,55.6,1.6
4569344756_4569344752_0,54.0,53.59,53.85,55.55,1.55
4569344756_4620449097_0,54.0,56.23,54.84,56.05,2.05
4570126146_246811464_0,60.0,57.5,57.94,56.7,-3.3
4584610470_4584610471_0,60.0,54.02,56.45,56.15,-3.85
4584610470_4569344748_0,59.0,54.66,58.3,56.8,-2.2
4584610471_4569318327_0,60.0,53.83,55.03,56.1,-3.9
4587244525_246181791_0,59.0,58.84,58.23,55.75,-3.25
4587244527_1180750434_0,54.0,56.23,57.96,56.7,2.7
4587244527_4087775578_0,59.0,55.15,56.79,55.9,-3.1
4620449097_4587244527_0,54.0,56.2,57.84,56.95,2.95
4620449099_4569344749_0,59.0,56.85,58.1,56.55,-2.45
5345118960_1512110783_0,57.0,59.63,62.95,61.0,4.0
5345118960_5345118961_0,57.0,58.94,62.65,62.35,5.35
5345118961_1105149764_0,59.0,63.1,64.07,64.0,5.0
5345118961_5346954184_0,59.0,64.17,64.17,64.1,5.1
5345154771_1130841552_0,59.0,61.78,61.27,62.6,3.6
5345154771_1131425393_0,59.0,59.27,58.52,59.52,0.52
5346948498_5401629305_0,62.0,61.86,62.34,62.4,0.4
5346948498_1108381682_0,59.0,61.29,60.26,61.44,2.44
5346948499_5401631423_0,62.0,63.52,60.78,63.0,1.0
5346948499_1094360498_0,62.0,63.73,63.73,61.8,-0.2
5346954184_5345118961_0,59.0,64.17,64.17,64.1,5.1
5346954184_1472993474_0,65.0,63.53,65.03,64.35,-0.65
5346954184_607644089_0,65.0,65.07,67.58,65.25,0.25
5346954184_1512110786_0,59.0,62.71,64.73,64.1,5.1
5401629305_1512110681_0,59.0,61.85,62.37,60.7,1.7
5401629305_5401629306_0,62.0,61.86,63.33,61.1,-0.9
5401629306_1130908720_0,62.0,60.78,59.03,60.8,-1.2
5401629314_5346948498_0,59.0,61.81,60.72,60.92,1.92
5401629314_1512110681_0,60.0,59.18,60.69,59.0,-1.0
5401629314_8665045217_0,54.0,58.37,52.99,54.25,0.25
5401631423_5346948499_0,62.0,63.52,60.78,63.0,1.0
5401631423_5346948498_0,62.0,61.46,61.97,62.54,0.54
5401631423_1105149745_0,62.0,61.13,61.87,61.99,-0.01
5531281610_3088105135_0,70.0,57.63,59.19,61.1,-8.9
5772379239_5772382726_0,70.0,69.04,67.59,66.15,-3.85
5772379239_5772382686_0,70.0,69.0,67.97,65.65,-4.35
5772382686_242926973_0,70.0,69.03,67.67,65.7,-4.3
5772382696_5772382717_0,70.0,69.2,70.55,65.75,-4.25
5772382696_2221700312_0,70.0,64.81,70.95,63.6,-6.4
5772382701_5772379239_0,70.0,66.17,67.25,64.05,-5.95
5772382701_5772382686_0,70.0,64.66,69.91,63.95,-6.05
5772382717_2221700312_0,70.0,64.96,69.4,64.1,-5.9
5772382717_2221700286_0,70.0,69.2,69.48,66.15,-3.85
5772382718_2221700286_0,70.0,69.76,72.65,66.8,-3.2
5772382718_2221700167_0,70.0,67.43,70.53,66.45,-3.55
5772382726_214924708_0,70.0,66.69,68.28,66.2,-3.8
5772382726_5772379239_0,70.0,69.04,67.59,66.15,-3.85
6289097043_1092263787_0,59.0,56.41,59.25,56.45,-2.55
6315715531_6315715532_0,70.0,60.16,57.47,52.21,-17.79
6315715532_4469422088_0,70.0,60.65,57.36,55.42,-14.58
6315715532_8569349879_0,70.0,58.74,61.95,60.45,-9.55
6315715548_2383446364_0,70.0,58.67,56.55,49.31,-20.69
6315715548_206378333_0,68.0,58.12,53.2,48.35,-19.65
6447291071_1094077933_0,55.0,57.79,60.35,61.08,6.08
6447291071_1091842257_0,55.0,57.92,60.36,60.5,5.5
6447291071_6447291072_0,54.0,55.26,54.68,53.98,-0.02
6447291072_6447291071_0,54.0,55.26,54.68,53.98,-0.02
7839120968_7839120969_0,59.0,59.59,64.2,59.9,0.9
7839120968_1200015410_0,63.0,64.37,58.99,61.95,-1.05
7839120969_409128578_0,63.0,60.64,60.33,61.05,-1.95
8119286345_10207412148_0,59.0,56.51,52.87,51.45,-7.55
8119286345_10207412150_0,59.0,58.82,56.39,57.3,-1.7
8426609760_1562259320_0,60.0,54.2,56.07,54.38,-5.62
8569349879_3088105221_0,70.0,57.89,60.17,60.4,-9.6
8569349879_8569349889_0,70.0,58.27,58.27,62.65,-7.35
8569349889_3088102830_0,70.0,59.52,58.46,62.3,-7.7
8665045217_5401629314_0,54.0,58.37,52.99,54.25,0.25
8706350395_1145657870_0,46.0,46.51,54.04,55.3,9.3
9450392714_4353325946_0,70.0,65.92,62.04,62.85,-7.15
9450392714_4346548521_0,70.0,63.56,60.82,61.4,-8.6
9959380164_2987193084_0,68.0,61.26,58.2,58.5,-9.5
10093451976_1672512394_0,59.0,61.47,60.37,62.4,3.4
10093451976_10093506076_0,59.0,59.46,60.59,60.9,1.9
10093451977_10093451976_0,59.0,62.13,61.43,63.25,4.25
10093451977_11423339058_0,59.0,61.1,60.08,62.2,3.2
10093451978_10093451977_0,69.0,61.92,61.26,63.05,-5.95
10093506076_1129273459_0,59.0,59.29,56.49,56.15,-2.85
10093506076_10207412150_0,59.0,59.42,56.43,56.45,-2.55
10095475579_1243851685_0,57.0,58.28,54.73,57.2,0.2
10098682767_1187729184_0,55.0,61.0,59.65,64.05,9.05
10098682767_1187722485_0,58.0,63.1,61.55,63.9,5.9
10102978853_245936371_0,54.0,54.28,55.67,54.95,0.95
10102978858_8426609760_0,54.0,51.16,59.76,56.3,2.3
10102978858_10102978853_0,54.0,52.42,53.39,55.12,1.12
10102980234_245936353_0,59.0,51.76,53.43,58.32,-0.68
10106993225_1609998009_0,63.0,63.42,59.13,62.15,-0.85
10106993225_1177120098_0,63.0,62.1,60.72,60.65,-2.35
10108109102_728705271_0,60.0,60.14,58.15,56.6,-3.4
10108109102_10108109105_0,60.0,60.62,55.25,57.0,-3.0
10108109103_728705249_0,60.0,60.11,57.03,56.4,-3.6
10108109104_728705253_0,60.0,61.98,58.44,61.6,1.6
10108109104_10108109103_0,60.0,58.8,56.54,55.7,-4.3
10108109105_10108109106_0,60.0,61.85,57.01,61.0,1.0
10108109106_728705264_0,60.0,58.76,57.62,56.7,-3.3
10108109106_10108109104_0,60.0,61.54,58.27,60.6,0.6
10185494293_11382809945_0,68.0,61.52,57.89,58.65,-9.35
10185494293_2987193088_0,68.0,62.63,59.73,59.25,-8.75
10185494294_10185494295_0,68.0,59.78,58.85,59.1,-8.9
10185494294_10207412156_0,59.0,61.09,59.19,59.3,0.3
10185494295_10207349882_0,68.0,61.49,59.85,59.9,-8.1
10185494295_211321896_0,68.0,63.78,61.53,62.25,-5.75
10207349882_2987193088_0,68.0,62.51,58.59,61.0,-7.0
10207374170_10840344511_0,59.0,62.14,58.99,60.75,1.75
10207374174_10840344509_0,59.0,56.62,57.69,57.5,-1.5
10207374174_12346156720_0,59.0,54.45,57.42,56.36,-2.64
10207374186_10207374193_0,59.0,59.92,62.0,61.25,2.25
10207374193_10207412147_0,59.0,57.54,58.68,58.65,-0.35
10207374193_10207374196_0,59.0,59.37,59.8,60.3,1.3
10207374196_10207412117_0,59.0,59.4,66.69,62.9,3.9
10207374196_10207412133_0,59.0,57.61,59.97,60.05,1.05
10207374206_1243851777_0,62.0,58.76,63.87,57.25,-4.75
10207374206_10207374186_0,59.0,57.35,61.02,58.5,-0.5
10207412117_10207412127_0,59.0,59.2,63.87,62.95,3.95
10207412127_10840344508_0,59.0,58.97,57.83,59.82,0.82
10207412127_10840344521_0,59.0,57.27,61.71,57.43,-1.57
10207412133_10207374206_0,59.0,57.03,59.86,57.0,-2.0
10207412137_10207412133_0,59.0,56.54,59.71,56.65,-2.35
10207412137_10207412117_0,59.0,56.08,62.09,57.83,-1.17
10207412147_12346112890_0,59.0,53.33,51.78,49.4,-9.6
10207412147_10207412148_0,59.0,55.55,52.2,50.22,-8.78
10207412147_10207374193_0,59.0,57.54,58.68,58.65,-0.35
10207412147_12346156720_0,59.0,54.21,56.12,56.95,-2.05
10207412148_8119286345_0,59.0,56.51,52.87,51.45,-7.55
10207412148_10207412147_0,59.0,55.55,52.2,50.22,-8.78
10207412150_11423339059_0,59.0,57.53,52.81,54.25,-4.75
10207412150_10093506076_0,59.0,59.42,56.43,56.45,-2.55
10207412151_10207374170_0,59.0,61.0,59.76,60.4,1.4
10207412153_12346156720_0,59.0,53.6,56.99,56.15,-2.85
10207412154_12346156720_0,59.0,54.81,59.7,56.75,-2.25
10207412154_10207412148_0,59.0,53.33,53.91,53.12,-5.88
10207412156_11382809938_0,68.0,60.65,58.98,59.36,-8.64
10207412160_10207374170_0,59.0,60.78,57.93,58.8,-0.2
10840344508_10207374174_0,59.0,56.48,57.51,57.2,-1.8
10840344509_13055947328_0,59.0,58.59,60.32,59.12,0.12
10840344509_10840344510_0,59.0,57.54,57.74,57.1,-1.9
10840344510_10207412151_0,59.0,58.79,59.11,59.8,0.8
10840344510_10840344519_0,59.0,58.7,58.28,59.05,0.05
10840344511_10185494293_0,68.0,62.86,59.07,61.0,-7.0
10840344519_10840344528_0,59.0,58.62,58.23,58.92,-0.08
10840344521_10207412137_0,59.0,55.73,61.72,56.15,-2.85
10840344525_11275922906_0,59.0,56.43,57.5,56.7,-2.3
10840344528_10840344525_0,59.0,56.54,55.78,56.25,-2.75
10840344528_10840344508_0,59.0,58.17,59.38,59.47,0.47
11275922906_10840344521_0,59.0,56.48,57.17,56.4,-2.6
11382809938_2187119246_0,68.0,62.01,61.14,61.4,-6.6
11382809938_11382809942_0,59.0,58.85,59.78,61.3,2.3
11382809941_10207412151_0,59.0,57.29,58.02,57.36,-1.64
11382809941_13055947328_0,59.0,55.6,57.61,55.81,-3.19
11382809942_12346156730_0,59.0,60.41,59.63,58.55,-0.45
11382809942_11382809941_0,59.0,57.07,58.29,59.15,0.15
11382809945_10185494294_0,68.0,61.03,58.82,59.4,-8.6
11382809945_10207412160_0,59.0,59.95,58.68,58.75,-0.25
11382810675_1672512245_0,64.0,63.29,63.38,62.35,-1.65
11382810675_11382810677_0,64.0,63.13,63.12,62.12,-1.88
11382810677_4223738578_0,68.0,63.28,60.67,65.1,-2.9
11382810677_4223738581_0,68.0,65.78,63.41,64.65,-3.35
11382810685_1672512233_0,64.0,68.48,65.4,66.3,2.3
11382810685_4223738581_0,64.0,69.02,65.95,66.15,2.15
11382810685_11382810690_0,64.0,65.4,64.64,62.13,-1.87
11382810690_1672512233_0,59.0,66.79,65.6,63.35,4.35
11387988431_242925495_0,70.0,70.09,67.53,66.2,-3.8
11387988431_473481292_0,70.0,66.98,68.47,64.3,-5.7
11423339058_11423339059_0,59.0,56.98,58.03,59.9,0.9
11423339058_11382809942_0,59.0,60.98,61.99,61.72,2.72
11423339059_11382809941_0,59.0,56.8,59.48,54.28,-4.72
12180995969_12180995971_0,68.0,64.35,63.17,62.25,-5.75
12180995969_245491682_0,68.0,63.77,63.37,63.35,-4.65
12180995970_12180995969_0,68.0,65.25,63.65,62.9,-5.1
12180995970_243494597_0,68.0,67.53,64.43,63.72,-4.28
12180995971_245491682_0,68.0,67.67,62.61,63.45,-4.55
12180995971_245491716_0,68.0,67.25,59.93,63.45,-4.55
12180995976_4346548521_0,70.0,59.75,62.83,62.1,-7.9
12180995976_9450392714_0,70.0,63.56,60.0,61.85,-8.15
12181435186_1096507245_0,55.0,61.76,59.46,58.45,3.45
12181435188_1177157035_0,54.0,60.3,58.66,57.1,3.1
12181435188_12181435186_0,54.0,59.37,57.56,57.88,3.88
12346112890_12346112890_0,59.0,52.47,48.16,47.38,-11.62
12346112890_12346112890_1,59.0,52.47,48.16,47.38,-11.62
12346112890_10207412147_0,59.0,53.33,51.78,49.4,-9.6
12346156720_10207412153_0,59.0,53.6,56.99,56.15,-2.85
12346156720_10207374174_0,59.0,54.45,57.42,56.36,-2.64
12346156720_10207412147_0,59.0,54.21,56.12,56.95,-2.05
12346156730_10207412160_0,59.0,59.66,58.32,58.45,-0.55
12346156730_10207412156_0,59.0,59.1,59.89,59.1,0.1
12463364889_1200028693_0,73.0,62.77,62.84,62.6,-10.4
13055947328_10207412154_0,59.0,56.21,58.22,56.05,-2.95
13055947328_8119286345_0,59.0,57.44,61.09,57.4,-1.6
