road_id,db_day_true,pred_linreg,pred_xgb,pred_rf,db_diff_linreg
206378333_6315715548_0,68.0,52.34,46.58,46.67,-15.66
208568922_208568921_0,70.0,97.95,67.88,70.0,27.95
208568926_208568922_1,70.0,96.75,64.88,69.1,26.75
208595138_208595144_0,70.0,96.5,69.73,69.05,26.5
208595144_2332249073_0,70.0,97.83,67.34,70.2,27.83
211305820_211305823_0,64.0,64.27,49.28,56.25,0.27
211305823_1564374009_0,68.0,64.67,47.34,57.05,-3.33
211305823_211305824_0,68.0,64.28,52.09,56.05,-3.72
211305824_211305825_0,64.0,64.2,49.37,56.2,0.2
211305825_1131453368_0,68.0,63.74,49.15,56.75,-4.26
211310173_211311619_0,68.0,66.04,52.58,60.75,-1.96
211310173_1564374009_0,68.0,65.61,54.83,60.8,-2.39
211310729_1885951241_0,68.0,66.23,56.67,60.55,-1.77
211311619_211311623_0,68.0,65.83,47.81,56.65,-2.17
211311623_211313493_0,68.0,66.51,46.88,56.85,-1.49
211311623_1885951247_0,68.0,64.83,49.29,55.35,-3.17
211313493_1885951247_0,68.0,66.38,46.58,56.55,-1.62
211313493_1094296689_0,68.0,67.14,47.47,58.2,-0.86
211317741_243495396_0,68.0,69.4,46.2,59.05,1.4
211317741_1187334109_0,68.0,69.61,57.94,60.35,1.61
211317741_1094296689_0,68.0,69.13,52.29,60.25,1.13
211318993_211318996_0,68.0,71.95,62.52,60.8,3.95
211318993_243494580_0,68.0,76.22,58.78,61.95,8.22
211318996_211319000_0,68.0,70.14,62.6,60.65,2.14
211318996_1843795432_0,63.0,69.36,59.16,59.65,6.36
211319000_1130841547_0,68.0,68.71,58.61,61.55,0.71
211319000_211320730_0,68.0,69.06,61.67,61.2,1.06
211320730_409137876_0,63.0,64.94,55.92,59.96,1.94
211320730_211320731_0,68.0,67.78,60.63,60.35,-0.22
211320730_211319000_0,68.0,69.06,61.67,61.2,1.06
211320731_1129273462_0,68.0,67.66,53.48,61.0,-0.34
211320731_211320730_0,68.0,67.78,60.63,60.35,-0.22
211320732_1129273462_0,68.0,66.57,62.32,62.55,-1.43
211320732_211321251_0,68.0,64.1,60.32,62.9,-3.9
211321251_1763262440_0,68.0,64.2,59.5,62.85,-3.8
211321253_211321896_0,68.0,63.26,58.42,62.8,-4.74
211321253_728705258_0,68.0,60.69,55.87,59.8,-7.31
211321256_211320732_0,68.0,63.0,59.33,62.95,-5.0
211321256_211321251_0,68.0,62.43,57.71,63.0,-5.57
211321896_10185494295_0,68.0,61.59,58.69,62.65,-6.41
211321896_211321900_0,68.0,63.14,58.66,62.85,-4.86
211321900_2187119246_0,68.0,62.4,58.75,59.9,-5.6
211321900_1109639608_0,68.0,64.24,59.43,62.9,-3.76
214922958_214922960_0,70.0,62.13,60.92,64.85,-7.87
214922960_214922962_0,68.0,66.15,53.94,62.5,-1.85
214922960_214922958_0,70.0,62.13,60.92,64.85,-7.87
214922962_214922960_0,68.0,66.15,53.94,62.5,-1.85
214922962_214923388_0,70.0,66.31,46.67,54.1,-3.69
214923388_214924707_0,70.0,66.36,53.19,54.45,-3.64
214923391_214925654_0,70.0,67.77,52.76,55.15,-2.23
214923391_214924711_0,70.0,70.82,55.86,56.1,0.82
214923395_214922962_0,70.0,66.63,53.86,54.75,-3.37
214923395_214923388_0,70.0,66.35,51.91,54.7,-3.65
214924707_5772382726_0,70.0,66.83,52.15,54.7,-3.17
214924707_214924708_0,70.0,66.38,51.84,54.25,-3.62
214924708_214923391_0,70.0,69.88,53.73,55.25,-0.12
214924711_214924714_0,70.0,71.4,56.46,56.1,1.4
214924714_214925862_0,70.0,71.58,56.45,55.65,1.58
214924714_214924716_0,70.0,66.3,52.31,54.15,-3.7
214924716_214923395_0,70.0,66.8,54.03,54.95,-3.2
214925654_4549490595_0,74.0,68.46,53.97,61.2,-5.54
214925654_214924711_0,70.0,68.17,55.79,55.35,-1.83
214925862_4353325945_0,70.0,70.31,50.67,61.7,0.31
214925862_214924716_0,70.0,68.17,56.39,55.75,-1.83
242925411_242925494_0,70.0,96.34,64.0,62.35,26.34
242925494_11387988431_0,70.0,94.65,62.46,62.25,24.65
242925494_242925495_0,70.0,97.14,62.92,61.65,27.14
242925495_2221700186_0,70.0,98.84,62.39,62.35,28.84
242925500_242925411_0,70.0,95.9,56.12,55.55,25.9
242926973_5772382696_0,70.0,95.85,57.43,53.7,25.85
243494580_4223738581_0,68.0,72.66,61.73,62.4,4.66
243494580_211318993_0,68.0,76.22,58.78,61.95,8.22
243494580_1187722456_0,68.0,74.94,63.43,61.1,6.94
243494597_1672512429_0,68.0,74.19,41.1,56.05,6.19
243495392_243495422_0,68.0,68.26,47.35,55.35,0.26
243495392_1994627752_0,68.0,67.64,42.6,55.05,-0.36
243495396_243495392_0,68.0,67.68,46.96,55.0,-0.32
243495396_211317741_0,68.0,69.4,46.2,59.05,1.4
243495422_243495396_0,68.0,69.01,46.13,55.2,1.01
243495422_245491719_0,68.0,68.11,42.56,55.35,0.11
245491677_245491689_0,70.0,66.48,39.46,53.5,-3.52
245491682_243494597_0,68.0,71.34,44.78,55.75,3.34
245491682_245491677_0,68.0,65.51,41.3,54.4,-2.49
245491688_245491689_0,70.0,65.97,41.42,52.15,-4.03
245491688_4568983477_0,68.0,65.25,43.94,52.5,-2.75
245491689_245491716_0,68.0,66.79,42.87,53.8,-1.21
245491689_245491688_0,70.0,65.97,41.42,52.15,-4.03
245491689_245491677_0,70.0,66.48,39.46,53.5,-3.52
245491716_4568983477_0,68.0,66.96,39.15,53.53,-1.04
245491716_245491689_0,68.0,66.79,42.87,53.8,-1.21
245491716_12180995971_0,68.0,73.09,43.27,55.46,5.09
245491716_245491719_0,68.0,73.76,46.19,54.68,5.76
245491717_245491717_0,68.0,62.8,37.98,49.65,-5.2
245491717_4568983480_0,68.0,64.92,43.85,53.25,-3.08
245491719_1672512207_0,68.0,68.33,47.24,56.9,0.33
245491719_245491716_0,68.0,73.76,46.19,54.68,5.76
245491719_243495422_0,68.0,68.11,42.56,55.35,0.11
245491719_1187334109_0,68.0,75.44,57.43,58.3,7.44
245491904_1693128085_0,54.0,61.56,56.46,59.1,7.56
245491904_245491906_0,63.0,63.73,62.98,59.9,0.73
245491904_1843795431_0,63.0,63.13,60.27,59.25,0.13
245491904_409137871_0,59.0,60.04,58.78,58.1,1.04
245491906_1843795432_0,63.0,65.57,58.37,59.25,2.57
245491906_245491904_0,63.0,63.73,62.98,59.9,0.73
245491906_1843795433_0,59.0,62.52,58.53,59.65,3.52
245491934_1672512178_0,59.0,63.48,42.23,53.68,4.48
245491934_11382810690_0,59.0,65.26,46.06,54.72,6.26
245935461_1562259338_0,60.0,50.68,54.23,53.7,-9.32
245935861_1562259365_0,60.0,53.55,58.9,54.0,-6.45
245936231_245936541_0,46.0,49.73,56.28,54.1,3.73
245936231_245936405_0,59.0,50.27,58.59,54.7,-8.73
245936350_1180802572_0,59.0,53.36,59.28,54.6,-5.64
245936350_245936514_0,59.0,52.87,61.44,54.7,-6.13
245936353_245936513_0,46.0,52.11,53.41,54.05,6.11
245936353_245936350_0,59.0,53.19,59.08,54.6,-5.81
245936370_245936371_0,59.0,53.28,54.64,56.7,-5.72
245936370_245936514_0,59.0,52.33,55.61,55.8,-6.67
245936370_245936393_0,46.0,52.49,58.11,55.5,6.49
245936371_245936370_0,59.0,53.28,54.64,56.7,-5.72
245936371_246181265_0,59.0,53.46,57.26,55.25,-5.54
245936393_245936514_0,46.0,50.13,49.83,54.35,4.13
245936393_245936395_0,46.0,52.14,56.74,55.15,6.14
245936395_245936457_0,46.0,52.02,58.62,54.25,6.02
245936395_245936513_0,46.0,51.87,56.19,54.0,5.87
245936399_245936456_0,46.0,49.71,51.59,52.25,3.71
245936399_245936401_0,46.0,50.42,58.55,52.75,4.42
245936401_245936453_0,46.0,49.16,50.96,52.45,3.16
245936401_245936405_0,46.0,49.82,53.85,51.2,3.82
245936405_245936453_0,59.0,51.41,53.93,54.3,-7.59
245936453_245936456_0,59.0,52.35,55.25,54.75,-6.65
245936456_10102980234_0,59.0,52.46,55.95,54.1,-6.54
245936457_245936399_0,46.0,51.23,60.5,54.25,5.23
245936513_245936353_0,46.0,52.11,53.41,54.05,6.11
245936513_245936457_0,46.0,51.76,51.11,52.45,5.76
245936514_245936370_0,59.0,52.33,55.61,55.8,-6.67
245936514_245936350_0,59.0,52.87,61.44,54.7,-6.13
245936532_10102978858_0,46.0,52.57,54.65,55.1,6.57
245936541_245936558_0,51.0,49.58,48.0,54.5,-1.42
245936541_245936532_0,46.0,50.87,53.88,55.35,4.87
245936558_245935461_0,60.0,51.33,52.95,53.5,-8.67
245936609_245936532_0,51.0,51.57,48.94,54.35,0.57
245936609_245936558_0,60.0,52.68,56.36,55.55,-7.32
246181265_245936371_0,59.0,53.46,57.26,55.25,-5.54
246181265_246181267_0,59.0,52.29,57.31,53.95,-6.71
246181267_245935861_0,61.0,52.91,54.93,54.3,-8.09
246181267_246181268_0,59.0,52.96,55.13,55.1,-6.04
246181268_1092263653_0,59.0,53.01,55.36,54.85,-5.99
246181268_246181270_0,59.0,53.25,56.97,55.65,-5.75
246181270_246181271_0,59.0,53.31,57.97,55.65,-5.69
246181271_246181265_0,59.0,53.19,57.97,55.7,-5.81
246181791_246181792_0,59.0,57.13,56.41,55.9,-1.87
246181792_1086375812_0,54.0,55.56,48.24,52.75,1.56
246181792_2407138065_0,59.0,59.85,56.71,57.35,0.85
246182003_246181791_0,59.0,56.28,57.17,54.35,-2.72
246182003_246182298_0,59.0,54.24,54.62,56.85,-4.76
246182133_1091868516_0,59.0,53.14,56.63,55.95,-5.86
246182298_4569344756_0,59.0,53.21,55.85,56.15,-5.79
246182514_246182517_0,59.0,60.2,58.19,55.75,1.2
246182517_2407138071_0,59.0,59.4,56.45,55.2,0.4
246182517_2407138072_0,59.0,59.11,53.67,55.35,0.11
246182519_1609997967_0,63.0,58.92,53.1,55.45,-4.08
246182519_246182520_0,59.0,59.74,56.72,56.35,0.74
246182520_246182522_0,63.0,61.46,57.11,56.8,-1.54
246182522_1091842294_0,62.0,60.47,58.46,56.45,-1.53
246182522_4560313023_0,63.0,61.49,57.72,57.25,-1.51
246182757_1693797759_0,59.0,62.16,59.93,58.5,3.16
246182757_1177157014_0,59.0,61.86,59.55,59.2,2.86
246811462_246811482_0,63.0,60.89,55.67,55.7,-2.11
246811464_1086375812_0,60.0,57.93,54.76,55.65,-2.07
246811482_1243851790_0,63.0,60.21,53.36,55.5,-2.79
246811482_4570126146_0,60.0,60.17,52.93,55.15,0.17
246811887_246811462_0,64.0,60.83,57.82,55.95,-3.17
246811978_246811887_0,55.0,62.7,52.13,55.85,7.7
409128578_409137868_0,59.0,59.99,50.23,52.8,0.99
409128578_409128580_0,63.0,61.38,54.42,56.12,-1.62
409128580_2143335965_0,59.0,59.75,48.66,55.14,0.75
409131078_409128578_0,59.0,60.2,52.42,55.58,1.2
409131078_2143335965_0,60.0,60.7,51.17,56.45,0.7
409131078_1512564830_0,59.0,59.93,50.17,55.2,0.93
409131078_409292136_0,60.0,60.94,50.95,56.8,0.94
409137868_1200554673_0,59.0,60.22,48.61,52.55,1.22
409137868_7839120968_0,63.0,61.53,51.34,54.32,-1.47
409137869_409128580_0,59.0,61.73,53.68,54.74,2.73
409137869_409137868_0,63.0,61.9,50.5,54.69,-1.1
409137871_409137869_0,63.0,63.83,53.68,54.68,0.83
409137871_245491904_0,59.0,60.04,58.78,58.1,1.04
409137876_1843795433_0,63.0,66.0,52.72,57.1,3.0
409137876_1843795432_0,59.0,66.39,51.72,57.55,7.39
409292135_1200000512_0,61.0,59.49,52.99,55.3,-1.51
409292135_1109639584_0,61.0,60.74,52.4,56.0,-0.26
409292136_1200005269_0,61.0,60.54,55.1,55.7,-0.46
409292136_409131078_0,60.0,60.94,50.95,56.8,0.94
470891194_473480022_0,74.0,92.17,57.24,55.05,18.17
470891208_470891212_0,74.0,80.03,56.41,52.02,6.03
470891212_473476285_0,74.0,73.24,55.05,49.82,-0.76
470891212_473480356_0,74.0,79.29,59.92,49.45,5.29
472447898_4556222967_0,73.0,70.21,56.38,46.12,-2.79
472447898_472447916_0,73.0,71.02,55.91,46.99,-1.98
472447916_473480356_0,74.0,73.18,51.95,49.88,-0.82
473475862_473476286_0,74.0,90.27,57.62,54.85,16.27
473476285_4556222967_0,73.0,71.32,54.42,47.39,-1.68
473479961_473480378_0,74.0,80.75,53.61,51.62,6.75
473480022_4271743735_0,74.0,93.34,56.83,55.3,19.34
473480356_473480374_0,74.0,79.33,55.68,51.82,5.33
473480374_473479961_0,74.0,79.91,57.67,49.05,5.91
473480374_473481308_0,74.0,80.42,56.72,51.68,6.42
473480378_470891208_0,74.0,80.45,53.55,51.62,6.45
473481292_473481295_0,74.0,84.65,57.48,52.08,10.65
473481292_11387988431_0,70.0,89.71,59.73,60.48,19.71
473481295_473481298_0,74.0,84.13,55.79,49.75,10.13
473481298_473481308_0,74.0,82.9,56.78,51.82,8.9
473481298_473481292_0,74.0,85.49,58.93,51.72,11.49
473481308_473479961_0,74.0,80.98,54.5,51.68,6.98
473481308_473481298_0,74.0,82.9,56.78,51.82,8.9
473593916_473593917_0,73.0,72.95,56.7,64.05,-0.05
473593916_4549490595_0,73.0,73.21,58.1,63.95,0.21
473593917_4549490596_0,73.0,73.26,56.55,64.0,0.26
473593917_473593916_0,73.0,72.95,56.7,64.05,-0.05
607644062_1131686638_0,56.0,63.12,45.46,56.05,7.12
607644080_1119093874_0,65.0,62.24,63.11,61.1,-2.76
607644080_607644081_0,65.0,62.17,55.02,61.35,-2.83
607644081_1130898039_0,57.0,59.95,52.18,59.95,2.95
607644081_607644080_0,65.0,62.17,55.02,61.35,-2.83
607644081_1472993474_0,65.0,63.49,56.36,61.45,-1.51
607644089_607644091_0,65.0,67.31,67.08,62.65,2.31
607644091_1134264314_0,62.0,62.14,57.8,60.15,0.14
607644091_1105149728_0,65.0,67.99,65.36,62.25,2.99
728705249_10108109102_0,60.0,59.86,55.0,56.9,-0.14
728705250_728705253_0,60.0,61.52,55.58,55.15,1.52
728705250_10108109103_0,60.0,60.8,54.06,55.9,0.8
728705251_728705250_0,68.0,60.4,52.48,54.7,-7.6
728705253_1200000513_0,60.0,61.62,52.91,55.1,1.62
728705256_1109639584_0,61.0,59.63,53.99,54.8,-1.37
728705256_1200000512_0,61.0,59.07,47.85,55.25,-1.93
728705258_728705264_0,60.0,59.72,59.49,59.8,-0.28
728705258_10207349882_0,68.0,59.54,56.72,60.4,-8.46
728705259_1200059348_0,68.0,61.01,52.07,56.5,-6.99
728705259_1189660061_0,68.0,61.19,49.02,54.95,-6.81
728705262_728705251_0,68.0,60.34,52.69,54.6,-7.66
728705264_1512564830_0,60.0,60.18,46.79,56.15,0.18
728705264_2143335964_0,59.0,59.71,47.4,55.75,0.71
728705264_10108109106_0,60.0,59.8,45.96,55.5,-0.2
728705271_2987193095_0,60.0,60.17,62.79,62.55,0.17
728705278_10108109105_0,60.0,59.98,58.47,61.2,-0.02
728705278_728705271_0,60.0,60.13,62.3,62.8,0.13
1084139051_2404830460_0,55.0,64.2,50.93,57.6,9.2
1084139051_1094296578_0,55.0,64.25,51.53,57.1,9.25
1084139081_1084139051_0,55.0,63.82,52.52,57.9,8.82
1085377805_1177157058_0,59.0,61.56,48.49,57.55,2.56
1085377805_1609997995_0,59.0,65.01,52.85,57.4,6.01
1085377812_1094360581_0,55.0,61.63,49.98,55.78,6.63
1085377812_1609998009_0,63.0,61.4,51.27,55.8,-1.6
1086361193_246181791_0,54.0,54.6,54.93,54.2,0.6
1086361193_1305278134_0,60.0,54.19,51.45,54.75,-5.81
1086375812_1086361193_0,60.0,55.59,51.87,54.05,-4.41
1086375875_1512110629_0,59.0,55.3,57.82,54.0,-3.7
1086375875_1249875748_0,61.0,55.66,58.21,55.45,-5.34
1091826692_1177183161_0,54.0,56.24,55.14,56.1,2.24
1091826692_1177183150_0,62.0,57.54,53.39,56.45,-4.46
1091826692_1091842307_0,62.0,57.81,54.09,56.4,-4.19
1091842257_6447291071_0,55.0,56.88,56.26,56.25,1.88
1091842257_1091842307_0,55.0,56.73,57.55,56.25,1.73
1091842276_1609997967_0,63.0,60.97,54.76,56.45,-2.03
1091842276_1512110522_0,54.0,58.3,53.25,55.8,4.3
1091842276_1177120060_0,63.0,60.7,50.9,55.78,-2.3
1091842279_1383136506_0,55.0,64.15,50.55,57.3,9.15
1091842279_1096513772_0,55.0,63.72,48.2,57.05,8.72
1091842279_1177157058_0,59.0,62.14,48.05,57.1,3.14
1091842279_1104969800_0,59.0,63.42,46.02,56.85,4.42
1091842294_1177120050_0,62.0,59.86,55.4,56.95,-2.14
1091842294_2407138065_0,59.0,59.95,57.48,56.15,0.95
1091842307_1091842257_0,55.0,56.73,57.55,56.25,1.73
1091842307_1091826692_0,62.0,57.81,54.09,56.4,-4.19
1091842307_1091842327_0,62.0,58.87,54.23,57.35,-3.13
1091842327_1095440376_0,54.0,57.9,54.13,57.05,3.9
1091842327_1094237241_0,62.0,59.45,54.87,57.7,-2.55
1091842327_1091842307_0,62.0,58.87,54.23,57.35,-3.13
1091868516_1091868533_0,59.0,52.45,52.25,56.15,-6.55
1091868516_4620449099_0,59.0,53.23,56.63,55.95,-5.77
1091868517_4584610471_0,59.0,52.64,49.11,56.9,-6.36
1091868533_1091868517_0,59.0,52.92,54.84,57.55,-6.08
1091868533_1091868517_1,54.0,51.11,52.49,56.05,-2.89
1091868583_1113674840_0,46.0,52.45,54.78,54.4,6.45
1092205604_1094077893_0,56.0,54.42,57.14,54.85,-1.58
1092219000_1169035416_0,46.0,53.35,54.17,56.55,7.35
1092219000_1092219016_0,59.0,52.9,55.51,54.35,-6.1
1092219005_1092472096_0,59.0,57.16,55.24,56.6,-1.84
1092219005_1624926347_0,61.0,61.22,54.1,56.35,0.22
1092219005_1092219019_0,61.0,59.53,55.95,56.75,-1.47
1092219016_1113674854_0,59.0,52.6,57.32,57.4,-6.4
1092219016_1169035403_0,46.0,52.55,56.94,56.6,6.55
1092219016_1180833970_0,59.0,51.87,58.76,54.6,-7.13
1092219019_1092219005_0,61.0,59.53,55.95,56.75,-1.47
1092219019_1086375875_0,61.0,57.37,57.84,55.75,-3.63
1092219034_1180833970_0,46.0,51.24,53.35,55.95,5.24
1092219034_1113674842_0,46.0,50.64,48.74,56.3,4.64
1092219071_1169035390_0,59.0,51.16,48.24,52.8,-7.84
1092247422_1092247431_0,46.0,51.79,54.48,55.75,5.79
1092247422_1113674857_0,46.0,51.9,55.7,56.1,5.9
1092247431_1113674859_0,46.0,52.27,58.41,54.05,6.27
1092247444_1113674836_0,59.0,53.57,58.98,54.75,-5.43
1092247444_1092247422_0,46.0,52.49,54.75,55.8,6.49
1092247454_1094296530_0,59.0,53.54,54.41,56.25,-5.46
1092247454_1180833967_0,46.0,52.49,56.17,55.0,6.49
1092247454_1092247444_0,46.0,52.82,55.48,56.55,6.82
1092247492_1113674820_0,59.0,56.97,56.6,56.9,-2.03
1092247492_6289097043_0,46.0,55.46,59.07,54.65,9.46
1092247501_1113674833_0,59.0,56.36,57.01,54.95,-2.64
1092247501_1092247492_0,46.0,55.34,60.15,54.35,9.34
1092247529_1092219071_0,46.0,50.87,55.0,55.85,4.87
1092247529_1113674842_0,46.0,50.43,54.34,56.4,4.43
1092247552_1095439448_0,59.0,57.13,56.09,56.3,-1.87
1092263653_246182133_0,59.0,53.21,53.49,56.75,-5.79
1092263653_1562259326_0,54.0,52.4,52.72,56.3,-1.6
1092263787_1092263800_0,46.0,53.44,57.7,54.35,7.44
1092263787_1113674852_0,59.0,54.8,57.78,55.8,-4.2
1092263800_1512110633_0,46.0,53.21,54.81,57.35,7.21
1092472096_1092247552_0,59.0,57.05,57.42,56.7,-1.95
1092472096_1094296489_0,62.0,56.62,54.32,56.55,-5.38
1092472112_1512110745_0,46.0,54.19,57.84,57.05,8.19
1092472112_1145637534_0,59.0,53.62,55.82,57.4,-5.38
1094077853_1512110633_0,46.0,53.32,53.08,57.45,7.32
1094077853_6289097043_0,59.0,54.49,59.62,54.15,-4.51
1094077886_1095439849_0,59.0,55.8,57.76,55.8,-3.2
1094077886_1092205604_0,59.0,55.02,59.95,55.25,-3.98
1094077893_1094077886_0,56.0,55.06,59.37,55.3,-0.94
1094077893_1094077905_0,56.0,55.73,55.89,55.5,-0.27
1094077905_1092247501_0,59.0,56.07,55.16,56.35,-2.93
1094077905_4087742279_0,56.0,55.47,44.68,55.55,-0.53
1094077912_1094077905_0,56.0,56.47,55.54,57.5,0.47
1094077933_6447291071_0,55.0,57.64,53.5,56.18,2.64
1094077933_1094077936_0,55.0,58.38,53.15,55.78,3.38
1094077933_1177120124_0,54.0,56.18,45.56,54.55,2.18
1094077936_1177120079_0,55.0,57.25,55.19,55.75,2.25
1094077936_1177120124_0,55.0,58.7,55.47,55.72,3.7
1094077936_1094077933_0,55.0,58.4,53.15,55.78,3.4
1094077940_1094237195_0,55.0,59.97,56.37,55.98,4.97
1094077940_1094360581_0,55.0,60.38,52.02,56.2,5.38
1094237192_1128236277_0,54.0,59.3,57.36,56.35,5.3
1094237195_1094077940_0,55.0,59.97,56.37,55.98,4.97
1094237195_1094237192_0,54.0,59.32,55.49,56.08,5.32
1094237195_1177120124_0,55.0,59.32,55.75,56.42,4.32
1094237241_1094237264_0,62.0,59.21,54.86,55.1,-2.79
1094237264_1094237297_0,62.0,63.48,57.41,55.3,1.48
1094237264_1128236277_0,61.0,61.99,57.03,56.55,0.99
1094237291_1091842327_0,62.0,57.89,54.07,56.9,-4.11
1094237291_1094237241_0,62.0,57.36,54.68,53.45,-4.64
1094237297_1624926347_0,61.0,61.32,55.53,55.7,0.32
1094296489_4087742266_0,62.0,57.21,54.12,56.35,-4.79
1094296524_1094296530_0,46.0,51.88,59.37,53.5,5.88
1094296530_1113674838_0,59.0,52.81,55.26,56.6,-6.19
1094296530_1094296524_0,46.0,51.88,59.37,53.5,5.88
1094296578_1383136506_0,55.0,62.51,41.71,55.45,7.51
1094296578_1084139051_0,55.0,64.25,51.53,57.1,9.25
1094296604_1116354114_0,55.0,63.8,46.85,57.5,8.8
1094296604_1094296578_0,55.0,64.22,51.43,57.55,9.22
1094296689_211313493_0,68.0,67.14,47.47,58.2,-0.86
1094296689_211317741_0,68.0,69.13,52.29,60.25,1.13
1094296777_1094296854_0,54.0,54.67,57.99,55.3,0.67
1094296777_1094296777_0,54.0,55.21,48.69,54.1,1.21
1094296854_1094296777_0,54.0,54.67,57.99,55.3,0.67
1094296854_1091842327_0,54.0,56.46,57.63,56.05,2.46
1094360098_1094360174_0,60.0,63.51,50.78,55.8,3.51
1094360098_1609997963_0,60.0,61.8,48.54,54.45,1.8
1094360109_1094360098_0,58.0,62.68,53.7,54.95,4.68
1094360111_1094360109_0,58.0,65.27,53.54,55.45,7.27
1094360143_1609997988_0,63.0,65.07,51.42,56.05,2.07
1094360174_1094360207_0,60.0,63.18,50.33,56.25,3.18
1094360174_1609997963_0,60.0,63.03,49.94,55.45,3.03
1094360207_1094360224_0,60.0,62.28,52.33,55.75,2.28
1094360207_1094360174_0,60.0,63.18,50.33,56.25,3.18
1094360224_1094360531_0,60.0,61.3,52.41,54.8,1.3
1094360277_1134266124_0,60.0,68.16,50.87,54.65,8.16
1094360277_1094360283_0,60.0,67.67,51.81,54.78,7.67
1094360283_1094360537_0,59.0,68.15,52.25,55.0,9.15
1094360316_1094360320_0,55.0,60.7,49.7,55.72,5.7
1094360316_1094360371_0,55.0,61.08,47.45,55.1,6.08
1094360320_1094360316_0,55.0,60.7,49.7,55.72,5.7
1094360320_1094360592_0,55.0,60.14,52.08,56.08,5.14
1094360355_1094360316_0,55.0,61.54,50.52,55.3,6.54
1094360355_1094360371_0,55.0,61.62,50.7,54.55,6.62
1094360371_1094360207_0,55.0,62.42,51.26,55.85,7.42
1094360371_1094360224_0,55.0,60.9,49.34,54.85,5.9
1094360498_1094360355_0,61.0,62.36,51.32,55.3,1.36
1094360498_1095440291_0,61.0,66.47,54.18,55.2,5.47
1094360531_1094360277_0,60.0,61.03,50.34,54.82,1.03
1094360531_1094360283_0,60.0,61.48,51.24,54.68,1.48
1094360537_5346948499_0,62.0,62.84,52.06,54.8,0.84
1094360537_1094360498_0,61.0,66.5,52.39,55.1,5.5
1094360581_1085377812_0,55.0,61.63,49.98,55.78,6.63
1094360581_1094360320_0,55.0,60.83,51.95,56.4,5.83
1094360592_1095440240_0,55.0,59.94,58.31,56.3,4.94
1094360592_1094077940_0,55.0,59.56,54.35,56.42,4.56
1095439352_1095439863_0,60.0,57.01,58.57,56.2,-2.99
1095439366_1095439352_0,56.0,56.85,56.82,55.75,0.85
1095439366_1095439659_0,56.0,54.21,52.98,55.25,-1.79
1095439377_1095439435_0,56.0,56.1,54.52,58.35,0.1
1095439377_1095439366_0,56.0,56.82,53.92,55.6,0.82
1095439387_1095439377_0,56.0,56.4,56.99,56.35,0.4
1095439387_1095439470_0,56.0,55.54,54.39,55.6,-0.46
1095439392_1095439387_0,56.0,57.37,57.38,57.0,1.37
1095439392_1095439401_0,62.0,58.75,54.97,56.75,-3.25
1095439401_1113674835_0,56.0,56.47,53.38,57.0,0.47
1095439401_4087742266_0,62.0,59.21,57.64,56.65,-2.79
1095439435_1094077912_0,56.0,56.15,53.91,57.4,0.15
1095439448_1092247501_0,59.0,56.32,56.44,54.7,-2.68
1095439448_4087742279_0,56.0,55.88,57.7,56.55,-0.12
1095439470_1095440086_0,56.0,55.71,54.39,56.4,-0.29
1095439489_1131141541_0,62.0,57.55,54.35,55.2,-4.45
1095439489_1243851855_0,56.0,56.97,57.26,55.55,0.97
1095439501_1188131659_0,62.0,56.99,58.5,57.4,-5.01
1095439501_1095440068_0,62.0,57.33,56.34,57.2,-4.67
1095439505_1116623956_0,59.0,59.21,54.67,56.4,0.21
1095439505_1512110718_0,62.0,58.59,52.84,56.2,-3.41
1095439556_1095440068_0,62.0,56.92,54.04,57.9,-5.08
1095439556_4087692906_0,62.0,56.97,55.35,57.7,-5.03
1095439603_1095439377_0,56.0,56.04,53.82,55.95,0.04
1095439603_1095439556_0,56.0,55.92,52.68,56.85,-0.08
1095439629_1188085598_0,62.0,56.38,54.4,57.75,-5.62
1095439629_1672512265_0,62.0,55.88,50.89,56.3,-6.12
1095439659_1095439629_0,62.0,55.09,52.38,56.15,-6.91
1095439681_1095439863_0,60.0,56.95,59.26,55.8,-3.05
1095439681_1095439702_0,60.0,54.21,48.62,53.15,-5.79
1095439702_1096529613_0,62.0,54.9,53.54,56.75,-7.1
1095439702_4087692913_0,62.0,56.13,59.57,55.15,-5.87
1095439849_1094077886_0,59.0,55.8,57.76,55.8,-3.2
1095439849_1095439352_0,56.0,57.8,59.74,56.0,1.8
1095439863_1095439681_0,60.0,56.95,59.26,55.9,-3.05
1095439863_1095439882_0,60.0,55.48,58.11,55.65,-4.52
1095439882_1145610668_0,56.0,57.0,56.56,56.3,1.0
1095439882_1095439849_0,56.0,56.38,58.15,56.55,0.38
1095440068_1095439556_0,62.0,56.92,54.04,57.9,-5.08
1095440068_1095439470_0,56.0,55.97,57.24,56.7,-0.03
1095440086_1095440188_0,62.0,57.79,56.5,55.95,-4.21
1095440086_1095439501_0,62.0,57.57,56.59,56.8,-4.43
1095440170_1095440188_0,62.0,57.28,57.22,56.0,-4.72
1095440188_1095439489_0,62.0,57.55,57.22,56.1,-4.45
1095440188_1095440086_0,62.0,57.79,56.5,55.95,-4.21
1095440240_1094360592_0,55.0,59.94,58.31,56.3,4.94
1095440240_1095440295_0,61.0,59.4,51.61,57.1,-1.6
1095440291_1095440295_0,61.0,65.44,54.65,55.15,4.44
1095440291_1131141534_0,56.0,59.0,55.28,54.7,3.0
1095440291_1094360498_0,61.0,66.48,54.18,55.2,5.48
1095440295_1095440291_0,61.0,65.44,54.65,55.15,4.44
1095440295_1096529573_0,61.0,65.37,58.03,57.4,4.37
1095440376_1095440543_0,54.0,58.25,57.86,56.25,4.25
1095440425_1128236277_0,61.0,64.21,59.99,56.55,3.21
1095440425_1095440240_0,55.0,59.76,57.14,57.45,4.76
1095440543_1095440376_0,54.0,58.25,54.87,56.15,4.25
1095440543_1094237192_0,54.0,58.34,56.08,56.3,4.34
1096507243_2404830460_0,60.0,64.28,54.82,58.3,4.28
1096507245_1116354100_0,55.0,62.13,47.6,57.15,7.13
1096507245_246182757_0,55.0,61.28,58.91,59.2,6.28
1096513760_1096513772_0,55.0,62.89,46.99,56.95,7.89
1096513772_1177157024_0,55.0,63.28,47.53,57.45,8.28
1096529573_1095440425_0,61.0,65.7,55.74,57.55,4.7
1096529577_1096529573_0,56.0,59.38,57.28,56.55,3.38
1096529577_1131141534_0,62.0,57.87,46.4,54.7,-4.13
1096529607_1672512265_0,62.0,56.41,52.63,57.45,-5.59
1096529607_1095439603_0,56.0,56.95,53.92,57.3,0.95
1096529613_1095439659_0,56.0,54.98,47.62,55.85,-1.02
1096529613_1095439702_0,62.0,54.9,53.54,56.75,-7.1
1104961855_1084139081_0,60.0,63.91,50.46,57.15,3.91
1104961855_1119033380_0,60.0,63.51,50.18,56.85,3.51
1105037070_4087692901_0,62.0,61.09,56.32,56.3,-0.91
1105037070_1105149745_0,62.0,60.42,57.48,56.1,-1.58
1105037086_1131141538_0,59.0,59.35,54.93,55.95,0.35
1105149728_1130882694_0,62.0,65.91,59.4,59.75,3.91
1105149728_1134264310_0,63.0,70.36,64.13,62.15,7.36
1105149745_1105037070_0,62.0,60.42,57.48,56.1,-1.58
1105149745_5401631423_0,62.0,61.16,55.34,55.2,-0.84
1105149764_1187706670_0,59.0,62.64,53.62,58.35,3.64
1105149764_5345118961_0,59.0,63.66,58.35,60.7,4.66
1105149764_1130882703_0,59.0,61.07,52.77,57.9,2.07
1105149775_1116623956_0,59.0,59.66,53.51,56.1,0.66
1105149775_1512110718_0,59.0,60.58,53.76,56.3,1.58
1105149778_1512110711_0,59.0,57.35,55.91,57.4,-1.65
1105149778_1116623855_0,59.0,58.13,56.62,55.9,-0.87
1108381682_1108381685_0,59.0,61.82,54.6,56.6,2.82
1108381682_1105149745_0,62.0,60.74,51.83,55.0,-1.26
1108381685_4087692901_0,62.0,59.97,55.54,56.3,-2.03
1108381685_1095439505_0,59.0,60.42,54.21,56.0,1.42
1108381695_5401629314_0,59.0,63.46,51.16,56.44,4.46
1108381701_1119065594_0,59.0,56.88,54.9,55.8,-2.12
1109639584_409292136_0,61.0,61.04,58.02,56.3,0.04
1109639597_10093451978_0,69.0,59.01,50.13,57.15,-9.99
1109639597_1109639608_0,69.0,59.39,54.09,59.01,-9.61
1109639608_4558538598_0,68.0,63.85,61.51,62.95,-4.15
1113674820_1092247552_0,46.0,55.77,56.94,56.35,9.77
1113674820_1092219019_0,59.0,56.8,55.76,56.3,-2.2
1113674833_1092205604_0,59.0,55.3,57.17,54.95,-3.7
1113674833_1092247454_0,59.0,55.04,59.65,57.05,-3.96
1113674835_1095439435_0,56.0,55.53,51.65,58.5,-0.47
1113674835_1095439387_0,56.0,55.65,54.53,57.6,-0.35
1113674836_1092247492_0,59.0,54.97,57.93,54.1,-4.03
1113674836_1113674833_0,59.0,55.15,58.72,54.55,-3.85
1113674838_1092219000_0,59.0,52.65,55.14,56.5,-6.35
1113674838_1180833968_0,46.0,51.69,56.8,53.8,5.69
1113674839_1094296489_0,56.0,56.67,53.57,57.05,0.67
1113674839_1094077912_0,56.0,55.75,51.5,57.35,-0.25
1113674839_1113674835_0,56.0,55.73,56.32,58.05,-0.27
1113674840_1092247529_0,46.0,52.01,56.43,54.6,6.01
1113674840_1113674859_0,59.0,53.65,58.04,56.0,-5.35
1113674840_1180802572_0,59.0,53.25,57.47,56.5,-5.75
1113674842_1113674857_0,46.0,50.71,53.19,56.65,4.71
1113674842_1092247431_0,46.0,51.32,47.64,56.35,5.32
1113674852_1113674836_0,59.0,54.95,56.56,54.9,-4.05
1113674852_1092247422_0,46.0,53.58,60.33,54.0,7.58
1113674854_1113674838_0,46.0,52.12,44.51,56.7,6.12
1113674854_1092247444_0,59.0,52.93,56.61,57.1,-6.07
1113674856_1096529577_0,62.0,57.58,46.46,56.7,-4.42
1113674856_1131141541_0,56.0,57.44,53.71,55.27,1.44
1113674857_1113674854_0,46.0,51.62,53.21,57.35,5.62
1113674857_1092219034_0,46.0,51.26,52.97,56.25,5.26
1113674859_1092263800_0,59.0,52.4,51.38,53.0,-6.6
1113674859_1113674852_0,59.0,53.96,58.11,56.4,-5.04
1116354114_1094296604_0,55.0,63.8,46.85,57.5,8.8
1116623855_1105037086_0,59.0,59.73,53.99,56.15,0.73
1116623855_1095439505_0,62.0,57.6,56.36,56.3,-4.4
1116623956_1105149778_0,59.0,58.62,55.64,55.95,-0.38
1116623956_1512110733_0,59.0,58.21,55.45,56.1,-0.79
1119033360_1104961855_0,60.0,63.73,47.59,57.35,3.73
1119033368_1134264331_0,58.0,62.86,46.8,55.55,4.86
1119033368_1119033371_0,58.0,63.26,51.1,56.85,5.26
1119033371_1186101444_0,58.0,66.34,53.49,54.3,8.34
1119033371_1134264331_0,58.0,63.55,51.85,57.0,5.55
1119033371_1094360109_0,58.0,66.37,56.93,57.2,8.37
1119033380_1119033368_0,58.0,63.94,46.75,57.15,5.94
1119033380_1094360111_0,60.0,62.65,48.57,55.65,2.65
1119033381_1187722477_0,58.0,65.21,43.84,56.75,7.21
1119065594_1119065601_0,60.0,57.52,54.26,56.75,-2.48
1119065594_1119065624_0,60.0,55.99,55.27,54.3,-4.01
1119065601_1134266148_0,60.0,60.9,53.54,58.75,0.9
1119065619_1119065624_0,60.0,60.38,56.73,57.7,0.38
1119065619_1119065601_0,60.0,59.43,54.72,58.6,-0.57
1119065624_1119065718_0,60.0,59.83,58.84,56.55,-0.17
1119065628_1119104444_0,57.0,60.57,53.06,56.75,3.57
1119065633_4569285099_0,60.0,59.42,61.61,57.7,-0.58
1119065633_1119065641_0,60.0,59.7,52.71,56.3,-0.3
1119065641_1119065648_0,46.0,62.44,56.38,58.15,16.44
1119065648_1119065698_0,60.0,61.16,56.78,57.3,1.16
1119065648_1119065628_0,60.0,60.62,54.28,56.35,0.62
1119065698_1119065780_0,60.0,61.37,55.99,58.55,1.37
1119065718_1140034971_0,57.0,57.57,60.13,56.4,0.57
1119065718_1119065734_0,60.0,59.05,57.86,56.55,-0.95
1119065732_1108381701_0,60.0,57.14,56.4,56.4,-2.86
1119065734_10095475579_0,60.0,56.89,58.66,55.75,-3.11
1119065734_1119065732_0,60.0,57.13,57.07,56.25,-2.87
1119065774_1119065628_0,60.0,59.3,55.57,56.35,-0.7
1119065774_1119065698_0,60.0,58.65,44.64,57.1,-1.35
1119065780_1119065619_0,60.0,60.86,57.77,58.5,0.86
1119093840_1119065641_0,60.0,61.08,60.46,58.4,1.08
1119093840_4569285099_0,60.0,58.46,56.15,57.45,-1.54
1119093872_1119093874_0,65.0,63.22,59.19,62.0,-1.78
1119093874_1119093895_0,60.0,62.21,56.8,61.25,2.21
1119093874_607644080_0,65.0,62.24,63.11,61.1,-2.76
1119093895_1124981438_0,62.0,62.92,65.46,61.35,0.92
1119093895_1119093896_0,60.0,63.34,56.88,62.05,3.34
1119093896_1119093915_0,57.0,63.3,57.36,62.05,6.3
1119093915_1119093920_0,57.0,63.67,59.05,61.95,6.67
1119093915_4358780505_0,57.0,62.26,64.24,61.95,5.26
1119093920_4358780493_0,60.0,61.38,60.16,59.2,1.38
1119093920_1119093872_0,60.0,62.86,59.84,61.95,2.86
1119093947_1119093840_0,60.0,60.62,55.65,57.85,0.62
1119104426_1119104440_0,57.0,59.31,48.08,56.4,2.31
1119104427_1119104426_0,57.0,58.38,50.31,56.3,1.38
1119104427_607644080_0,57.0,58.56,53.69,58.6,1.56
1119104440_1119104444_0,57.0,59.56,57.04,55.75,2.56
1119104443_1119104440_0,57.0,60.03,52.5,55.6,3.03
1119104443_1187702159_0,59.0,60.2,52.72,56.0,1.2
1119104444_1119065633_0,57.0,60.5,53.6,56.9,3.5
1119106283_1119106285_0,57.0,60.42,56.92,60.5,3.42
1119106283_4358780505_0,57.0,61.36,61.89,60.95,4.36
1119106285_4358780513_0,57.0,58.1,55.84,59.85,1.1
1119106285_4358780524_0,57.0,60.38,55.68,60.15,3.38
1119106285_1119106283_0,57.0,60.42,56.92,60.5,3.42
1119106303_1131137281_0,57.0,58.03,56.21,56.85,1.03
1119106303_4358780516_0,54.0,57.37,50.77,57.1,3.37
1119694752_1512110725_0,59.0,55.38,54.97,54.3,-3.62
1119694752_1119065732_0,60.0,56.46,56.98,55.15,-3.54
1124937218_1119093947_0,60.0,60.69,58.3,57.8,0.69
1124981404_1124981406_0,59.0,66.26,52.16,62.0,7.26
1124981404_2142861448_0,59.0,63.41,53.92,59.85,4.41
1124981406_1512110789_0,59.0,66.7,53.96,61.9,7.7
1124981406_1124981410_0,62.0,63.52,56.1,60.5,1.52
1124981410_1124981411_0,62.0,63.45,58.94,61.0,1.45
1124981410_1124981413_0,62.0,61.17,52.84,56.3,-0.83
1124981411_1243851740_0,62.0,66.66,58.46,60.7,4.66
1124981413_607644081_0,62.0,60.29,55.42,60.4,-1.71
1124981413_1124981438_0,62.0,60.3,57.55,59.95,-1.7
1124981427_1134264311_0,62.0,63.96,53.26,57.55,1.96
1124981427_1676387272_0,62.0,63.23,54.17,59.55,1.23
1124981438_1124981460_0,62.0,64.66,58.01,60.25,2.66
1124981460_1124981411_0,62.0,66.08,58.46,60.45,4.08
1124981481_1119093896_0,62.0,62.73,57.96,59.65,0.73
1124981481_1124981460_0,62.0,64.58,57.08,60.15,2.58
1128236277_1095440425_0,61.0,64.21,59.99,56.55,3.21
1128236277_1113674856_0,56.0,59.04,56.13,56.65,3.04
1128236277_1094237264_0,61.0,61.99,57.03,56.55,0.99
1129273455_1134266124_0,60.0,70.26,53.95,54.95,10.26
1129273455_1186077444_0,60.0,63.14,45.73,55.62,3.14
1129273455_1186101430_0,58.0,71.71,55.02,54.6,13.71
1129273459_1672512394_0,59.0,59.68,50.13,56.45,0.68
1129273462_4558538601_0,68.0,62.08,55.28,58.45,-5.92
1129273462_1134251269_0,68.0,65.35,52.87,61.8,-2.65
1129273462_211320731_0,68.0,67.66,53.48,61.0,-0.34
1129273462_211320732_0,68.0,66.57,62.32,62.55,-1.43
1129276619_1134264331_0,60.0,64.08,50.59,56.85,4.08
1129276619_1119033360_0,60.0,64.6,55.35,56.6,4.6
1129276619_1186538320_0,60.0,64.7,47.74,55.5,4.7
1129276631_1186538320_0,60.0,64.91,49.63,55.7,4.91
1130841540_1134264295_0,64.0,64.29,52.63,58.95,0.29
1130841540_1130841542_0,70.0,72.71,63.44,59.85,2.71
1130841542_1130841543_0,70.0,70.24,64.37,60.05,0.24
1130841543_1130841546_0,70.0,70.63,61.76,60.1,0.63
1130841546_211318993_0,68.0,72.13,58.36,60.55,4.13
1130841547_1130841546_0,63.0,70.75,60.65,61.65,7.75
1130841547_1130841550_0,63.0,69.25,61.71,60.45,6.25
1130841550_1131425395_0,63.0,70.72,60.21,62.2,7.72
1130841550_1134264320_0,69.0,66.74,55.66,60.95,-2.26
1130841552_1130841555_0,63.0,66.9,62.63,60.1,3.9
1130841552_1130841542_0,63.0,67.82,59.86,58.6,4.82
1130841555_1134264311_0,64.0,65.18,56.68,57.15,1.18
1130841555_1676387272_0,62.0,66.16,53.0,61.1,4.16
1130841563_1134264315_0,62.0,63.55,54.51,60.15,1.55
1130841563_1130841567_0,62.0,66.35,57.91,61.55,4.35
1130841567_1124981404_0,62.0,66.94,54.06,62.1,4.94
1130882691_1134264314_0,59.0,61.86,50.95,55.8,2.86
1130882691_607644089_0,62.0,62.11,60.95,60.35,0.11
1130882694_1130882708_0,62.0,63.04,47.63,57.75,1.04
1130882703_1130882691_0,62.0,61.67,49.97,57.45,-0.33
1130882703_1130882706_0,59.0,59.66,54.21,56.85,0.66
1130882706_1134264292_0,62.0,62.88,52.2,57.75,0.88
1130882706_1130882708_0,59.0,60.43,48.22,56.25,1.43
1130882708_1134264305_0,62.0,62.73,51.27,58.05,0.73
1130882708_1130882711_0,59.0,60.86,48.47,57.0,1.86
1130882711_1134264306_0,55.0,62.42,49.72,57.4,7.42
1130882711_1472990982_0,62.0,64.02,47.65,57.75,2.02
1130898034_1134264316_0,62.0,62.69,51.46,56.07,0.69
1130898034_1130898075_0,57.0,60.18,44.7,53.72,3.18
1130898039_1119104426_0,57.0,59.45,52.0,55.7,2.45
1130898039_1512110783_0,57.0,60.04,52.43,56.85,3.04
1130898043_607644080_0,62.0,58.79,56.08,59.65,-3.21
1130898047_1134264316_0,57.0,61.71,47.95,54.2,4.71
1130898057_1130882703_0,62.0,61.39,53.83,57.15,-0.61
1130898057_1134264332_0,59.0,60.31,51.17,56.0,1.31
1130898069_1134264324_0,62.0,63.04,53.79,55.37,1.04
1130898069_1134264318_0,59.0,61.23,50.08,55.77,2.23
1130898075_1130898047_0,64.0,61.49,46.39,53.54,-2.51
1130908708_1134264324_0,59.0,61.32,51.98,57.15,2.32
1130908709_1187702159_0,56.0,61.7,54.22,55.57,5.7
1130908710_1187402195_0,55.0,57.39,47.45,48.8,2.39
1130908717_1512110668_0,60.0,62.05,48.9,53.58,2.05
1130908717_1130908719_0,57.0,61.58,48.71,52.82,4.58
1130908719_1130908720_0,57.0,61.41,45.18,54.88,4.41
1130908720_1130898034_0,62.0,62.49,51.09,55.79,0.49
1130908720_1134266155_0,59.0,61.21,51.61,55.28,2.21
1131137281_4358780510_0,57.0,57.75,51.61,56.3,0.75
1131137281_4358780504_0,57.0,57.83,51.09,56.8,0.83
1131141534_1131141543_0,56.0,57.76,46.05,54.75,1.76
1131141538_1131141543_0,62.0,59.8,54.76,55.95,-2.2
1131141538_1105037070_0,62.0,59.77,56.95,55.85,-2.23
1131141541_1095439392_0,62.0,58.04,55.87,55.15,-3.96
1131141543_1095440170_0,62.0,58.39,52.71,56.0,-3.61
1131425389_1134264326_0,69.0,61.9,51.62,56.8,-7.1
1131425393_1134264326_0,69.0,61.69,42.21,57.05,-7.31
1131425393_1131425395_0,69.0,65.43,54.24,58.7,-3.57
1131425395_1130841552_0,63.0,70.32,63.17,59.6,7.32
1131425423_1134251269_0,68.0,64.0,55.87,58.15,-4.0
1131453368_1885951239_0,64.0,62.73,46.97,57.85,-1.27
1131686638_1473068231_0,64.0,63.9,45.5,58.8,-0.1
1131686638_1130841543_0,56.0,64.72,44.82,58.75,8.72
1131686685_1472990981_0,55.0,63.21,49.62,58.4,8.21
1131686685_1134264304_0,63.0,64.17,54.55,60.2,1.17
1134251269_1131425389_0,59.0,64.75,50.81,57.4,5.75
1134264292_1130898069_0,62.0,62.95,53.32,55.87,0.95
1134264292_1130898057_0,59.0,60.78,50.71,55.6,1.78
1134264295_1512110722_0,64.0,63.96,54.59,58.6,-0.04
1134264304_1130841540_0,63.0,71.73,54.89,61.0,8.73
1134264304_1131686685_0,63.0,64.2,54.55,60.2,1.2
1134264305_1134264318_0,62.0,61.93,51.04,55.72,-0.07
1134264305_1134264292_0,59.0,61.42,51.68,56.05,2.42
1134264306_1130898047_0,55.0,62.04,49.9,54.9,7.04
1134264309_1130908719_0,60.0,61.41,48.12,53.68,1.41
1134264309_5401629306_0,59.0,61.92,48.96,55.98,2.92
1134264310_1134264304_0,63.0,71.1,55.51,61.6,8.1
1134264310_1124981427_0,62.0,63.36,55.37,59.7,1.36
1134264311_1130841540_0,64.0,65.4,58.63,57.15,1.4
1134264312_1130898057_0,62.0,61.18,53.36,55.82,-0.82
1134264312_1130898069_0,59.0,60.96,50.48,55.72,1.96
1134264314_1130882706_0,62.0,63.58,54.62,57.95,1.58
1134264314_1130882694_0,59.0,64.51,51.38,58.1,5.51
1134264315_1124981427_0,62.0,63.06,57.46,56.65,1.06
1134264315_1105149728_0,62.0,63.48,59.88,59.85,1.48
1134264316_1130882711_0,62.0,63.59,50.75,57.65,1.59
1134264316_1134264305_0,59.0,61.64,49.17,55.82,2.64
1134264318_1134266155_0,62.0,62.04,53.57,56.9,0.04
1134264318_1130898034_0,59.0,61.15,49.73,55.48,2.15
1134264320_1131425389_0,69.0,65.04,49.44,56.85,-3.96
1134264320_211320731_0,59.0,63.93,52.8,60.2,4.93
1134264324_1134264333_0,59.0,60.64,51.45,56.4,1.64
1134264324_1512110713_0,62.0,63.75,55.4,56.4,1.75
1134264326_1131425393_0,69.0,61.69,42.21,57.05,-7.31
1134264326_1109639597_0,69.0,59.92,52.34,56.4,-9.08
1134264326_1131425423_0,69.0,62.09,56.73,57.6,-6.91
1134264330_1130908709_0,59.0,59.28,55.37,55.47,0.28
1134264331_1648826945_0,58.0,63.99,46.36,56.12,5.99
1134264331_1129276619_0,60.0,64.08,50.59,56.85,4.08
1134264332_1134264312_0,59.0,60.26,50.04,55.47,1.26
1134264332_1134264330_0,59.0,59.73,49.08,55.37,0.73
1134264333_1134264312_0,62.0,60.9,52.94,55.47,-1.1
1134264333_1134264330_0,59.0,59.9,52.71,56.75,0.9
1134266124_1094360277_0,60.0,68.16,50.87,54.65,8.16
1134266124_1108381695_0,59.0,63.6,49.41,54.44,4.6
1134266124_1129273455_0,60.0,70.29,56.17,55.0,10.29
1134266148_1119065774_0,59.0,59.09,56.44,58.05,0.09
1134266148_1153010098_0,59.0,59.64,53.69,57.55,0.64
1134266155_1134266158_0,62.0,61.95,51.54,56.17,-0.05
1134266158_1130908708_0,62.0,61.88,52.12,57.55,-0.12
1134266158_5401629306_0,59.0,62.45,52.49,57.27,3.45
1140034957_1140076085_0,57.0,55.69,57.84,55.3,-1.31
1140034970_1140034971_0,57.0,55.24,57.58,54.9,-1.76
1140034970_1143654568_0,57.0,55.08,53.77,56.4,-1.92
1140034970_1243851685_0,57.0,55.81,55.36,55.8,-1.19
1140034971_1143654563_0,57.0,56.82,58.31,56.15,-0.18
1140034971_1140034957_0,57.0,55.93,55.68,56.85,-1.07
1140034972_1140034975_0,46.0,56.37,53.61,55.05,10.37
1140034972_1140057812_0,46.0,55.2,59.04,55.75,9.2
1140034975_1140035000_0,46.0,56.09,57.21,56.05,10.09
1140034975_1140035000_1,46.0,55.7,56.89,54.75,9.7
1140035000_1140057812_0,46.0,54.66,53.65,54.5,8.66
1140035000_1140057797_0,46.0,55.3,52.78,53.4,9.3
1140057797_1140057800_0,46.0,55.66,53.33,55.55,9.66
1140057800_1141178073_0,46.0,55.67,47.22,54.25,9.67
1140057812_1140057797_0,46.0,54.99,56.13,54.25,8.99
1140076085_1140034972_0,46.0,56.17,56.97,55.2,10.17
1140076090_1140057800_0,46.0,55.78,51.08,55.5,9.78
1140076090_1140076103_0,46.0,55.16,47.26,54.25,9.16
1140076103_1143654563_0,57.0,55.12,51.41,55.5,-1.88
1140076103_1140076106_0,57.0,54.95,49.13,55.35,-2.05
1140076106_1140034957_0,57.0,55.17,56.68,56.05,-1.83
1140076106_1140076085_0,57.0,55.37,49.8,55.0,-1.63
1141178073_1141178094_0,46.0,56.01,53.64,56.35,10.01
1141178073_1141178123_0,46.0,55.79,50.19,56.15,9.79
1141178073_1145245224_0,46.0,55.33,45.3,56.1,9.33
1141178094_1141178104_0,46.0,55.76,54.8,56.8,9.76
1141178104_1141178116_0,46.0,55.45,49.92,55.15,9.45
1141178104_1512110781_0,54.0,55.55,55.17,56.9,1.55
1141178116_1140076090_0,46.0,55.58,54.07,55.45,9.58
1141178123_1141178134_0,46.0,55.32,50.87,55.45,9.32
1141178123_1141178073_0,46.0,55.8,50.33,56.15,9.8
1141178123_1145245219_0,46.0,55.04,49.77,56.0,9.04
1141178134_1141178123_0,46.0,55.3,50.87,55.55,9.3
1141178134_1141178136_0,46.0,53.91,44.1,54.2,7.91
1141178136_1141178134_0,46.0,54.17,41.38,56.0,8.17
1141178136_1141191818_0,46.0,53.89,51.61,56.4,7.89
1141191817_1145304334_0,46.0,54.61,53.58,56.15,8.61
1141191817_1512110760_0,46.0,54.02,53.39,56.7,8.02
1141191818_1512110760_0,46.0,53.84,53.46,56.25,7.84
1141191818_1141178136_0,46.0,53.9,51.61,56.5,7.9
1143654563_1143654564_0,57.0,56.85,53.03,56.5,-0.15
1143654563_1145592667_0,57.0,54.64,54.7,55.97,-2.36
1143654564_1512110781_0,54.0,56.07,53.97,56.25,2.07
1143654564_1141178116_0,46.0,55.68,55.37,56.4,9.68
1143654568_1140034970_0,57.0,55.08,53.77,56.4,-1.92
1143654568_1141191816_0,57.0,54.5,54.52,56.0,-2.5
1143654568_1145245213_0,46.0,54.17,56.32,56.2,8.17
1145245213_1145245214_0,46.0,55.0,54.43,56.4,9.0
1145245213_1145304351_0,54.0,54.84,56.72,56.6,0.84
1145245213_1143654568_0,46.0,54.18,56.32,56.15,8.18
1145245214_1145264729_0,46.0,54.81,55.28,55.95,8.81
1145245214_1145245213_0,46.0,55.0,54.43,56.4,9.0
1145245214_1145245219_0,46.0,54.46,53.33,56.4,8.46
1145245219_1145245224_0,46.0,54.69,54.34,56.55,8.69
1145245219_1141178123_0,46.0,55.04,50.31,56.0,9.04
1145245219_1145264718_0,46.0,54.41,46.53,55.15,8.41
1145245219_1145245214_0,46.0,54.45,52.58,56.4,8.45
1145245224_1145304351_0,54.0,54.67,53.69,57.0,0.67
1145245224_1141178073_0,46.0,55.31,47.06,56.0,9.31
1145245224_1145245219_0,46.0,54.72,52.58,56.6,8.72
1145264718_1145245219_0,46.0,54.4,46.53,55.05,8.4
1145264718_1141191818_0,46.0,54.21,53.26,56.35,8.21
1145264719_1145264721_0,46.0,53.64,54.11,56.1,7.64
1145264721_1145264719_0,46.0,53.64,54.11,56.1,7.64
1145264721_1145304336_0,46.0,53.44,53.88,56.35,7.44
1145264721_1141191818_0,46.0,53.68,52.78,56.0,7.68
1145264729_1145264718_0,46.0,54.49,55.45,56.25,8.49
1145304334_1141191816_0,57.0,54.28,58.19,56.2,-2.72
1145304336_1145264721_0,46.0,53.45,55.4,56.35,7.45
1145304336_1512110745_0,46.0,53.77,57.72,56.6,7.77
1145304351_1145304362_0,54.0,55.47,57.07,56.6,1.47
1145304351_1145592665_0,54.0,54.38,56.03,56.8,0.38
1145304362_1141178094_0,54.0,55.26,50.23,55.1,1.26
1145592665_1145592667_0,54.0,54.0,52.32,56.45,0.0
1145592667_1143654568_0,57.0,53.95,56.18,56.25,-3.05
1145592711_1092472112_0,46.0,53.38,50.11,53.9,7.38
1145592711_1145610668_0,59.0,55.01,54.08,55.25,-3.99
1145610668_1095439882_0,56.0,57.0,56.56,56.3,1.0
1145610668_1092472112_0,59.0,54.37,53.44,55.65,-4.63
1145610671_1145637542_0,46.0,52.75,50.78,55.9,6.75
1145610671_1145610672_0,46.0,52.8,53.74,56.05,6.8
1145610672_1145637561_0,46.0,52.74,50.57,56.25,6.74
1145637534_1512564831_0,59.0,52.83,56.92,56.85,-6.17
1145637534_1145637535_0,46.0,52.83,55.11,57.15,6.83
1145637535_1145637561_0,46.0,52.31,50.98,56.15,6.31
1145637542_1145637552_0,46.0,51.95,47.43,53.8,5.95
1145637542_1145644758_0,46.0,51.26,54.06,54.1,5.26
1145637542_1145657870_0,46.0,52.16,51.75,56.4,6.16
1145637552_1145637567_0,46.0,51.93,55.38,54.1,5.93
1145637552_1145637535_0,46.0,52.27,57.1,54.0,6.27
1145637561_1512564831_0,46.0,53.03,53.3,56.3,7.03
1145637567_1145637552_0,46.0,51.93,55.38,54.1,5.93
1145637574_1145610672_0,46.0,52.19,49.35,56.3,6.19
1145637574_1145610671_0,46.0,52.37,49.54,56.15,6.37
1145644758_1145637542_0,46.0,51.3,53.02,54.1,5.3
1145657870_1169016378_0,46.0,49.7,53.56,53.9,3.7
1145657870_1169035414_0,46.0,51.62,55.99,56.05,5.62
1153010098_1672512313_0,56.0,58.23,56.07,55.87,2.23
1153010098_1512110748_0,59.0,59.61,56.26,57.0,0.61
1169016284_1169016298_0,46.0,46.49,45.51,49.35,0.49
1169016284_1169016378_0,46.0,48.01,44.63,49.55,2.01
1169016298_1169016284_0,46.0,46.21,43.8,49.5,0.21
1169016298_1169016353_0,46.0,43.72,52.19,48.7,-2.28
1169016353_1169016298_0,46.0,43.71,52.19,48.7,-2.29
1169016378_8706350395_0,46.0,48.42,43.79,48.68,2.42
1169035368_1169035371_0,46.0,51.21,53.26,56.5,5.21
1169035368_1169035433_0,46.0,51.28,51.21,56.2,5.28
1169035371_1169035384_0,46.0,50.67,54.06,56.45,4.67
1169035371_1169035376_0,46.0,50.75,50.71,56.2,4.75
1169035376_1169035388_0,46.0,51.17,55.52,53.75,5.17
1169035376_1092219071_0,46.0,50.82,55.01,53.9,4.82
1169035384_1169035371_0,46.0,50.67,54.06,56.45,4.67
1169035388_1169035376_0,46.0,51.17,55.52,53.75,5.17
1169035390_1180833970_0,59.0,51.74,56.22,53.95,-7.26
1169035390_1169035376_0,46.0,51.5,56.48,54.1,5.5
1169035403_1092219016_0,46.0,52.55,56.94,56.6,6.55
1169035403_1169035368_0,46.0,51.57,56.74,56.25,5.57
1169035414_1169035416_0,46.0,52.28,55.74,56.95,6.28
1169035414_1169035403_0,46.0,52.11,54.77,57.2,6.11
1169035416_1145637574_0,46.0,52.07,51.57,56.25,6.07
1169035433_1169035368_0,46.0,51.3,52.74,56.2,5.3
1177120041_10106993225_0,54.0,59.9,48.09,53.72,5.9
1177120044_1177120041_0,54.0,58.5,51.75,54.22,4.5
1177120044_1177120047_0,54.0,57.67,57.76,54.82,3.67
1177120047_1177120059_0,54.0,57.25,56.43,55.28,3.25
1177120050_1177183156_0,62.0,59.39,55.46,56.35,-2.61
1177120050_1512110522_0,54.0,57.69,52.61,57.2,3.69
1177120050_1091842294_0,62.0,59.84,55.4,56.95,-2.16
1177120059_1177120060_0,54.0,57.94,45.92,55.18,3.94
1177120060_1177157005_0,63.0,61.61,52.46,57.65,-1.39
1177120060_1091842276_0,63.0,60.7,50.9,55.78,-2.3
1177120071_1177157005_0,63.0,62.01,51.9,57.7,-0.99
1177120071_1177120059_0,54.0,58.5,49.96,56.28,4.5
1177120071_1177120098_0,63.0,61.75,50.49,56.0,-1.25
1177120079_1094077936_0,55.0,57.25,55.19,55.75,2.25
1177120079_1177120041_0,54.0,58.95,51.2,55.18,4.95
1177120079_1177120094_0,54.0,58.3,54.64,54.38,4.3
1177120094_1177120079_0,54.0,58.33,53.59,54.02,4.33
1177120098_1177120044_0,54.0,58.73,47.19,54.15,4.73
1177120098_10106993225_0,63.0,61.73,53.8,56.1,-1.27
1177120098_1177120071_0,63.0,61.75,50.49,56.0,-1.25
1177120124_1094237195_0,55.0,59.32,55.75,56.42,4.32
1177120124_1094077936_0,55.0,58.67,53.16,55.78,3.67
1177156992_1177156995_0,54.0,59.03,51.47,55.6,5.03
1177156992_1177157035_0,54.0,59.02,46.85,54.72,5.02
1177156995_1177157005_0,54.0,59.29,51.53,57.0,5.29
1177156995_1177157016_0,54.0,58.52,47.73,55.78,4.52
1177157005_1177156995_0,54.0,59.29,51.53,57.0,5.29
1177157005_1177120071_0,63.0,62.01,51.9,57.7,-0.99
1177157005_1177120060_0,63.0,61.61,52.46,57.65,-1.39
1177157014_2407138071_0,59.0,61.16,53.27,57.05,2.16
1177157014_246182757_0,59.0,61.85,60.1,59.2,2.85
1177157014_1177157016_0,54.0,59.24,45.55,56.32,5.24
1177157016_1177156992_0,54.0,58.63,48.61,55.92,4.63
1177157016_1177157014_0,54.0,59.22,47.52,56.48,5.22
1177157024_12181435188_0,54.0,62.62,50.88,57.1,8.62
1177157024_12181435186_0,55.0,62.8,50.73,57.25,7.8
1177157035_1177156992_0,54.0,59.03,46.85,54.62,5.03
1177157035_12181435188_0,54.0,60.84,48.4,56.0,6.84
1177157035_1177157058_0,54.0,58.24,45.39,55.22,4.24
1177157058_1085377805_0,59.0,61.56,48.49,57.55,2.56
1177157058_1091842279_0,59.0,62.14,48.05,57.1,3.14
1177183150_1091826692_0,62.0,57.54,53.39,56.45,-4.46
1177183150_1177183156_0,62.0,58.94,54.76,57.75,-3.06
1177183150_1177183156_1,62.0,58.64,54.31,57.55,-3.36
1177183156_1177120050_0,62.0,59.39,55.46,56.35,-2.61
1177183156_1177183150_0,62.0,58.94,54.76,57.75,-3.06
1177183161_1180750433_0,54.0,55.05,57.03,56.6,1.05
1177183161_246182003_0,54.0,55.13,56.29,56.3,1.13
1180686279_1180686283_0,54.0,53.42,58.83,56.2,-0.58
1180686279_1512564829_0,54.0,53.73,57.03,56.4,-0.27
1180686283_1180686279_0,54.0,53.42,58.83,56.2,-0.58
1180727051_1180686279_0,54.0,53.22,55.91,56.75,-0.78
1180727051_1512110572_0,54.0,53.13,54.47,56.45,-0.87
1180750433_1512564829_0,54.0,54.44,55.04,56.75,0.44
1180750433_4569344752_0,54.0,53.15,53.41,56.25,-0.85
1180750434_1180727051_0,54.0,53.78,53.94,56.85,-0.22
1180750443_1091868583_0,46.0,52.85,54.7,54.55,6.85
1180750443_1512110622_0,46.0,53.28,57.59,54.7,7.28
1180802572_1113674840_0,59.0,53.25,57.47,56.5,-5.75
1180802572_1243851768_0,59.0,53.39,59.24,54.6,-5.61
1180833967_1092247454_0,46.0,52.49,56.17,55.0,6.49
1180833968_1113674838_0,46.0,51.69,56.8,53.8,5.69
1180833970_1092219034_0,46.0,51.24,53.35,55.95,5.24
1180833970_1092219016_0,59.0,51.87,58.76,54.6,-7.13
1186060828_1108381682_0,62.0,61.73,46.59,54.75,-0.27
1186060828_5401629305_0,54.0,62.69,54.18,56.72,8.69
1186077444_1129273455_0,60.0,63.11,45.66,55.18,3.11
1186101430_1512110646_0,58.0,63.21,47.08,54.7,5.21
1186101444_1512110646_0,54.0,62.67,47.06,53.68,8.67
1186101444_1186101445_0,58.0,67.18,51.26,56.82,9.18
1186101444_1186538328_0,58.0,63.47,46.89,55.52,5.47
1186101445_1186538328_0,58.0,71.82,50.25,56.39,13.82
1186101445_1186101459_0,58.0,75.9,51.44,57.2,17.9
1186101445_1119033381_0,58.0,64.54,45.42,56.8,6.54
1186101459_1187402076_0,60.0,63.5,48.61,54.47,3.5
1186538320_1129276631_0,60.0,64.91,49.63,55.7,4.91
1186538320_1186538333_0,54.0,63.7,43.72,55.6,9.7
1186538320_1129276619_0,60.0,64.7,47.74,55.5,4.7
1186538328_1186101430_0,58.0,70.85,47.85,54.12,12.85
1186538328_1186538346_0,54.0,63.32,46.47,55.74,9.32
1186538333_1186538320_0,54.0,63.7,43.72,55.6,9.7
1186538346_1186538328_0,54.0,63.32,46.47,55.74,9.32
1187334109_1512110626_0,68.0,78.24,62.99,59.85,10.24
1187334109_211317741_0,68.0,69.61,57.94,60.35,1.61
1187402076_1187402139_0,60.0,60.09,46.87,48.94,0.09
1187402076_1187402195_0,60.0,60.29,45.01,49.84,0.29
1187672560_1187706670_0,59.0,62.46,53.4,57.05,3.46
1187672560_1119104443_0,59.0,60.03,50.34,56.45,1.03
1187672580_1187672560_0,59.0,62.02,52.74,56.65,3.02
1187672580_1134264332_0,59.0,60.13,51.1,56.25,1.13
1187702147_1188131652_0,56.0,53.96,53.14,56.77,-2.04
1187702147_1512110715_0,56.0,56.14,54.34,56.67,0.14
1187702159_1187672580_0,59.0,61.76,53.01,56.55,2.76
1187706670_1187672560_0,59.0,62.46,53.4,57.05,3.46
1187706670_1105149764_0,59.0,62.64,53.62,58.35,3.64
1187722456_243494580_0,68.0,74.94,63.43,61.1,6.94
1187722456_1512110626_0,68.0,70.86,62.15,62.0,2.86
1187722477_1129276619_0,60.0,65.52,52.75,54.95,5.52
1187722477_2404853941_0,60.0,65.37,57.07,58.35,5.37
1187722485_1187722456_0,58.0,72.52,50.35,58.05,14.52
1187722485_10098682767_0,58.0,65.33,47.53,57.1,7.33
1188085576_1512110715_0,56.0,56.03,55.83,57.15,0.03
1188085576_1188131642_0,56.0,54.86,54.94,56.5,-1.14
1188085598_1096529613_0,56.0,55.26,53.02,56.65,-0.74
1188085605_1512110737_0,56.0,54.46,52.22,55.67,-1.54
1188131630_1512110748_0,56.0,58.85,54.12,56.6,2.85
1188131635_1188131638_0,54.0,54.08,55.6,55.4,0.08
1188131635_1512110725_0,54.0,54.03,54.28,57.35,0.03
1188131638_1119694752_0,60.0,56.18,56.57,54.65,-3.82
1188131642_1188131652_0,56.0,54.36,53.9,56.77,-1.64
1188131642_1188131635_0,54.0,52.63,50.7,56.35,-1.37
1188131652_1188085598_0,56.0,54.88,56.08,56.9,-1.12
1188131655_1187702147_0,56.0,54.26,50.01,56.7,-1.74
1188131659_1512110711_0,56.0,54.74,54.96,56.85,-1.26
1188131659_1116623855_0,62.0,58.26,56.16,56.6,-3.74
1189660030_1200015496_0,59.0,61.7,59.01,55.4,2.7
1189660030_1200015481_0,59.0,62.65,55.18,52.75,3.65
1189660045_4353325940_0,74.0,64.62,44.93,59.25,-9.38
1189660045_1192963700_0,73.0,62.04,51.52,52.28,-10.96
1189660061_728705262_0,68.0,60.29,49.53,54.9,-7.71
1189660062_1189660061_0,68.0,60.44,48.15,56.0,-7.56
1190021712_1512110651_0,68.0,60.13,51.35,54.82,-7.87
1190021712_1189660062_0,68.0,59.79,39.96,55.35,-8.21
1190021724_12463364889_0,73.0,62.36,55.96,52.85,-10.64
1190021724_1190021755_0,73.0,62.54,55.24,52.8,-10.46
1190021755_1189660030_0,59.0,63.26,55.18,53.65,4.26
1192963700_1190021724_0,73.0,62.08,41.15,50.45,-10.92
1200000507_1258265825_0,61.0,60.68,49.86,56.65,-0.32
1200000507_1200000508_0,59.0,59.77,48.59,55.3,0.77
1200000508_1200000510_0,61.0,59.74,47.95,55.35,-1.26
1200000510_728705256_0,61.0,58.94,46.21,55.35,-2.06
1200000512_1200059344_0,59.0,59.34,47.66,55.85,0.34
1200000513_1200000508_0,61.0,60.55,47.3,56.75,-0.45
1200000513_1258265825_0,61.0,61.43,52.91,56.6,0.43
1200005204_1200038216_0,59.0,60.75,55.9,55.8,1.75
1200005269_1200015397_0,61.0,60.02,55.82,54.38,-0.98
1200005269_1200005204_0,61.0,60.53,51.82,55.75,-0.47
1200015397_1200015405_0,61.0,60.2,53.34,53.25,-0.8
1200015397_7839120969_0,63.0,59.31,53.43,55.08,-3.69
1200015405_1200015410_0,63.0,61.32,56.22,55.85,-1.68
1200015410_1200024385_0,61.0,61.74,57.1,54.4,0.74
1200015416_1200005204_0,61.0,60.18,52.11,53.4,-0.82
1200015416_1200015405_0,61.0,61.03,56.27,55.8,0.03
1200015419_1200015472_0,59.0,61.56,47.95,53.95,2.56
1200015472_1200015481_0,59.0,60.96,55.97,55.15,1.96
1200015472_1200015496_0,59.0,60.39,52.59,53.7,1.39
1200015481_1189660045_0,73.0,62.61,55.21,53.0,-10.39
1200015496_1200015416_0,59.0,61.12,54.53,55.75,2.12
1200024335_1200015419_0,61.0,61.38,48.64,53.9,0.38
1200024335_1200024387_0,61.0,61.68,49.67,53.1,0.68
1200024345_1200024335_0,61.0,61.75,50.33,53.0,0.75
1200024385_1200024387_0,61.0,61.9,48.16,53.85,0.9
1200024385_1200015419_0,61.0,61.45,47.43,53.95,0.45
1200024387_1200024627_0,61.0,62.03,47.54,53.1,1.03
1200024396_1200024345_0,61.0,61.47,46.64,52.28,0.47
1200024396_1200024401_0,61.0,62.89,56.49,58.25,1.89
1200024401_1672512252_0,61.0,64.36,55.35,58.0,3.36
1200024627_2143335953_0,63.0,62.34,46.86,53.52,-0.66
1200024627_1200024396_0,61.0,62.34,46.52,53.35,1.34
1200028693_1200038211_0,73.0,61.07,54.58,53.6,-11.93
1200038211_1512110648_0,59.0,59.88,43.61,52.52,0.88
1200038211_1200059342_0,68.0,59.4,51.56,52.82,-8.6
1200038216_1200059347_0,59.0,60.95,54.54,54.6,1.95
1200038216_409292135_0,59.0,60.83,47.78,55.75,1.83
1200059342_1512110651_0,68.0,58.99,39.92,53.3,-9.01
1200059342_1189660062_0,68.0,59.64,44.84,52.9,-8.36
1200059344_1200000507_0,59.0,59.45,46.45,56.1,0.45
1200059345_1190021712_0,68.0,60.33,50.92,56.05,-7.67
1200059346_1200059347_0,59.0,60.3,50.47,53.88,1.3
1200059346_1512110664_0,59.0,59.8,48.36,52.05,0.8
1200059346_1512110648_0,59.0,60.08,49.33,52.72,1.08
1200059347_1200059346_0,59.0,60.3,50.47,53.88,1.3
1200059347_1200038216_0,59.0,60.95,54.54,54.6,1.95
1200059348_1200059345_0,59.0,60.46,50.34,56.05,1.46
1200059348_1512110684_0,59.0,60.21,44.21,54.9,1.21
1200554673_1200554688_0,59.0,60.34,52.81,52.7,1.34
1200554673_2088186040_0,54.0,60.52,49.71,54.58,6.52
1200554688_1200554673_0,59.0,60.34,52.81,52.7,1.34
1200580244_1130898075_0,64.0,61.51,48.75,53.59,-2.49
1200580244_1130908717_0,57.0,61.84,49.71,53.39,4.84
1243851685_1140034970_0,57.0,55.81,55.36,55.8,-1.19
1243851685_1095439681_0,60.0,57.22,61.68,56.4,-2.78
1243851740_10207374186_0,62.0,65.43,57.58,61.2,3.43
1243851740_1243851777_0,62.0,65.07,57.08,59.9,3.07
1243851768_245935463_0,59.0,51.94,46.98,51.85,-7.06
1243851768_10102980234_0,59.0,52.37,57.77,54.45,-6.63
1243851777_1124981481_0,62.0,64.93,54.64,59.75,2.93
1243851790_4570126146_0,63.0,60.11,52.93,55.75,-2.89
1243851790_2407138066_0,63.0,59.97,59.29,56.0,-3.03
1243851855_1096529577_0,56.0,58.06,58.2,56.25,2.06
1243851855_1095440170_0,56.0,57.97,56.87,56.3,1.97
1249875748_1512110572_0,61.0,54.79,57.1,55.4,-6.21
1249875748_1180686279_0,54.0,53.29,48.48,56.85,-0.71
1258265825_728705259_0,68.0,61.63,52.91,56.15,-6.37
1305278134_4584610470_0,59.0,54.02,55.81,56.9,-4.98
1383136506_1091842279_0,55.0,64.15,50.55,57.3,9.15
1383136506_1094296604_0,55.0,64.17,51.88,57.5,9.17
1416545434_1416545428_0,70.0,92.81,67.76,69.1,22.81
1472990981_1134264306_0,55.0,62.4,50.01,56.5,7.4
1472990982_1472990981_0,55.0,63.23,45.38,57.9,8.23
1472990982_1134264310_0,62.0,64.5,53.1,60.8,2.5
1472993474_5345118960_0,57.0,61.25,55.4,60.2,4.25
1472993474_607644081_0,65.0,63.49,56.36,61.45,-1.51
1472993474_5346954184_0,65.0,64.98,62.41,61.6,-0.02
1473068231_1473068233_0,56.0,62.18,46.05,54.05,6.18
1473068231_1134264295_0,64.0,64.02,50.06,58.75,0.02
1512110522_1091842257_0,54.0,57.03,55.14,56.38,3.03
1512110522_1177120047_0,54.0,57.4,56.79,56.42,3.4
1512110572_246181271_0,61.0,54.39,57.54,55.65,-6.61
1512110572_1180750443_0,46.0,53.37,58.33,54.7,7.37
1512110622_1512110629_0,46.0,54.43,58.18,55.0,8.43
1512110622_1249875748_0,59.0,53.34,53.15,53.6,-5.66
1512110626_1512110649_0,60.0,74.18,60.89,60.4,14.18
1512110626_1187334109_0,68.0,78.24,62.99,59.85,10.24
1512110626_1187722456_0,68.0,70.84,61.17,61.75,2.84
1512110629_1113674820_0,46.0,55.56,55.16,54.65,9.56
1512110629_1094077853_0,59.0,54.61,53.36,55.3,-4.39
1512110633_1091868583_0,46.0,52.83,54.02,57.5,6.83
1512110633_1512110622_0,59.0,53.1,56.59,56.35,-5.9
1512110646_1186101444_0,54.0,62.67,47.06,53.68,8.67
1512110646_1119033371_0,58.0,63.39,52.57,55.05,5.39
1512110648_1190021755_0,73.0,62.04,54.55,52.45,-10.96
1512110648_1200059346_0,59.0,60.08,49.33,52.72,1.08
1512110649_1186101459_0,60.0,76.12,51.08,56.55,16.12
1512110649_1187722485_0,58.0,70.42,50.41,57.35,12.42
1512110649_1187722477_0,58.0,66.11,49.4,57.3,8.11
1512110651_1512110648_0,68.0,59.6,51.55,53.82,-8.4
1512110651_1512110664_0,59.0,59.78,50.86,55.15,0.78
1512110655_1108381695_0,60.0,62.61,50.3,56.28,2.61
1512110655_1129273455_0,59.0,64.41,47.31,55.92,5.41
1512110664_1512110684_0,59.0,60.17,51.52,55.85,1.17
1512110664_1200059345_0,59.0,60.15,43.5,55.0,1.15
1512110668_1134264309_0,59.0,61.86,49.4,52.38,2.86
1512110668_1512110655_0,60.0,62.52,49.87,54.78,2.52
1512110681_1512110655_0,59.0,63.54,48.98,56.42,4.54
1512110681_1134264309_0,60.0,61.95,49.03,55.14,1.95
1512110684_1200059344_0,59.0,60.06,50.51,55.9,1.06
1512110684_1200059347_0,59.0,60.13,47.88,53.02,1.13
1512110711_4087692906_0,59.0,56.68,52.89,57.65,-2.32
1512110711_1188131655_0,56.0,54.46,52.47,56.47,-1.54
1512110713_1108381685_0,62.0,61.13,55.76,55.45,-0.87
1512110713_1186060828_0,59.0,62.08,54.51,56.25,3.08
1512110715_1105149778_0,59.0,57.38,55.01,55.7,-1.62
1512110715_1512110733_0,56.0,57.11,55.57,55.8,1.11
1512110718_1512110713_0,59.0,62.0,53.96,56.75,3.0
1512110718_1134264333_0,62.0,59.3,53.17,56.15,-2.7
1512110722_1472990853_0,55.0,62.37,46.07,55.8,7.37
1512110722_1131686685_0,64.0,63.5,50.76,57.7,-0.5
1512110725_1188085576_0,59.0,56.08,55.15,57.7,-2.92
1512110725_1512110746_0,56.0,53.76,52.94,53.75,-2.24
1512110733_1512110737_0,59.0,57.55,56.75,56.4,-1.45
1512110733_1188131630_0,56.0,57.82,53.81,55.77,1.82
1512110737_1188085576_0,56.0,53.98,53.77,54.75,-2.02
1512110737_1512110746_0,59.0,57.09,58.79,55.75,-1.91
1512110745_1141191817_0,46.0,54.18,57.07,56.7,8.18
1512110745_1145304334_0,46.0,53.67,47.37,54.75,7.67
1512110746_1108381701_0,59.0,56.6,58.31,55.55,-2.4
1512110746_1188131628_0,56.0,54.03,53.9,55.62,-1.97
1512110748_1188131630_0,56.0,58.85,54.12,56.6,2.85
1512110748_1130908709_0,56.0,60.84,55.2,56.9,4.84
1512110760_1141191818_0,46.0,53.84,53.46,56.25,7.84
1512110760_1145304336_0,46.0,53.92,53.92,56.25,7.92
1512110760_1145264729_0,46.0,54.19,52.84,56.45,8.19
1512110760_1141191817_0,46.0,54.02,53.39,56.7,8.02
1512110781_1145304362_0,54.0,55.67,54.94,56.75,1.67
1512110781_1145592665_0,54.0,54.8,53.88,56.75,0.8
1512110783_1105149764_0,57.0,60.69,55.39,57.45,3.69
1512110783_1187706670_0,57.0,60.31,49.68,56.0,3.31
1512110786_1134264315_0,62.0,63.08,57.16,60.95,1.08
1512110786_1124981413_0,62.0,61.67,55.16,59.9,-0.33
1512110786_5346954184_0,59.0,65.03,62.46,62.7,6.03
1512110786_1512110789_0,59.0,65.64,57.37,61.4,6.64
1512110789_1130841567_0,62.0,66.72,54.36,62.2,4.72
1512110789_1512110786_0,59.0,65.64,57.37,61.4,6.64
1512564829_1086375875_0,54.0,54.8,55.74,56.9,0.8
1512564829_1094296854_0,54.0,54.77,54.67,56.7,0.77
1512564830_1200000510_0,60.0,60.24,49.95,55.35,0.24
1512564831_1092219000_0,59.0,53.47,55.92,57.0,-5.53
1512564831_1145592711_0,46.0,53.99,57.31,55.1,7.99
1562259320_288944159_0,60.0,53.05,55.27,53.7,-6.95
1562259320_245936609_0,60.0,53.85,56.01,55.8,-6.15
1562259326_1777427676_0,60.0,52.67,52.31,55.3,-7.33
1562259338_245936231_0,59.0,50.3,52.01,52.5,-8.7
1562259338_245935463_0,60.0,50.68,54.24,52.55,-9.32
1562259365_8426609760_0,60.0,53.71,58.08,53.75,-6.29
1562259365_10102978853_0,54.0,52.88,52.61,55.95,-1.12
1564374009_211305824_0,68.0,64.85,48.41,57.2,-3.15
1564374009_211310173_0,68.0,65.61,54.83,60.8,-2.39
1609997963_2484613878_0,60.0,61.93,49.88,54.8,1.93
1609997967_1091842276_0,63.0,60.97,54.76,56.45,-2.03
1609997967_246182520_0,63.0,60.47,57.27,56.5,-2.53
1609997988_1094360111_0,60.0,64.99,49.22,55.5,4.99
1609997988_1084139081_0,60.0,62.8,46.0,56.8,2.8
1609997995_2484613875_0,63.0,64.65,55.98,57.4,1.65
1609997995_1085377812_0,55.0,62.2,50.35,56.05,7.2
1609998009_10106993225_0,63.0,62.97,51.62,55.95,-0.03
1609998009_1085377805_0,63.0,64.19,51.02,56.4,1.19
1624926347_1092219005_0,61.0,61.22,54.1,56.35,0.22
1624926347_1094237291_0,61.0,57.51,56.34,54.0,-3.49
1648826945_1119033381_0,58.0,64.38,45.16,57.6,6.38
1648826945_1186101444_0,58.0,63.85,47.31,55.35,5.85
1672512155_1672512452_0,59.0,69.27,48.94,56.2,10.27
1672512178_1200024401_0,59.0,63.14,55.32,58.1,4.14
1672512187_1672512245_0,64.0,68.65,48.81,56.8,4.65
1672512207_245491719_0,68.0,68.33,47.24,56.9,0.33
1672512207_1672512375_0,68.0,69.7,51.71,56.7,1.7
1672512233_11382810685_0,64.0,71.62,64.58,62.25,7.62
1672512233_2404835470_0,64.0,70.84,52.43,57.45,6.84
1672512245_1672512207_0,68.0,68.97,48.9,56.8,0.97
1672512245_11382810675_0,64.0,66.19,46.99,57.55,2.19
1672512252_1672512439_0,64.0,68.07,47.5,56.45,4.07
1672512265_1188131655_0,54.0,53.76,48.73,56.4,-0.24
1672512265_1096529607_0,62.0,56.41,52.63,57.45,-5.59
1672512265_1095439629_0,62.0,55.88,50.89,56.3,-6.12
1672512276_4347724102_0,70.0,74.19,46.75,55.4,4.19
1672512313_1153010098_0,56.0,58.23,56.07,55.87,2.23
1672512320_1200024345_0,61.0,64.05,52.07,57.6,3.05
1672512320_1672512252_0,59.0,68.17,47.41,56.5,9.17
1672512342_1672512353_0,59.0,67.49,39.46,55.85,8.49
1672512342_4558577507_0,59.0,68.85,43.06,56.45,9.85
1672512344_4554626299_0,64.0,68.52,50.43,56.75,4.52
1672512353_12180995970_0,59.0,68.29,43.3,56.05,9.29
1672512375_1672512155_0,64.0,69.07,50.95,56.55,5.07
1672512375_1672512344_0,64.0,67.43,47.1,56.75,3.43
1672512394_1109639597_0,69.0,58.85,47.77,56.05,-10.15
1672512394_1131425393_0,69.0,62.03,55.07,57.05,-6.97
1672512406_2404835470_0,64.0,68.19,48.3,56.75,4.19
1672512406_1672512187_0,64.0,66.64,46.12,55.55,2.64
1672512429_1672512435_0,68.0,66.57,39.53,56.3,-1.43
1672512429_1672512276_0,68.0,73.94,40.02,54.5,5.94
1672512435_1672512342_0,59.0,68.32,41.71,56.5,9.32
1672512439_1672512155_0,64.0,66.86,44.12,55.15,2.86
1672512439_1672512344_0,64.0,68.07,49.16,56.55,4.07
1672512452_1672512353_0,59.0,69.12,43.74,56.2,10.12
1672512452_4558577507_0,59.0,67.84,43.69,56.05,8.84
1676387272_1130841563_0,62.0,66.55,61.97,61.0,4.55
1693128085_245491904_0,54.0,61.56,56.46,59.1,7.56
1693797759_1693806116_0,59.0,62.88,55.52,57.85,3.88
1693797759_246811978_0,55.0,61.02,49.77,55.25,6.02
1693806115_246182757_0,59.0,61.75,52.65,57.8,2.75
1693806116_1693806115_0,59.0,62.37,49.0,55.6,3.37
1693806116_1885951244_0,59.0,64.0,58.29,60.25,5.0
1763262440_4558538601_0,60.0,62.28,59.05,60.25,2.28
1763262440_211321253_0,68.0,63.98,57.29,62.5,-4.02
1777427676_245935861_0,60.0,53.36,57.39,54.65,-6.64
1843795431_2088186040_0,59.0,61.3,45.56,54.25,2.3
1843795431_245491904_0,63.0,63.13,60.27,59.25,0.13
1843795431_2143335953_0,63.0,62.47,47.62,54.95,-0.53
1843795432_245491934_0,59.0,65.24,51.78,57.1,6.24
1843795432_211318996_0,63.0,69.36,59.16,59.65,6.36
1843795432_245491906_0,63.0,65.57,58.37,59.25,2.57
1843795433_409137871_0,63.0,64.64,53.61,55.72,1.64
1885951239_246811978_0,55.0,62.69,52.13,56.0,7.69
1885951241_211310173_0,68.0,65.85,54.41,60.9,-2.15
1885951241_211311619_0,68.0,65.46,54.01,59.95,-2.54
1885951244_211310729_0,68.0,66.26,56.67,60.55,-1.74
1885951247_1885951249_0,68.0,65.06,47.35,56.6,-2.94
1885951249_1885951244_0,68.0,65.35,55.73,56.95,-2.65
1994627752_1994627759_0,68.0,67.12,41.81,54.95,-0.88
1994627752_243495392_0,68.0,67.64,42.6,55.05,-0.36
1994627759_1994627752_0,68.0,67.12,41.81,54.95,-0.88
1994627759_4353325969_0,68.0,65.51,42.99,54.65,-2.49
1994627759_4568983480_0,68.0,65.41,41.79,54.2,-2.59
2088186040_409137869_0,59.0,60.6,48.7,54.6,1.6
2142861448_1124981404_0,59.0,63.41,53.92,59.85,4.41
2142861448_2142861448_0,59.0,62.78,44.99,54.6,3.78
2143335939_2143335953_0,59.0,61.47,48.68,53.85,2.47
2143335953_1200024627_0,63.0,62.34,46.86,53.52,-0.66
2143335953_2143335939_0,59.0,61.47,48.68,53.85,2.47
2143335953_1843795431_0,63.0,62.48,47.62,54.9,-0.52
2143335963_2143335964_0,60.0,61.32,45.02,58.3,1.32
2143335963_4558538601_0,60.0,61.3,54.59,59.65,1.3
2143335964_2143335965_0,60.0,61.33,47.78,57.4,1.33
2143335964_2143335963_0,60.0,61.32,45.02,58.3,1.32
2143335965_409131078_0,60.0,60.7,51.17,56.45,0.7
2143335965_2143335964_0,60.0,61.33,47.78,57.4,1.33
2187119246_10093451978_0,69.0,59.59,56.21,60.16,-9.41
2221700167_242925500_0,70.0,96.7,59.62,55.8,26.7
2221700186_5772382718_0,70.0,98.33,62.82,59.65,28.33
2221700186_2221700167_0,70.0,96.67,64.36,60.35,26.67
2221700286_5772382718_0,70.0,96.42,63.24,68.85,26.42
2221700286_5772382717_0,70.0,96.11,57.05,54.0,26.11
2221700312_5772382701_0,70.0,92.71,58.44,53.9,22.71
2332249073_2332249079_0,70.0,95.14,64.93,69.45,25.14
2332249079_1416545434_0,70.0,94.6,64.65,69.05,24.6
2338038473_1693806115_0,59.0,62.1,50.41,55.5,3.1
2383446335_206378333_0,68.0,52.23,36.64,44.29,-15.77
2383446341_2383446364_0,68.0,52.66,36.6,44.54,-15.34
2383446341_6315715531_0,70.0,53.93,47.69,47.32,-16.07
2383446352_2383446355_0,68.0,52.77,48.72,46.52,-15.23
2383446355_2383446341_0,68.0,52.94,48.46,46.72,-15.06
2383446364_2383446335_0,68.0,52.49,45.49,46.47,-15.51
2404830460_1119033360_0,60.0,64.5,50.81,57.8,4.5
2404830460_1096507243_0,60.0,64.28,54.82,58.3,4.28
2404835470_1672512233_0,64.0,70.84,52.43,57.45,6.84
2404835470_1672512187_0,64.0,68.31,49.35,56.8,4.31
2407138065_4560313023_0,59.0,61.86,56.43,57.7,2.86
2407138066_1243851790_0,63.0,59.97,59.29,56.0,-3.03
2407138066_246182514_0,63.0,59.86,49.48,54.25,-3.14
2407138071_2407138072_0,59.0,59.86,56.89,56.1,0.86
2407138071_1177157014_0,59.0,61.16,53.27,57.05,2.16
2407138072_246182519_0,59.0,60.04,55.94,56.2,1.04
2484613875_1609997995_0,63.0,64.65,55.98,57.4,1.65
2484613875_1094360143_0,63.0,64.73,51.24,55.65,1.73
2484613878_2484613875_0,63.0,61.56,48.29,55.4,-1.44
2484613878_1094360143_0,63.0,61.95,47.48,55.55,-1.05
2987193084_10840344519_0,59.0,59.59,52.61,62.0,0.59
2987193084_10840344511_0,68.0,60.74,57.46,63.0,-7.26
2987193088_728705278_0,60.0,62.0,63.55,62.4,2.0
2987193095_2987196295_0,68.0,60.48,58.51,62.8,-7.52
2987196295_9959380164_0,68.0,60.63,58.49,62.85,-7.37
3088102812_3088105221_0,70.0,53.16,35.88,44.86,-16.84
3088102817_5531281610_0,70.0,56.44,44.23,47.07,-13.56
3088102827_3088102830_0,70.0,54.06,35.64,44.74,-15.94
3088102827_4353309860_0,70.0,56.69,45.81,47.32,-13.31
3088102830_3088102812_0,70.0,54.07,48.97,47.92,-15.93
3088105135_3088102827_0,70.0,54.22,48.97,47.57,-15.78
3088105221_2383446355_0,70.0,52.83,48.72,46.72,-17.17
3088105224_8569349889_0,70.0,56.15,45.88,47.12,-13.85
3088105224_4469422088_0,70.0,54.71,36.29,44.39,-15.29
3783460876_4353309814_0,70.0,58.96,39.88,48.0,-11.04
3783460876_3783460882_0,70.0,57.46,30.87,43.37,-12.54
3783460882_4357570550_0,70.0,59.48,43.3,47.92,-10.52
3783460882_4346548508_0,70.0,58.84,39.27,47.77,-11.16
3783460895_3783460905_0,70.0,57.76,37.68,43.68,-12.24
3783460895_3088102817_0,70.0,59.15,46.31,49.6,-10.85
3783460905_3783460895_0,70.0,57.76,37.68,43.68,-12.24
3783460905_4353309862_0,70.0,56.03,44.72,46.92,-13.97
3783460937_4353325945_0,68.0,70.41,44.86,60.65,2.41
3783461459_4353309859_0,70.0,55.84,36.75,44.58,-14.16
4087692901_1105037086_0,62.0,60.6,55.5,57.25,-1.4
4087692906_1096529607_0,59.0,57.87,57.43,57.4,-1.13
4087692913_1188131638_0,60.0,56.62,59.61,56.05,-3.38
4087692913_10095475579_0,60.0,56.67,59.28,55.8,-3.33
4087742266_1113674856_0,62.0,57.58,54.75,56.4,-4.42
4087742266_1094237297_0,62.0,58.95,55.14,55.75,-3.05
4087742279_1113674839_0,56.0,55.79,56.16,57.0,-0.21
4087775578_246182133_0,59.0,52.54,53.97,55.95,-6.46
4087775578_246181270_0,59.0,52.78,52.15,56.4,-6.22
4223738578_11382810677_0,68.0,66.92,57.02,59.0,-1.08
4223738578_11382810675_0,64.0,66.93,56.62,57.7,2.93
4223738581_11382810685_0,64.0,71.95,62.34,62.35,7.95
4223738581_243494580_0,68.0,72.68,61.73,62.4,4.68
4223738581_11382810677_0,68.0,67.52,57.97,59.4,-0.48
4271743735_475572102_0,74.0,89.42,53.57,50.98,15.42
4271743735_4271749701_0,74.0,92.27,54.14,53.1,18.27
4271749701_475572103_0,74.0,91.04,57.35,52.92,17.04
4346548501_4353309859_0,70.0,56.38,45.81,46.97,-13.62
4346548508_4353309837_0,70.0,58.3,40.01,47.72,-11.7
4346548521_4357570567_0,70.0,59.14,42.22,49.1,-10.86
4347724102_4357570568_0,68.0,67.85,45.76,55.9,-0.15
4347724102_4353325946_0,70.0,74.62,53.51,61.45,4.62
4353309812_4353309814_0,70.0,64.22,46.14,57.85,-5.78
4353309812_3783460937_0,68.0,70.44,46.28,60.5,2.44
4353309813_4353309814_0,70.0,60.26,40.29,46.95,-9.74
4353309813_3783460937_0,70.0,63.5,45.87,57.5,-6.5
4353309814_3783460895_0,70.0,59.86,41.74,47.25,-10.14
4353309814_4353309813_0,70.0,60.26,40.29,46.95,-9.74
4353309814_3783460876_0,70.0,58.96,39.88,48.0,-11.04
4353309818_4357570568_0,70.0,69.12,53.53,62.2,-0.88
4353309818_4353325944_0,68.0,67.21,49.69,60.45,-0.79
4353309820_3783460876_0,70.0,57.12,39.89,47.67,-12.88
4353309837_4353309820_0,70.0,57.26,41.42,47.22,-12.74
4353309837_4353309858_0,70.0,56.57,43.64,47.07,-13.43
4353309858_4346548501_0,70.0,56.12,45.01,46.97,-13.88
4353309859_4353309861_0,70.0,56.76,43.97,46.92,-13.24
4353309860_3783460905_0,70.0,56.62,43.92,47.17,-13.38
4353309861_4353309860_0,70.0,56.59,35.5,43.7,-13.41
4353309861_3088105224_0,70.0,57.05,42.8,46.97,-12.95
4353309862_4353309858_0,70.0,55.08,41.84,43.45,-14.92
4353309862_4353309820_0,70.0,56.26,43.7,47.07,-13.74
4353325928_1672512276_0,68.0,66.77,40.84,55.2,-1.23
4353325928_1672512435_0,68.0,68.38,42.3,54.9,0.38
4353325940_4353325928_0,68.0,68.14,42.64,55.1,0.14
4353325942_1192963700_0,74.0,64.18,45.25,59.15,-9.82
4353325942_4353325940_0,70.0,68.47,42.88,55.2,-1.53
4353325944_4353309812_0,68.0,70.85,49.35,60.55,2.85
4353325945_4357570569_0,68.0,68.88,50.06,60.65,0.88
4353325945_214925862_0,70.0,70.31,50.67,61.7,0.31
4353325946_9450392714_0,70.0,66.57,42.61,57.4,-3.43
4353325946_4353325944_0,68.0,71.09,50.8,61.65,3.09
4353325969_1994627759_0,68.0,65.51,42.99,54.65,-2.49
4357570550_12180995976_0,70.0,60.37,40.49,47.57,-9.63
4357570567_3783461459_0,70.0,55.78,45.8,47.37,-14.22
4357570567_4469422085_0,70.0,56.31,48.89,47.47,-13.69
4357570568_4353325942_0,68.0,69.39,46.31,55.45,1.39
4357570569_4357587942_0,70.0,63.96,46.82,57.3,-6.04
4357570569_4353309818_0,68.0,69.81,46.09,61.05,1.81
4357587942_4357570569_0,70.0,63.96,46.82,57.3,-6.04
4358780493_1124937218_0,60.0,60.12,54.45,57.8,0.12
4358780493_4358780498_0,54.0,58.74,56.94,57.0,4.74
4358780494_4358780497_0,54.0,57.41,52.6,56.5,3.41
4358780494_1124937218_0,57.0,58.58,54.98,57.05,1.58
4358780497_4358780494_0,54.0,57.41,52.6,56.5,3.41
4358780497_4358780501_0,54.0,57.55,52.23,55.4,3.55
4358780497_4358780498_0,54.0,58.6,49.6,56.75,4.6
4358780498_4358780501_0,54.0,59.13,55.62,57.2,5.13
4358780498_4358780502_0,54.0,58.88,53.65,57.2,4.88
4358780498_4358780497_0,54.0,58.58,49.47,56.75,4.58
4358780498_4358780493_0,54.0,58.74,56.11,57.0,4.74
4358780501_4358780498_0,54.0,59.13,55.62,57.2,5.13
4358780501_4358780508_0,54.0,57.49,51.04,57.0,3.49
4358780501_4358780497_0,54.0,57.53,52.23,55.4,3.53
4358780501_4358780502_0,54.0,58.85,53.71,57.15,4.85
4358780502_4358780505_0,54.0,59.02,57.79,58.95,5.02
4358780502_4358780501_0,54.0,58.85,53.61,57.15,4.85
4358780502_4358780498_0,54.0,58.87,53.71,57.2,4.87
4358780504_4358780494_0,57.0,58.12,51.66,57.1,1.12
4358780504_4358780507_0,54.0,57.47,51.41,56.95,3.47
4358780505_4358780502_0,54.0,59.02,57.79,58.95,5.02
4358780505_1119106283_0,57.0,61.36,61.89,60.95,4.36
4358780505_1119093915_0,57.0,62.26,64.24,61.95,5.26
4358780507_4358780504_0,54.0,57.47,51.41,56.95,3.47
4358780507_4358780510_0,54.0,57.74,50.65,57.05,3.74
4358780507_4358780508_0,54.0,57.5,46.56,56.45,3.5
4358780508_4358780501_0,54.0,57.49,51.04,57.0,3.49
4358780508_4358780512_0,54.0,57.67,49.52,56.35,3.67
4358780508_4358780507_0,54.0,57.49,46.56,56.35,3.49
4358780510_4358780507_0,54.0,57.74,50.65,57.05,3.74
4358780510_4358780511_0,57.0,58.13,54.23,56.7,1.13
4358780511_4358780512_0,57.0,58.3,55.16,57.2,1.3
4358780511_4358780513_0,57.0,58.13,51.75,56.9,1.13
4358780512_1119106283_0,57.0,58.62,54.27,60.15,1.62
4358780512_4358780508_0,54.0,57.66,49.52,56.35,3.66
4358780513_1119106303_0,57.0,57.74,52.62,55.15,0.74
4358780513_4358780517_0,54.0,57.69,50.12,56.9,3.69
4358780513_4358780511_0,57.0,58.13,51.75,56.9,1.13
4358780516_4358780517_0,54.0,57.81,48.64,56.0,3.81
4358780516_1119106303_0,54.0,57.37,50.77,57.1,3.37
4358780516_4358780520_0,54.0,57.78,48.42,56.3,3.78
4358780517_4358780520_0,54.0,58.12,51.06,56.1,4.12
4358780517_4358780513_0,54.0,57.69,50.12,56.9,3.69
4358780517_4358780521_0,54.0,57.95,48.46,56.05,3.95
4358780517_4358780516_0,54.0,57.81,48.64,56.0,3.81
4358780520_4358780523_0,54.0,57.51,50.85,56.6,3.51
4358780520_4358780517_0,54.0,58.12,51.06,56.1,4.12
4358780520_4358780516_0,54.0,57.78,48.42,56.3,3.78
4358780520_4358780521_0,54.0,57.9,49.67,56.05,3.9
4358780521_4358780524_0,54.0,58.17,59.03,60.1,4.17
4358780521_4358780517_0,54.0,57.95,48.46,56.05,3.95
4358780521_4358780520_0,54.0,57.88,49.67,56.05,3.88
4358780523_4358780520_0,54.0,57.51,50.85,56.6,3.51
4358780524_4358780521_0,54.0,58.17,59.03,60.1,4.17
4358780524_1119106285_0,57.0,60.38,55.68,60.15,3.38
4469422084_6315715531_0,70.0,52.96,40.94,44.14,-17.04
4469422084_6315715548_0,70.0,53.41,47.69,47.37,-16.59
4469422085_4469422084_0,70.0,53.41,45.26,47.47,-16.59
4469422088_4469422085_0,70.0,54.08,45.26,47.47,-15.92
4549490595_473593916_0,73.0,73.21,58.1,63.95,0.21
4549490595_214925654_0,74.0,68.46,53.97,61.2,-5.54
4549490596_473593917_0,73.0,73.26,56.55,64.0,0.26
4554626299_1672512178_0,59.0,64.1,49.32,57.95,5.1
4554626299_1672512406_0,64.0,68.07,49.42,56.75,4.07
4556222967_470891229_0,73.0,70.69,56.18,46.99,-2.31
4558538598_211321256_0,68.0,63.46,61.8,62.9,-4.54
4558538598_1131425423_0,68.0,61.68,54.54,59.81,-6.32
4558538601_1763262440_0,60.0,62.28,59.05,60.25,2.28
4558538601_2143335963_0,60.0,61.31,54.59,59.65,1.31
4558577507_1672512320_0,59.0,68.58,49.03,56.5,9.58
4560313023_4560313024_0,63.0,60.76,57.68,57.0,-2.24
4560313024_2407138066_0,63.0,60.34,56.16,56.45,-2.66
4560313024_246182514_0,59.0,60.21,57.48,56.25,1.21
4568983477_245491716_0,68.0,66.96,39.15,53.53,-1.04
4568983477_4568983480_0,68.0,66.05,44.58,53.45,-1.95
4568983477_1994627752_0,68.0,65.6,41.03,54.15,-2.4
4568983480_4568983477_0,68.0,66.05,44.58,53.45,-1.95
4568983480_245491717_0,68.0,64.92,43.85,53.25,-3.08
4568983480_245491688_0,68.0,65.14,44.0,53.05,-2.86
4569265245_3088102817_0,70.0,56.59,46.85,49.1,-13.41
4569265245_4353309813_0,70.0,59.41,33.96,46.6,-10.59
4569285097_1119093872_0,60.0,59.61,58.58,58.45,-0.39
4569285097_1119093947_0,60.0,58.21,53.35,55.7,-1.79
4569285099_4569285100_0,57.0,58.78,58.9,57.35,1.78
4569285100_1119104427_0,57.0,57.97,53.15,56.5,0.97
4569285100_4569285097_0,57.0,58.51,54.59,57.25,1.51
4569318327_1562259326_0,60.0,53.14,51.15,55.9,-6.86
4569344748_4620449099_0,59.0,52.61,53.57,56.1,-6.39
4569344748_4587244525_0,59.0,52.67,54.74,55.75,-6.33
4569344749_4587244525_0,59.0,53.47,56.57,56.05,-5.53
4569344749_246182298_0,59.0,52.71,54.26,56.0,-6.29
4569344752_1180750433_0,54.0,53.15,53.41,56.25,-0.85
4569344752_4569344753_0,54.0,52.52,53.45,56.15,-1.48
4569344753_4620449097_0,54.0,52.61,53.58,56.1,-1.39
4569344753_1180750434_0,54.0,52.56,52.89,56.25,-1.44
4569344756_4569344752_0,54.0,52.4,51.22,56.05,-1.6
4569344756_4620449097_0,54.0,53.14,55.95,56.1,-0.86
4570126146_246811464_0,60.0,60.62,56.15,55.9,0.62
4584610470_4584610471_0,60.0,53.95,57.67,56.8,-6.05
4584610470_4569344748_0,59.0,52.76,55.91,55.8,-6.24
4584610471_4569318327_0,60.0,54.11,55.55,56.8,-5.89
4587244525_246181791_0,59.0,55.06,53.76,56.25,-3.94
4587244527_1180750434_0,54.0,53.24,55.95,56.15,-0.76
4587244527_4087775578_0,59.0,52.67,56.78,55.95,-6.33
4620449097_4587244527_0,54.0,53.12,55.95,56.15,-0.88
4620449099_4569344749_0,59.0,53.44,56.57,56.05,-5.56
5345118960_1512110783_0,57.0,60.76,47.7,57.55,3.76
5345118960_5345118961_0,57.0,61.53,56.67,57.45,4.53
5345118961_1105149764_0,59.0,63.66,58.35,60.7,4.66
5345118961_5346954184_0,59.0,65.02,58.31,60.2,6.02
5345154771_1130841552_0,59.0,62.99,49.45,57.4,3.99
5345154771_1131425393_0,59.0,61.24,45.43,54.85,2.24
5346948498_5401629305_0,62.0,63.24,54.26,56.44,1.24
5346948498_1108381682_0,59.0,62.83,55.28,56.82,3.83
5346948499_5401631423_0,62.0,63.19,51.34,55.28,1.19
5346948499_1094360498_0,62.0,62.3,51.59,54.8,0.3
5346954184_5345118961_0,59.0,65.01,58.95,60.2,6.01
5346954184_1472993474_0,65.0,64.98,62.41,61.65,-0.02
5346954184_607644089_0,65.0,68.35,64.55,62.5,3.35
5346954184_1512110786_0,59.0,65.03,62.46,62.7,6.03
5401629305_1512110681_0,59.0,63.24,55.12,56.64,4.24
5401629305_5401629306_0,62.0,63.96,54.14,56.44,1.96
5401629306_1130908720_0,62.0,62.99,50.69,56.87,0.99
5401629314_5346948498_0,59.0,63.63,55.11,57.47,4.63
5401629314_1512110681_0,60.0,61.93,52.73,56.42,1.93
5401629314_8665045217_0,54.0,61.79,54.63,55.1,7.79
5401631423_5346948499_0,62.0,63.19,51.34,55.28,1.19
5401631423_5346948498_0,62.0,62.1,49.93,54.98,0.1
5401631423_1105149745_0,62.0,61.16,55.34,55.2,-0.84
5531281610_3088105135_0,70.0,55.29,34.04,44.35,-14.71
5772379239_5772382726_0,70.0,74.49,63.6,57.35,4.49
5772379239_5772382686_0,70.0,95.02,61.81,53.65,25.02
5772382686_242926973_0,70.0,95.41,56.84,53.7,25.41
5772382696_5772382717_0,70.0,95.99,57.05,53.95,25.99
5772382696_2221700312_0,70.0,93.42,57.66,54.45,23.42
5772382701_5772379239_0,70.0,92.35,60.46,53.7,22.35
5772382701_5772382686_0,70.0,92.46,57.36,54.3,22.46
5772382717_2221700312_0,70.0,93.44,57.44,54.45,23.44
5772382717_2221700286_0,70.0,96.11,57.05,54.0,26.11
5772382718_2221700286_0,70.0,96.42,63.24,68.85,26.42
5772382718_2221700167_0,70.0,96.5,62.75,55.85,26.5
5772382726_214924708_0,70.0,70.18,54.38,55.25,0.18
5772382726_5772379239_0,70.0,74.49,63.6,57.35,4.49
6289097043_1092263787_0,59.0,55.77,57.79,54.65,-3.23
6315715531_6315715532_0,70.0,53.76,46.39,47.37,-16.24
6315715532_4469422088_0,70.0,54.08,45.26,47.52,-15.92
6315715532_8569349879_0,70.0,54.11,48.47,47.17,-15.89
6315715548_2383446364_0,70.0,53.13,46.97,47.42,-16.87
6315715548_206378333_0,68.0,52.35,46.58,46.67,-15.65
6447291071_1094077933_0,55.0,57.64,53.5,56.18,2.64
6447291071_1091842257_0,55.0,56.88,56.26,56.25,1.88
6447291071_6447291072_0,54.0,56.49,58.83,55.1,2.49
6447291072_6447291071_0,54.0,56.49,58.83,55.1,2.49
7839120968_7839120969_0,59.0,59.39,46.52,52.5,0.39
7839120968_1200015410_0,63.0,61.16,50.04,54.75,-1.84
7839120969_409128578_0,63.0,59.95,54.08,54.88,-3.05
8119286345_10207412148_0,59.0,56.68,54.18,55.45,-2.32
8119286345_10207412150_0,59.0,56.65,54.34,54.95,-2.35
8426609760_1562259320_0,60.0,53.47,57.64,53.55,-6.53
8569349879_3088105221_0,70.0,54.06,37.29,44.49,-15.94
8569349879_8569349889_0,70.0,55.06,37.97,44.54,-14.94
8569349889_3088102830_0,70.0,55.37,44.8,47.37,-14.63
8665045217_5401629314_0,54.0,61.79,54.63,55.1,7.79
8706350395_1145657870_0,46.0,50.38,52.11,52.8,4.38
9450392714_4353325946_0,70.0,66.57,42.61,57.4,-3.43
9450392714_4346548521_0,70.0,61.07,41.4,47.82,-8.93
9959380164_2987193084_0,68.0,60.77,56.64,63.1,-7.23
10093451976_1672512394_0,59.0,59.15,50.13,56.0,0.15
10093451976_10093506076_0,59.0,58.3,49.16,55.75,-0.7
10093451977_10093451976_0,59.0,59.69,54.26,57.75,0.69
10093451977_11423339058_0,59.0,57.15,52.21,56.05,-1.85
10093451978_10093451977_0,69.0,59.42,52.98,57.35,-9.58
10093506076_1129273459_0,59.0,57.45,55.14,56.15,-1.55
10093506076_10207412150_0,59.0,57.76,55.35,56.0,-1.24
10095475579_1243851685_0,57.0,58.41,61.22,56.8,1.41
10098682767_1187729184_0,55.0,64.02,48.5,56.0,9.02
10098682767_1187722485_0,58.0,65.33,47.53,57.1,7.33
10102978853_245936371_0,54.0,52.65,54.64,55.6,-1.35
10102978858_8426609760_0,54.0,52.93,46.05,54.6,-1.07
10102978858_10102978853_0,54.0,53.09,54.15,56.0,-0.91
10102980234_245936353_0,59.0,52.16,56.24,54.2,-6.84
10106993225_1609998009_0,63.0,62.97,51.62,55.95,-0.03
10106993225_1177120098_0,63.0,61.73,53.8,56.1,-1.27
10108109102_728705271_0,60.0,59.22,58.05,59.4,-0.78
10108109102_10108109105_0,60.0,59.77,55.59,57.05,-0.23
10108109103_728705249_0,60.0,60.03,55.56,56.45,0.03
10108109104_728705253_0,60.0,61.38,56.78,56.35,1.38
10108109104_10108109103_0,60.0,59.96,52.83,54.8,-0.04
10108109105_10108109106_0,60.0,60.35,58.51,57.1,0.35
10108109106_728705264_0,60.0,59.8,45.96,55.5,-0.2
10108109106_10108109104_0,60.0,60.37,57.56,56.8,0.37
10185494293_11382809945_0,68.0,60.84,54.88,63.25,-7.16
10185494293_2987193088_0,68.0,61.46,57.55,62.2,-6.54
10185494294_10185494295_0,68.0,60.09,58.45,62.6,-7.91
10185494294_10207412156_0,59.0,58.79,57.41,60.2,-0.21
10185494295_10207349882_0,68.0,60.79,61.16,63.05,-7.21
10185494295_211321896_0,68.0,61.59,58.69,62.65,-6.41
10207349882_2987193088_0,68.0,61.47,60.76,63.05,-6.53
10207374170_10840344511_0,59.0,60.92,58.23,63.45,1.92
10207374174_10840344509_0,59.0,58.82,51.12,57.65,-0.18
10207374174_12346156720_0,59.0,57.05,49.38,58.2,-1.95
10207374186_10207374193_0,59.0,64.1,54.28,60.15,5.1
10207374193_10207412147_0,59.0,59.83,52.64,58.4,0.83
10207374193_10207374196_0,59.0,63.41,52.38,59.85,4.41
10207374196_10207412117_0,59.0,62.27,49.67,57.65,3.27
10207374196_10207412133_0,59.0,62.33,50.0,59.5,3.33
10207374206_1243851777_0,62.0,63.81,55.13,60.7,1.81
10207374206_10207374186_0,59.0,62.63,50.72,59.65,3.63
10207412117_10207412127_0,59.0,62.92,40.06,57.5,3.92
10207412127_10840344508_0,59.0,60.59,47.9,57.75,1.59
10207412127_10840344521_0,59.0,62.05,39.31,57.45,3.05
10207412133_10207374206_0,59.0,62.44,50.05,59.8,3.44
10207412137_10207412133_0,59.0,61.41,48.19,56.9,2.41
10207412137_10207412117_0,59.0,61.92,38.51,56.9,2.92
10207412147_12346112890_0,59.0,56.11,52.47,54.7,-2.89
10207412147_10207412148_0,59.0,56.85,54.05,55.55,-2.15
10207412147_10207374193_0,59.0,59.83,52.64,58.4,0.83
10207412147_12346156720_0,59.0,57.04,51.91,57.35,-1.96
10207412148_8119286345_0,59.0,56.68,54.18,55.45,-2.32
10207412148_10207412147_0,59.0,56.85,54.05,55.55,-2.15
10207412150_11423339059_0,59.0,55.12,53.32,55.0,-3.88
10207412150_10093506076_0,59.0,57.76,55.35,56.0,-1.24
10207412151_10207374170_0,59.0,60.45,51.47,60.5,1.45
10207412153_12346156720_0,59.0,55.27,54.59,57.1,-3.73
10207412154_12346156720_0,59.0,55.28,53.87,57.15,-3.72
10207412154_10207412148_0,59.0,54.9,52.01,55.6,-4.1
10207412156_11382809938_0,68.0,59.02,59.4,60.35,-8.98
10207412160_10207374170_0,59.0,57.3,53.46,59.85,-1.7
10840344508_10207374174_0,59.0,58.82,49.79,57.85,-0.18
10840344509_13055947328_0,59.0,56.0,51.67,58.62,-3.0
10840344509_10840344510_0,59.0,58.88,49.13,57.6,-0.12
10840344510_10207412151_0,59.0,59.33,47.43,57.7,0.33
10840344510_10840344519_0,59.0,59.45,47.61,57.75,0.45
10840344511_10185494293_0,68.0,61.83,58.37,62.6,-6.17
10840344519_10840344528_0,59.0,59.59,48.91,57.75,0.59
10840344521_10207412137_0,59.0,61.89,38.12,56.7,2.89
10840344525_11275922906_0,59.0,60.13,45.35,57.3,1.13
10840344528_10840344525_0,59.0,59.27,48.12,57.65,0.27
10840344528_10840344508_0,59.0,59.39,48.55,57.8,0.39
11275922906_10840344521_0,59.0,60.85,43.76,57.35,1.85
11382809938_2187119246_0,68.0,59.74,56.24,59.55,-8.26
11382809938_11382809942_0,59.0,56.91,55.85,59.05,-2.09
11382809941_10207412151_0,59.0,56.14,48.59,58.08,-2.86
11382809941_13055947328_0,59.0,55.46,48.58,55.78,-3.54
11382809942_12346156730_0,59.0,57.17,53.64,56.35,-1.83
11382809942_11382809941_0,59.0,56.1,47.73,55.28,-2.9
11382809945_10185494294_0,68.0,61.09,59.79,62.7,-6.91
11382809945_10207412160_0,59.0,57.46,52.86,59.3,-1.54
11382810675_1672512245_0,64.0,66.19,46.99,57.55,2.19
11382810675_11382810677_0,64.0,67.21,57.02,59.25,3.21
11382810677_4223738578_0,68.0,66.92,57.02,59.0,-1.08
11382810677_4223738581_0,68.0,67.52,57.97,59.4,-0.48
11382810685_1672512233_0,64.0,71.62,64.58,62.25,7.62
11382810685_4223738581_0,64.0,71.95,62.34,62.35,7.95
11382810685_11382810690_0,64.0,67.02,54.4,58.95,3.02
11382810690_1672512233_0,59.0,67.51,52.53,58.5,8.51
11387988431_242925495_0,70.0,97.19,62.39,62.4,27.19
11387988431_473481292_0,70.0,89.71,59.73,60.48,19.71
11423339058_11423339059_0,59.0,55.95,46.13,54.98,-3.05
11423339058_11382809942_0,59.0,57.24,52.28,56.3,-1.76
11423339059_11382809941_0,59.0,55.21,49.37,55.58,-3.79
12180995969_12180995971_0,68.0,65.54,41.85,55.85,-2.46
12180995969_245491682_0,68.0,65.18,41.6,55.05,-2.82
12180995970_12180995969_0,68.0,65.16,42.3,56.1,-2.84
12180995970_243494597_0,68.0,68.0,42.59,55.9,0.0
12180995971_245491682_0,68.0,71.75,45.24,55.8,3.75
12180995971_245491716_0,68.0,73.09,43.27,55.46,5.09
12180995976_4346548521_0,70.0,59.11,30.75,44.35,-10.89
12180995976_9450392714_0,70.0,61.17,41.4,47.62,-8.83
12181435186_1096507245_0,55.0,61.93,48.69,56.9,6.93
12181435188_1177157035_0,54.0,60.83,47.25,56.0,6.83
12181435188_12181435186_0,54.0,62.02,44.65,56.5,8.02
12346112890_12346112890_0,59.0,55.55,42.78,48.84,-3.45
12346112890_12346112890_1,59.0,55.55,42.78,48.84,-3.45
12346112890_10207412147_0,59.0,56.11,52.47,54.7,-2.89
12346156720_10207412153_0,59.0,55.27,54.59,57.1,-3.73
12346156720_10207374174_0,59.0,57.05,49.38,58.2,-1.95
12346156720_10207412147_0,59.0,57.04,51.91,57.35,-1.96
12346156730_10207412160_0,59.0,56.98,48.67,56.65,-2.02
12346156730_10207412156_0,59.0,56.92,55.48,59.6,-2.08
12463364889_1200028693_0,73.0,61.97,53.89,52.75,-11.03
13055947328_10207412154_0,59.0,55.42,54.11,56.18,-3.58
13055947328_8119286345_0,59.0,55.48,53.68,56.35,-3.52
